date,Positive,Positive (low),Positive (high),Negative,Negative (low),Negative (high),Positive (poll),Negative (poll)
2019-07-22,36.66,34.09,39.17,40.89,36.31,45.37,31.0,58.0
2019-07-23,36.7,34.14,39.18,40.96,36.35,45.35,,
2019-07-24,36.73,34.19,39.18,41.04,36.4,45.32,,
2019-07-25,36.76,34.25,39.17,41.12,36.52,45.28,,
2019-07-26,36.78,34.3,39.16,41.19,36.58,45.24,31.0,43.0
2019-07-27,36.81,34.34,39.16,41.27,36.72,45.2,38.0,32.0
2019-07-28,36.83,34.38,39.15,41.36,36.84,45.2,,
2019-07-29,36.84,34.42,39.14,41.44,36.98,45.25,,
2019-07-30,36.86,34.46,39.14,41.52,37.11,45.29,31.0,38.0
2019-07-31,36.87,34.5,39.13,41.6,37.24,45.31,,
2019-08-01,36.88,34.54,39.12,41.68,37.37,45.31,,
2019-08-02,36.89,34.58,39.12,41.76,37.51,45.41,,
2019-08-03,36.89,34.6,39.12,41.84,37.62,45.46,,
2019-08-04,36.9,34.61,39.12,41.91,37.77,45.52,,
2019-08-05,36.9,34.63,39.11,41.99,37.89,45.62,,
2019-08-06,36.91,34.66,39.08,42.06,38.01,45.71,,
2019-08-07,36.91,34.69,39.05,42.13,38.13,45.79,,
2019-08-08,36.91,34.71,39.01,42.2,38.23,45.86,40.0,34.0
2019-08-09,36.91,34.74,38.98,42.26,38.26,45.91,40.0,34.0
2019-08-10,36.91,34.77,38.94,42.32,38.38,45.95,,
2019-08-11,36.92,34.8,38.92,42.38,38.5,45.98,,
2019-08-12,36.92,34.83,38.9,42.44,38.62,46.01,,
2019-08-13,36.93,34.85,38.88,42.49,38.79,46.03,,
2019-08-14,36.94,34.88,38.88,42.55,38.92,46.05,,
2019-08-15,36.95,34.91,38.85,42.59,38.97,46.06,,
2019-08-16,36.96,34.94,38.82,42.64,39.05,46.1,,
2019-08-17,36.97,34.97,38.82,42.68,39.15,46.14,,
2019-08-18,36.99,35.02,38.83,42.72,39.25,46.14,,
2019-08-19,37.01,35.07,38.86,42.76,39.33,46.14,,
2019-08-20,37.04,35.12,38.88,42.8,39.42,46.12,,
2019-08-21,37.07,35.17,38.91,42.83,39.5,46.1,,
2019-08-22,37.1,35.22,38.93,42.86,39.58,46.07,,
2019-08-23,37.14,35.28,38.97,42.89,39.66,46.06,41.0,36.0
2019-08-24,37.17,35.34,39.0,42.92,39.73,46.06,,
2019-08-25,37.22,35.4,39.03,42.95,39.81,46.07,,
2019-08-26,37.26,35.47,39.07,42.97,39.88,46.08,,
2019-08-27,37.31,35.54,39.11,42.99,39.96,46.08,,
2019-08-28,37.37,35.63,39.15,43.02,40.03,46.07,,
2019-08-29,37.43,35.69,39.19,43.04,40.1,46.07,38.0,44.0
2019-08-30,37.49,35.76,39.25,43.06,40.17,46.0,41.0,35.0
2019-08-31,37.55,35.83,39.32,43.08,40.28,45.87,48.0,42.0
2019-09-01,37.62,35.9,39.38,43.1,40.39,45.78,,
2019-09-02,37.69,35.98,39.45,43.12,40.46,45.75,,
2019-09-03,37.76,36.1,39.5,43.15,40.52,45.68,,
2019-09-04,37.83,36.18,39.56,43.17,40.64,45.64,,
2019-09-05,37.91,36.26,39.64,43.19,40.77,45.6,,
2019-09-06,37.99,36.35,39.68,43.21,40.82,45.59,,
2019-09-07,38.07,36.45,39.72,43.24,40.88,45.56,,
2019-09-08,38.15,36.53,39.8,43.27,40.96,45.55,,
2019-09-09,38.23,36.66,39.86,43.3,41.03,45.56,,
2019-09-10,38.31,36.75,39.96,43.33,41.1,45.57,,
2019-09-11,38.39,36.83,40.04,43.37,41.18,45.59,,
2019-09-12,38.47,36.92,40.1,43.41,41.27,45.64,,
2019-09-13,38.55,37.01,40.15,43.46,41.36,45.66,,
2019-09-14,38.63,37.1,40.2,43.5,41.46,45.7,,
2019-09-15,38.7,37.19,40.24,43.55,41.54,45.75,,
2019-09-16,38.78,37.28,40.32,43.61,41.66,45.81,36.0,55.0
2019-09-17,38.85,37.38,40.38,43.67,41.76,45.85,38.0,54.0
2019-09-18,38.92,37.48,40.44,43.73,41.86,45.84,,
2019-09-19,38.98,37.56,40.52,43.79,41.97,45.9,,
2019-09-20,39.05,37.64,40.58,43.86,42.03,45.95,,
2019-09-21,39.11,37.74,40.55,43.93,42.07,45.99,,
2019-09-22,39.17,37.8,40.59,44.01,42.17,46.11,,
2019-09-23,39.22,37.88,40.62,44.09,42.26,46.13,,
2019-09-24,39.27,37.93,40.66,44.17,42.38,46.2,,
2019-09-25,39.32,37.98,40.69,44.25,42.53,46.24,,
2019-09-26,39.36,37.99,40.72,44.34,42.62,46.33,,
2019-09-27,39.4,38.0,40.73,44.42,42.73,46.39,33.5,51.5
2019-09-28,39.44,38.0,40.75,44.51,42.82,46.53,,
2019-09-29,39.47,38.01,40.77,44.6,42.91,46.64,,
2019-09-30,39.49,38.02,40.79,44.7,43.01,46.83,,
2019-10-01,39.51,38.01,40.79,44.79,43.15,46.9,,
2019-10-02,39.53,38.0,40.8,44.88,43.2,46.95,,
2019-10-03,39.54,37.99,40.8,44.97,43.28,47.03,,
2019-10-04,39.55,37.99,40.8,45.06,43.37,47.19,37.0,43.0
2019-10-05,39.56,37.98,40.79,45.15,43.45,47.26,,
2019-10-06,39.56,37.97,40.82,45.23,43.54,47.4,,
2019-10-07,39.56,37.97,40.78,45.32,43.61,47.57,,
2019-10-08,39.56,37.95,40.75,45.4,43.7,47.64,,
2019-10-09,39.55,37.93,40.72,45.48,43.77,47.71,,
2019-10-10,39.54,37.9,40.71,45.56,43.86,47.77,,
2019-10-11,39.54,37.88,40.71,45.63,43.94,47.86,33.0,43.0
2019-10-12,39.52,37.85,40.73,45.7,44.02,47.95,,
2019-10-13,39.51,37.83,40.7,45.77,44.09,48.04,,
2019-10-14,39.5,37.8,40.72,45.83,44.15,48.12,,
2019-10-15,39.49,37.77,40.73,45.89,44.21,48.2,,
2019-10-16,39.47,37.75,40.72,45.95,44.28,48.28,,
2019-10-17,39.46,37.72,40.72,46.0,44.32,48.36,40.0,41.0
2019-10-18,39.45,37.69,40.73,46.06,44.35,48.44,,
2019-10-19,39.43,37.66,40.72,46.11,44.36,48.5,,
2019-10-20,39.42,37.64,40.71,46.15,44.37,48.57,,
2019-10-21,39.41,37.63,40.69,46.2,44.38,48.64,,
2019-10-22,39.4,37.61,40.67,46.24,44.41,48.7,,
2019-10-23,39.39,37.59,40.66,46.27,44.44,48.72,,
2019-10-24,39.38,37.58,40.64,46.31,44.47,48.72,,
2019-10-25,39.37,37.57,40.64,46.34,44.49,48.72,40.0,38.0
2019-10-26,39.36,37.56,40.63,46.37,44.51,48.73,46.0,44.0
2019-10-27,39.35,37.55,40.67,46.4,44.55,48.8,,
2019-10-28,39.35,37.54,40.71,46.42,44.58,48.86,46.0,44.0
2019-10-29,39.34,37.53,40.73,46.44,44.59,48.87,,
2019-10-30,39.34,37.52,40.72,46.46,44.58,48.89,,
2019-10-31,39.34,37.52,40.72,46.48,44.6,48.91,38.0,42.0
2019-11-01,39.33,37.51,40.72,46.5,44.61,48.93,39.0,42.0
2019-11-02,39.33,37.51,40.73,46.51,44.6,48.97,48.0,46.0
2019-11-03,39.33,37.51,40.73,46.53,44.61,49.0,,
2019-11-04,39.33,37.49,40.73,46.54,44.61,49.03,,
2019-11-05,39.34,37.51,40.72,46.55,44.61,49.06,,
2019-11-06,39.34,37.51,40.72,46.55,44.6,49.09,,
2019-11-07,39.34,37.5,40.74,46.56,44.62,49.14,37.0,40.0
2019-11-08,39.35,37.5,40.75,46.56,44.61,49.19,41.5,45.5
2019-11-09,39.36,37.49,40.75,46.57,44.59,49.24,,
2019-11-10,39.36,37.49,40.77,46.57,44.57,49.24,,
2019-11-11,39.37,37.49,40.78,46.57,44.56,49.24,,
2019-11-12,39.38,37.49,40.78,46.57,44.54,49.23,43.0,49.0
2019-11-13,39.39,37.49,40.79,46.57,44.53,49.22,,
2019-11-14,39.4,37.5,40.8,46.57,44.52,49.21,39.0,42.0
2019-11-15,39.41,37.5,40.81,46.57,44.51,49.21,,
2019-11-16,39.42,37.5,40.81,46.57,44.5,49.21,49.0,45.0
2019-11-17,39.43,37.5,40.82,46.57,44.5,49.21,,
2019-11-18,39.44,37.5,40.83,46.57,44.5,49.22,,
2019-11-19,39.46,37.5,40.83,46.57,44.49,49.23,,
2019-11-20,39.47,37.5,40.85,46.57,44.48,49.24,,
2019-11-21,39.48,37.5,40.89,46.57,44.48,49.26,38.0,38.0
2019-11-22,39.49,37.5,40.92,46.58,44.47,49.27,32.5,60.5
2019-11-23,39.5,37.5,40.96,46.59,44.47,49.29,42.0,52.0
2019-11-24,39.52,37.5,40.99,46.59,44.47,49.3,,
2019-11-25,39.53,37.51,41.02,46.6,44.47,49.31,,
2019-11-26,39.54,37.52,41.06,46.61,44.48,49.32,,
2019-11-27,39.55,37.55,41.08,46.63,44.48,49.34,,
2019-11-28,39.56,37.57,41.11,46.64,44.49,49.36,36.0,43.0
2019-11-29,39.57,37.59,41.13,46.66,44.5,49.38,38.0,39.0
2019-11-30,39.58,37.59,41.16,46.68,44.52,49.4,49.0,47.0
2019-12-01,39.58,37.59,41.18,46.69,44.53,49.43,,
2019-12-02,39.59,37.58,41.2,46.71,44.54,49.46,,
2019-12-03,39.6,37.58,41.22,46.74,44.55,49.49,36.0,56.0
2019-12-04,39.6,37.56,41.24,46.76,44.55,49.53,36.0,56.0
2019-12-05,39.61,37.55,41.25,46.78,44.56,49.57,38.0,40.0
2019-12-06,39.61,37.53,41.27,46.81,44.57,49.6,38.0,51.0
2019-12-07,39.61,37.51,41.3,46.83,44.58,49.62,45.0,48.0
2019-12-08,39.61,37.5,41.3,46.86,44.59,49.64,,
2019-12-09,39.62,37.5,41.32,46.88,44.59,49.66,,
2019-12-10,39.61,37.5,41.34,46.91,44.6,49.69,33.0,47.0
2019-12-11,39.61,37.5,41.36,46.94,44.61,49.71,33.0,47.0
2019-12-12,39.61,37.49,41.37,46.97,44.63,49.73,,
2019-12-13,39.61,37.49,41.38,46.99,44.66,49.75,,
2019-12-14,39.6,37.47,41.39,47.02,44.7,49.74,41.0,52.0
2019-12-15,39.6,37.45,41.4,47.05,44.73,49.73,,
2019-12-16,39.59,37.43,41.41,47.08,44.77,49.72,,
2019-12-17,39.58,37.42,41.41,47.11,44.8,49.76,,
2019-12-18,39.57,37.42,41.42,47.13,44.83,49.81,,
2019-12-19,39.56,37.42,41.43,47.16,44.86,49.86,,
2019-12-20,39.55,37.39,41.43,47.19,44.88,49.89,,
2019-12-21,39.54,37.36,41.44,47.21,44.86,49.9,,
2019-12-22,39.53,37.33,41.45,47.24,44.84,49.91,,
2019-12-23,39.52,37.3,41.45,47.26,44.82,49.92,,
2019-12-24,39.51,37.28,41.46,47.28,44.84,49.94,,
2019-12-25,39.5,37.26,41.46,47.3,44.88,49.98,,
2019-12-26,39.49,37.24,41.48,47.32,44.91,50.04,,
2019-12-27,39.48,37.23,41.52,47.34,44.87,50.07,,
2019-12-28,39.47,37.22,41.51,47.35,44.84,50.11,,
2019-12-29,39.46,37.23,41.5,47.36,44.8,50.14,,
2019-12-30,39.45,37.25,41.5,47.37,44.76,50.18,,
2019-12-31,39.45,37.27,41.51,47.37,44.74,50.21,,
2020-01-01,39.45,37.3,41.52,47.37,44.7,50.24,,
2020-01-02,39.45,37.33,41.53,47.37,44.63,50.25,,
2020-01-03,39.45,37.32,41.54,47.36,44.62,50.26,,
2020-01-04,39.46,37.32,41.55,47.35,44.6,50.21,,
2020-01-05,39.47,37.35,41.57,47.33,44.59,50.2,,
2020-01-06,39.48,37.4,41.58,47.31,44.58,50.24,,
2020-01-07,39.5,37.45,41.61,47.28,44.6,50.25,,
2020-01-08,39.53,37.49,41.64,47.24,44.55,50.18,,
2020-01-09,39.56,37.51,41.66,47.19,44.49,50.12,,
2020-01-10,39.59,37.54,41.66,47.14,44.44,50.05,,
2020-01-11,39.64,37.59,41.68,47.08,44.4,50.01,,
2020-01-12,39.69,37.64,41.72,47.01,44.35,49.94,,
2020-01-13,39.75,37.69,41.77,46.92,44.31,49.85,,
2020-01-14,39.82,37.75,41.82,46.83,44.29,49.76,,
2020-01-15,39.9,37.79,41.88,46.73,44.23,49.64,,
2020-01-16,39.99,37.87,41.97,46.62,44.12,49.42,,
2020-01-17,40.09,38.03,42.07,46.5,44.04,49.14,,
2020-01-18,40.19,38.13,42.2,46.36,43.94,48.95,,
2020-01-19,40.31,38.21,42.33,46.21,43.76,48.9,,
2020-01-20,40.44,38.37,42.49,46.05,43.64,48.75,,
2020-01-21,40.58,38.54,42.6,45.88,43.47,48.47,,
2020-01-22,40.73,38.73,42.68,45.7,43.3,48.22,,
2020-01-23,40.89,38.88,42.79,45.51,43.14,47.94,,
2020-01-24,41.06,38.91,42.89,45.3,42.97,47.77,,
2020-01-25,41.24,39.1,43.04,45.09,42.78,47.53,,
2020-01-26,41.43,39.3,43.27,44.87,42.61,47.32,,
2020-01-27,41.63,39.52,43.43,44.63,42.43,47.08,,
2020-01-28,41.83,39.75,43.58,44.39,42.23,46.69,,
2020-01-29,42.05,39.91,43.81,44.14,42.03,46.51,,
2020-01-30,42.27,40.06,44.05,43.89,41.81,46.31,,
2020-01-31,42.51,40.21,44.32,43.62,41.37,46.06,,
2020-02-01,42.74,40.38,44.59,43.36,41.13,45.7,47.0,44.0
2020-02-02,42.99,40.59,44.95,43.08,40.77,45.41,,
2020-02-03,43.23,40.84,45.28,42.81,40.45,45.18,,
2020-02-04,43.48,41.2,45.58,42.54,40.23,44.94,,
2020-02-05,43.73,41.41,45.88,42.26,39.98,44.72,,
2020-02-06,43.98,41.65,46.2,41.99,39.55,44.5,,
2020-02-07,44.23,41.88,46.46,41.72,39.13,44.29,,
2020-02-08,44.48,42.11,46.76,41.45,38.74,44.03,,
2020-02-09,44.72,42.38,47.09,41.19,38.4,43.79,,
2020-02-10,44.97,42.68,47.42,40.93,38.06,43.55,,
2020-02-11,45.21,42.85,47.78,40.68,37.67,43.33,,
2020-02-12,45.45,43.07,48.13,40.43,37.35,43.13,,
2020-02-13,45.69,43.47,48.45,40.18,37.02,42.92,44.0,36.0
2020-02-14,45.92,43.64,48.74,39.95,36.78,42.66,,
2020-02-15,46.14,43.8,49.0,39.72,36.55,42.45,,
2020-02-16,46.36,44.03,49.33,39.5,36.32,42.25,,
2020-02-17,46.57,44.2,49.61,39.28,36.1,42.05,,
2020-02-18,46.78,44.41,49.92,39.08,35.9,41.85,,
2020-02-19,46.97,44.63,50.13,38.89,35.67,41.66,,
2020-02-20,47.16,44.85,50.33,38.7,35.42,41.47,,
2020-02-21,47.34,45.06,50.5,38.52,35.25,41.28,,
2020-02-22,47.52,45.2,50.69,38.35,35.03,41.1,,
2020-02-23,47.69,45.34,50.88,38.18,34.83,40.93,,
2020-02-24,47.86,45.49,51.05,38.02,34.64,40.76,,
2020-02-25,48.02,45.63,51.22,37.86,34.49,40.62,,
2020-02-26,48.18,45.77,51.38,37.71,34.37,40.49,,
2020-02-27,48.33,45.91,51.53,37.57,34.29,40.37,,
2020-02-28,48.47,46.03,51.67,37.43,34.2,40.27,,
2020-02-29,48.62,46.18,51.8,37.29,34.09,40.14,34.0,47.0
2020-03-01,48.75,46.31,51.93,37.16,33.99,40.0,,
2020-03-02,48.89,46.43,51.99,37.04,33.89,39.87,,
2020-03-03,49.01,46.53,52.08,36.92,33.79,39.75,,
2020-03-04,49.14,46.64,52.23,36.8,33.71,39.6,43.5,46.0
2020-03-05,49.25,46.75,52.37,36.68,33.62,39.47,,
2020-03-06,49.37,46.83,52.51,36.57,33.54,39.34,,
2020-03-07,49.48,46.92,52.62,36.47,33.47,39.22,,
2020-03-08,49.58,47.02,52.74,36.37,33.42,39.09,,
2020-03-09,49.68,47.12,52.85,36.27,33.33,38.97,,
2020-03-10,49.77,47.22,52.95,36.17,33.26,38.88,,
2020-03-11,49.86,47.32,53.04,36.09,33.2,38.8,,
2020-03-12,49.94,47.41,53.12,36.0,33.15,38.7,43.0,41.0
2020-03-13,50.02,47.49,53.17,35.92,33.1,38.6,,
2020-03-14,50.09,47.58,53.17,35.84,33.06,38.5,,
2020-03-15,50.16,47.66,53.2,35.77,33.01,38.4,,
2020-03-16,50.22,47.75,53.25,35.7,32.98,38.3,,
2020-03-17,50.28,47.83,53.29,35.64,32.96,38.21,43.0,46.0
2020-03-18,50.33,47.92,53.32,35.58,32.93,38.12,,
2020-03-19,50.38,48.0,53.35,35.53,32.9,38.04,,
2020-03-20,50.42,48.07,53.37,35.48,32.88,37.97,,
2020-03-21,50.46,48.15,53.36,35.44,32.86,37.89,,
2020-03-22,50.5,48.16,53.35,35.4,32.85,37.82,55.0,35.0
2020-03-23,50.53,48.22,53.31,35.36,32.84,37.76,,
2020-03-24,50.55,48.26,53.27,35.33,32.83,37.73,,
2020-03-25,50.57,48.3,53.24,35.31,32.86,37.7,,
2020-03-26,50.59,48.31,53.24,35.29,32.84,37.68,55.0,26.0
2020-03-27,50.6,48.34,53.24,35.28,32.84,37.63,,
2020-03-28,50.6,48.34,53.15,35.27,32.85,37.55,,
2020-03-29,50.61,48.33,53.05,35.26,32.92,37.53,,
2020-03-30,50.6,48.32,52.95,35.26,32.94,37.52,,
2020-03-31,50.6,48.31,52.9,35.26,32.95,37.51,,
2020-04-01,50.59,48.3,52.89,35.27,32.97,37.51,54.0,37.0
2020-04-02,50.58,48.29,52.88,35.28,33.0,37.51,51.0,26.0
2020-04-03,50.56,48.27,52.86,35.29,33.02,37.51,,
2020-04-04,50.54,48.27,52.84,35.3,33.05,37.51,,
2020-04-05,50.52,48.25,52.82,35.32,33.09,37.52,,
2020-04-06,50.5,48.27,52.79,35.34,33.12,37.54,,
2020-04-07,50.47,48.31,52.76,35.36,33.14,37.55,,
2020-04-08,50.45,48.27,52.68,35.38,33.15,37.57,,
2020-04-09,50.42,48.19,52.65,35.41,33.18,37.58,,
2020-04-10,50.39,48.16,52.63,35.43,33.22,37.57,,
2020-04-11,50.36,48.15,52.6,35.46,33.26,37.54,51.0,31.0
2020-04-12,50.33,48.13,52.56,35.48,33.34,37.51,66.0,26.0
2020-04-13,50.29,48.12,52.47,35.51,33.42,37.51,,
2020-04-14,50.26,48.11,52.39,35.54,33.45,37.53,,
2020-04-15,50.22,48.09,52.3,35.57,33.52,37.48,,
2020-04-16,50.18,48.08,52.21,35.6,33.58,37.51,55.0,27.0
2020-04-17,50.15,48.07,52.13,35.63,33.66,37.5,,
2020-04-18,50.11,48.06,52.1,35.66,33.74,37.53,,
2020-04-19,50.06,48.05,52.08,35.69,33.75,37.51,,
2020-04-20,50.02,48.02,52.05,35.72,33.81,37.56,,
2020-04-21,49.98,47.97,52.04,35.75,33.85,37.62,58.0,38.0
2020-04-22,49.93,47.9,52.02,35.78,33.87,37.67,49.0,31.0
2020-04-23,49.89,47.87,52.0,35.82,33.91,37.71,67.0,29.0
2020-04-24,49.84,47.82,51.97,35.85,33.94,37.76,,
2020-04-25,49.79,47.77,51.94,35.89,33.97,37.81,,
2020-04-26,49.73,47.72,51.9,35.92,34.03,37.85,,
2020-04-27,49.68,47.66,51.86,35.96,34.1,37.86,61.0,22.0
2020-04-28,49.62,47.61,51.82,36.0,34.15,37.87,,
2020-04-29,49.56,47.55,51.77,36.03,34.18,37.89,,
2020-04-30,49.5,47.5,51.72,36.08,34.21,37.92,51.0,31.0
2020-05-01,49.44,47.42,51.65,36.12,34.24,37.97,,
2020-05-02,49.37,47.35,51.55,36.16,34.28,38.01,,
2020-05-03,49.3,47.27,51.48,36.21,34.33,38.04,,
2020-05-04,49.23,47.18,51.4,36.26,34.39,38.06,,
2020-05-05,49.15,47.1,51.32,36.31,34.46,38.09,54.0,38.0
2020-05-06,49.08,47.02,51.25,36.36,34.54,38.13,51.0,31.0
2020-05-07,49.0,46.96,51.18,36.41,34.6,38.16,,
2020-05-08,48.91,46.9,51.1,36.47,34.65,38.19,,
2020-05-09,48.83,46.81,51.0,36.53,34.69,38.23,57.0,35.0
2020-05-10,48.74,46.73,50.89,36.59,34.73,38.27,,
2020-05-11,48.65,46.65,50.79,36.65,34.77,38.33,,
2020-05-12,48.56,46.58,50.67,36.72,34.82,38.4,,
2020-05-13,48.46,46.51,50.56,36.79,34.9,38.46,46.0,36.0
2020-05-14,48.36,46.44,50.44,36.86,34.98,38.52,,
2020-05-15,48.26,46.37,50.32,36.93,35.06,38.58,,
2020-05-16,48.16,46.28,50.23,37.01,35.15,38.64,45.5,34.5
2020-05-17,48.05,46.17,50.14,37.08,35.21,38.7,,
2020-05-18,47.94,46.06,50.04,37.16,35.28,38.77,,
2020-05-19,47.83,45.94,49.94,37.25,35.37,38.83,,
2020-05-20,47.72,45.83,49.83,37.33,35.49,38.91,,
2020-05-21,47.6,45.72,49.72,37.42,35.58,38.98,45.0,39.0
2020-05-22,47.49,45.62,49.6,37.51,35.68,39.05,,
2020-05-23,47.37,45.53,49.48,37.6,35.79,39.13,,
2020-05-24,47.25,45.44,49.36,37.69,35.9,39.21,51.0,34.0
2020-05-25,47.14,45.35,49.23,37.79,36.02,39.3,,
2020-05-26,47.02,45.24,49.1,37.88,36.13,39.38,,
2020-05-27,46.9,45.14,48.96,37.98,36.25,39.47,54.0,44.0
2020-05-28,46.78,45.05,48.82,38.08,36.36,39.57,37.0,42.0
2020-05-29,46.65,44.96,48.68,38.18,36.49,39.66,,
2020-05-30,46.53,44.83,48.52,38.28,36.61,39.76,,
2020-05-31,46.41,44.67,48.35,38.38,36.72,39.85,39.0,43.0
2020-06-01,46.29,44.55,48.22,38.48,36.84,39.91,,
2020-06-02,46.17,44.47,48.06,38.59,36.96,40.0,,
2020-06-03,46.04,44.37,47.89,38.69,37.09,40.05,44.0,42.0
2020-06-04,45.92,44.26,47.72,38.79,37.23,40.14,45.5,44.0
2020-06-05,45.8,44.15,47.55,38.9,37.41,40.23,,
2020-06-06,45.67,44.03,47.43,39.0,37.54,40.3,,
2020-06-07,45.55,43.92,47.32,39.11,37.65,40.36,43.0,50.0
2020-06-08,45.43,43.81,47.18,39.21,37.79,40.43,,
2020-06-09,45.3,43.7,47.06,39.31,37.94,40.52,43.0,40.0
2020-06-10,45.18,43.59,46.94,39.42,38.07,40.63,,
2020-06-11,45.06,43.49,46.81,39.52,38.19,40.74,37.0,43.0
2020-06-12,44.93,43.38,46.66,39.62,38.31,40.84,,
2020-06-13,44.81,43.28,46.51,39.72,38.42,40.92,40.0,38.0
2020-06-14,44.68,43.16,46.37,39.82,38.57,41.0,,
2020-06-15,44.56,43.08,46.25,39.92,38.72,41.09,,
2020-06-16,44.43,42.93,46.1,40.02,38.84,41.16,,
2020-06-17,44.31,42.82,45.96,40.12,38.94,41.23,,
2020-06-18,44.18,42.7,45.81,40.22,39.07,41.3,,
2020-06-19,44.06,42.59,45.65,40.32,39.18,41.4,,
2020-06-20,43.93,42.48,45.55,40.41,39.29,41.48,,
2020-06-21,43.81,42.37,45.44,40.51,39.41,41.55,,
2020-06-22,43.68,42.26,45.28,40.61,39.5,41.64,,
2020-06-23,43.56,42.12,45.14,40.7,39.63,41.72,,
2020-06-24,43.44,42.0,44.98,40.79,39.75,41.82,44.0,39.0
2020-06-25,43.32,41.9,44.83,40.88,39.86,41.86,37.0,43.0
2020-06-26,43.2,41.81,44.66,40.97,39.97,41.93,,
2020-06-27,43.08,41.71,44.52,41.06,40.07,42.03,,
2020-06-28,42.97,41.63,44.4,41.14,40.17,42.15,,
2020-06-29,42.85,41.55,44.23,41.23,40.28,42.22,,
2020-06-30,42.74,41.45,44.12,41.31,40.39,42.28,,
2020-07-01,42.63,41.37,44.01,41.39,40.48,42.37,44.0,37.0
2020-07-02,42.52,41.28,43.89,41.47,40.56,42.46,37.0,44.0
2020-07-03,42.42,41.21,43.78,41.54,40.63,42.57,,
2020-07-04,42.32,41.13,43.63,41.62,40.7,42.66,43.0,42.5
2020-07-05,42.21,41.06,43.51,41.69,40.77,42.73,,
2020-07-06,42.12,40.99,43.4,41.76,40.85,42.8,,
2020-07-07,42.02,40.9,43.31,41.83,40.92,42.85,,
2020-07-08,41.92,40.84,43.19,41.9,41.0,42.9,,
2020-07-09,41.83,40.78,43.09,41.96,41.03,42.99,38.0,42.0
2020-07-10,41.74,40.69,42.99,42.03,41.08,43.05,,
2020-07-11,41.65,40.61,42.91,42.09,41.13,43.11,42.5,41.5
2020-07-12,41.56,40.53,42.81,42.16,41.18,43.18,,
2020-07-13,41.48,40.41,42.71,42.22,41.22,43.3,,
2020-07-14,41.39,40.35,42.61,42.28,41.27,43.35,,
2020-07-15,41.31,40.3,42.51,42.35,41.33,43.39,,
2020-07-16,41.23,40.25,42.42,42.41,41.37,43.5,,
2020-07-17,41.15,40.19,42.33,42.47,41.42,43.56,39.0,43.0
2020-07-18,41.07,40.11,42.23,42.54,41.47,43.64,,
2020-07-19,40.99,40.02,42.13,42.61,41.53,43.72,,
2020-07-20,40.91,39.94,42.02,42.67,41.63,43.82,,
2020-07-21,40.83,39.87,41.9,42.75,41.71,43.91,,
2020-07-22,40.75,39.79,41.81,42.82,41.79,44.02,,
2020-07-23,40.67,39.68,41.7,42.9,41.88,44.15,36.0,45.0
2020-07-24,40.59,39.57,41.63,42.97,41.96,44.3,,
2020-07-25,40.5,39.5,41.54,43.06,42.02,44.39,,
2020-07-26,40.42,39.43,41.45,43.14,42.11,44.45,,
2020-07-27,40.34,39.37,41.34,43.23,42.17,44.49,,
2020-07-28,40.25,39.3,41.26,43.32,42.24,44.57,,
2020-07-29,40.17,39.23,41.17,43.41,42.3,44.66,,
2020-07-30,40.08,39.16,41.08,43.5,42.38,44.77,,
2020-07-31,39.99,39.11,40.99,43.6,42.47,44.89,,
2020-08-01,39.91,39.03,40.89,43.7,42.53,45.02,45.0,45.5
2020-08-02,39.82,38.96,40.8,43.8,42.63,45.14,,
2020-08-03,39.73,38.83,40.71,43.9,42.72,45.25,,
2020-08-04,39.64,38.71,40.62,44.01,42.79,45.36,,
2020-08-05,39.55,38.61,40.52,44.11,42.85,45.52,,
2020-08-06,39.46,38.53,40.43,44.22,42.95,45.69,,
2020-08-07,39.38,38.44,40.33,44.33,43.05,45.86,,
2020-08-08,39.29,38.36,40.27,44.44,43.15,46.04,,
2020-08-09,39.2,38.26,40.2,44.55,43.24,46.21,,
2020-08-10,39.11,38.18,40.08,44.66,43.32,46.38,,
2020-08-11,39.02,38.09,40.03,44.77,43.4,46.49,,
2020-08-12,38.94,38.0,39.97,44.88,43.48,46.6,,
2020-08-13,38.85,37.89,39.89,45.0,43.55,46.68,,
2020-08-14,38.76,37.78,39.84,45.11,43.63,46.82,,
2020-08-15,38.68,37.68,39.75,45.23,43.7,46.93,38.0,39.0
2020-08-16,38.59,37.58,39.67,45.35,43.82,47.04,,
2020-08-17,38.5,37.46,39.62,45.46,43.93,47.14,,
2020-08-18,38.42,37.36,39.55,45.58,44.02,47.31,,
2020-08-19,38.33,37.27,39.49,45.7,44.1,47.37,41.0,39.0
2020-08-20,38.25,37.17,39.44,45.81,44.2,47.53,,
2020-08-21,38.16,37.04,39.38,45.93,44.3,47.69,40.0,44.0
2020-08-22,38.08,36.91,39.32,46.05,44.41,47.8,,
2020-08-23,38.0,36.8,39.25,46.16,44.52,47.91,,
2020-08-24,37.92,36.7,39.2,46.28,44.62,48.01,39.0,38.0
2020-08-25,37.84,36.6,39.13,46.39,44.68,48.15,,
2020-08-26,37.76,36.49,39.05,46.5,44.75,48.33,,
2020-08-27,37.68,36.39,38.98,46.61,44.86,48.44,36.0,44.0
2020-08-28,37.6,36.3,38.94,46.72,44.97,48.52,,
2020-08-29,37.52,36.21,38.89,46.82,45.07,48.64,,
2020-08-30,37.44,36.12,38.81,46.93,45.14,48.77,,
2020-08-31,37.37,36.04,38.72,47.03,45.18,48.91,35.0,57.0
2020-09-01,37.3,35.95,38.63,47.13,45.23,48.99,42.0,39.0
2020-09-02,37.22,35.87,38.54,47.22,45.28,49.08,,
2020-09-03,37.15,35.8,38.47,47.31,45.33,49.18,,
2020-09-04,37.09,35.74,38.42,47.41,45.38,49.3,38.0,46.0
2020-09-05,37.02,35.66,38.37,47.49,45.43,49.42,,
2020-09-06,36.95,35.59,38.32,47.58,45.48,49.54,,
2020-09-07,36.89,35.53,38.27,47.66,45.53,49.67,,
2020-09-08,36.83,35.45,38.22,47.74,45.66,49.77,,
2020-09-09,36.77,35.4,38.16,47.82,45.78,49.84,,
2020-09-10,36.72,35.35,38.11,47.89,45.89,49.91,,
2020-09-11,36.66,35.3,38.06,47.96,46.0,49.98,38.0,44.0
2020-09-12,36.61,35.26,38.01,48.03,46.12,50.04,,
2020-09-13,36.56,35.22,37.96,48.09,46.15,50.1,,
2020-09-14,36.51,35.17,37.91,48.15,46.19,50.15,,
2020-09-15,36.46,35.14,37.86,48.22,46.23,50.2,,
2020-09-16,36.41,35.09,37.81,48.27,46.27,50.27,37.0,45.5
2020-09-17,36.37,35.05,37.76,48.33,46.31,50.33,,
2020-09-18,36.33,35.02,37.72,48.38,46.39,50.39,40.0,54.0
2020-09-19,36.29,34.98,37.66,48.43,46.42,50.45,,
2020-09-20,36.25,34.95,37.6,48.48,46.44,50.49,,
2020-09-21,36.21,34.92,37.55,48.53,46.46,50.53,,
2020-09-22,36.17,34.87,37.49,48.58,46.48,50.57,,
2020-09-23,36.14,34.8,37.43,48.62,46.52,50.59,37.0,44.0
2020-09-24,36.11,34.76,37.38,48.66,46.55,50.62,,
2020-09-25,36.07,34.74,37.32,48.71,46.59,50.64,39.5,50.5
2020-09-26,36.04,34.72,37.27,48.75,46.63,50.69,,
2020-09-27,36.01,34.71,37.21,48.79,46.67,50.74,,
2020-09-28,35.98,34.7,37.18,48.83,46.71,50.79,35.0,57.0
2020-09-29,35.95,34.69,37.15,48.87,46.74,50.85,,
2020-09-30,35.92,34.67,37.11,48.91,46.77,50.9,34.0,55.0
2020-10-01,35.89,34.66,37.09,48.95,46.79,50.95,35.0,46.0
2020-10-02,35.86,34.65,37.04,48.99,46.82,51.01,,
2020-10-03,35.83,34.63,37.0,49.03,46.84,51.07,,
2020-10-04,35.81,34.59,36.96,49.07,46.89,51.12,,
2020-10-05,35.78,34.55,36.93,49.12,46.94,51.18,23.0,62.0
2020-10-06,35.75,34.51,36.89,49.16,47.0,51.25,,
2020-10-07,35.72,34.5,36.85,49.2,47.06,51.3,37.0,44.0
2020-10-08,35.69,34.46,36.83,49.25,47.11,51.3,,
2020-10-09,35.66,34.43,36.81,49.29,47.17,51.33,34.0,46.0
2020-10-10,35.63,34.41,36.79,49.34,47.24,51.35,,
2020-10-11,35.6,34.39,36.75,49.38,47.31,51.37,,
2020-10-12,35.58,34.36,36.69,49.43,47.37,51.4,,
2020-10-13,35.55,34.32,36.66,49.47,47.43,51.41,,
2020-10-14,35.52,34.3,36.63,49.52,47.49,51.41,,
2020-10-15,35.5,34.27,36.62,49.57,47.54,51.43,,
2020-10-16,35.47,34.25,36.61,49.61,47.61,51.46,,
2020-10-17,35.45,34.22,36.58,49.66,47.66,51.48,,
2020-10-18,35.42,34.16,36.55,49.7,47.72,51.5,34.0,43.0
2020-10-19,35.4,34.13,36.53,49.75,47.79,51.51,,
2020-10-20,35.38,34.12,36.5,49.79,47.85,51.61,,
2020-10-21,35.36,34.12,36.48,49.84,47.88,51.7,35.0,45.0
2020-10-22,35.34,34.11,36.46,49.88,47.88,51.79,36.0,55.0
2020-10-23,35.32,34.1,36.44,49.92,47.9,51.82,33.0,47.0
2020-10-24,35.3,34.1,36.42,49.96,47.95,51.86,44.0,51.0
2020-10-25,35.28,34.07,36.41,50.0,48.03,51.89,,
2020-10-26,35.26,34.04,36.41,50.04,48.1,51.92,34.0,59.0
2020-10-27,35.25,34.01,36.39,50.08,48.13,51.95,,
2020-10-28,35.23,33.97,36.34,50.11,48.16,51.99,34.0,50.5
2020-10-29,35.22,33.93,36.32,50.15,48.18,52.03,,
2020-10-30,35.21,33.92,36.33,50.18,48.21,52.09,35.0,57.0
2020-10-31,35.2,33.88,36.34,50.2,48.26,52.1,,
2020-11-01,35.19,33.84,36.35,50.23,48.31,52.15,,
2020-11-02,35.19,33.84,36.36,50.25,48.3,52.22,,
2020-11-03,35.18,33.85,36.35,50.27,48.31,52.3,,
2020-11-04,35.18,33.82,36.32,50.29,48.33,52.36,,
2020-11-05,35.18,33.8,36.35,50.31,48.34,52.39,34.0,48.0
2020-11-06,35.18,33.81,36.35,50.32,48.37,52.42,,
2020-11-07,35.18,33.81,36.37,50.33,48.39,52.39,,
2020-11-08,35.18,33.79,36.4,50.34,48.41,52.38,,
2020-11-09,35.19,33.81,36.42,50.35,48.43,52.4,,
2020-11-10,35.2,33.81,36.44,50.35,48.45,52.4,,
2020-11-11,35.21,33.8,36.44,50.35,48.45,52.39,37.0,44.0
2020-11-12,35.22,33.79,36.44,50.35,48.44,52.39,,
2020-11-13,35.24,33.78,36.46,50.34,48.42,52.39,,
2020-11-14,35.25,33.78,36.49,50.34,48.38,52.34,,
2020-11-15,35.28,33.78,36.5,50.33,48.34,52.29,,
2020-11-16,35.3,33.78,36.48,50.31,48.31,52.26,,
2020-11-17,35.32,33.78,36.5,50.3,48.36,52.24,,
2020-11-18,35.35,33.81,36.54,50.28,48.39,52.21,,
2020-11-19,35.38,33.82,36.56,50.26,48.41,52.16,35.5,45.5
2020-11-20,35.42,33.82,36.61,50.24,48.39,52.13,,
2020-11-21,35.46,33.83,36.66,50.21,48.34,52.1,,
2020-11-22,35.49,33.89,36.68,50.18,48.29,52.12,34.0,58.0
2020-11-23,35.54,33.95,36.74,50.15,48.24,52.07,,
2020-11-24,35.58,33.97,36.8,50.12,48.24,52.06,,
2020-11-25,35.63,33.99,36.84,50.08,48.23,52.06,,
2020-11-26,35.68,34.08,36.9,50.04,48.23,52.06,,
2020-11-27,35.73,34.13,36.96,50.0,48.2,52.04,,
2020-11-28,35.78,34.19,37.02,49.96,48.16,51.99,,
2020-11-29,35.84,34.28,37.08,49.91,48.13,51.95,,
2020-11-30,35.89,34.38,37.15,49.86,48.07,51.89,,
2020-12-01,35.95,34.48,37.2,49.82,48.02,51.84,,
2020-12-02,36.01,34.59,37.27,49.77,47.99,51.8,37.0,47.0
2020-12-03,36.07,34.68,37.33,49.72,47.98,51.74,36.0,44.0
2020-12-04,36.14,34.75,37.4,49.66,47.96,51.68,,
2020-12-05,36.2,34.82,37.46,49.61,47.95,51.63,,
2020-12-06,36.26,34.89,37.51,49.56,47.94,51.54,,
2020-12-07,36.33,34.96,37.58,49.51,47.92,51.41,42.0,50.0
2020-12-08,36.39,35.03,37.65,49.46,47.87,51.39,,
2020-12-09,36.46,35.09,37.72,49.4,47.8,51.3,,
2020-12-10,36.52,35.16,37.78,49.35,47.74,51.26,,
2020-12-11,36.58,35.23,37.83,49.3,47.68,51.22,,
2020-12-12,36.65,35.29,37.89,49.25,47.61,51.18,,
2020-12-13,36.71,35.35,37.96,49.2,47.54,51.15,20.0,64.0
2020-12-14,36.77,35.38,38.02,49.15,47.48,51.11,,
2020-12-15,36.84,35.41,38.07,49.1,47.42,51.07,,
2020-12-16,36.9,35.44,38.14,49.04,47.36,51.02,38.0,44.0
2020-12-17,36.96,35.5,38.2,48.99,47.3,50.97,35.0,56.0
2020-12-18,37.02,35.57,38.26,48.94,47.24,50.92,,
2020-12-19,37.08,35.62,38.32,48.89,47.15,50.84,37.0,56.0
2020-12-20,37.14,35.7,38.37,48.84,47.08,50.75,,
2020-12-21,37.2,35.75,38.43,48.79,47.07,50.66,,
2020-12-22,37.26,35.78,38.48,48.74,47.02,50.59,,
2020-12-23,37.32,35.84,38.54,48.69,46.97,50.5,,
2020-12-24,37.38,35.93,38.59,48.63,46.89,50.46,,
2020-12-25,37.45,36.01,38.64,48.58,46.84,50.42,,
2020-12-26,37.51,36.09,38.69,48.53,46.78,50.4,,
2020-12-27,37.57,36.16,38.74,48.47,46.76,50.36,,
2020-12-28,37.63,36.23,38.79,48.41,46.72,50.29,,
2020-12-29,37.7,36.3,38.84,48.35,46.67,50.21,46.0,49.0
2020-12-30,37.76,36.37,38.88,48.3,46.63,50.13,,
2020-12-31,37.83,36.45,38.92,48.24,46.58,50.05,,
2021-01-01,37.89,36.52,38.98,48.18,46.54,49.96,,
2021-01-02,37.96,36.59,39.06,48.12,46.51,49.87,,
2021-01-03,38.02,36.66,39.16,48.05,46.46,49.77,,
2021-01-04,38.08,36.73,39.24,47.99,46.41,49.67,37.0,54.0
2021-01-05,38.15,36.8,39.31,47.93,46.35,49.57,,
2021-01-06,38.21,36.87,39.4,47.87,46.29,49.47,38.0,44.0
2021-01-07,38.27,36.95,39.48,47.81,46.23,49.41,,
2021-01-08,38.34,37.02,39.52,47.75,46.19,49.31,,
2021-01-09,38.4,37.1,39.55,47.69,46.13,49.25,31.0,49.0
2021-01-10,38.46,37.17,39.64,47.62,46.06,49.19,,
2021-01-11,38.52,37.24,39.68,47.56,46.0,49.13,38.0,42.0
2021-01-12,38.58,37.3,39.75,47.5,45.93,49.07,,
2021-01-13,38.64,37.41,39.83,47.44,45.88,49.01,,
2021-01-14,38.7,37.48,39.92,47.37,45.82,48.94,34.0,49.0
2021-01-15,38.76,37.56,40.0,47.31,45.76,48.88,,
2021-01-16,38.82,37.63,40.06,47.24,45.7,48.81,,
2021-01-17,38.88,37.71,40.1,47.18,45.61,48.67,39.0,55.0
2021-01-18,38.93,37.82,40.13,47.11,45.54,48.54,38.0,40.0
2021-01-19,38.99,37.9,40.17,47.04,45.46,48.45,36.0,55.0
2021-01-20,39.05,37.98,40.22,46.96,45.4,48.37,,
2021-01-21,39.11,38.03,40.28,46.89,45.34,48.29,,
2021-01-22,39.17,38.09,40.34,46.81,45.28,48.21,48.0,47.0
2021-01-23,39.23,38.14,40.4,46.74,45.22,48.15,,
2021-01-24,39.28,38.22,40.46,46.66,45.16,48.09,,
2021-01-25,39.34,38.3,40.52,46.57,45.09,48.02,40.0,38.0
2021-01-26,39.4,38.36,40.58,46.49,44.99,47.95,38.0,53.0
2021-01-27,39.46,38.42,40.63,46.4,44.89,47.89,,
2021-01-28,39.52,38.47,40.69,46.32,44.79,47.82,38.0,46.0
2021-01-29,39.57,38.54,40.74,46.23,44.65,47.74,,
2021-01-30,39.63,38.61,40.79,46.14,44.53,47.68,,
2021-01-31,39.69,38.68,40.9,46.05,44.41,47.6,,
2021-02-01,39.75,38.74,40.97,45.95,44.3,47.52,40.5,45.5
2021-02-02,39.8,38.82,41.01,45.86,44.2,47.44,,
2021-02-03,39.86,38.86,41.05,45.76,44.1,47.35,,
2021-02-04,39.92,38.9,41.09,45.67,44.01,47.2,,
2021-02-05,39.97,38.97,41.16,45.57,43.85,47.09,40.0,43.0
2021-02-06,40.03,39.01,41.22,45.47,43.73,47.02,,
2021-02-07,40.08,39.07,41.29,45.37,43.62,46.94,,
2021-02-08,40.14,39.13,41.34,45.27,43.5,46.84,40.0,46.0
2021-02-09,40.19,39.18,41.38,45.17,43.39,46.73,,
2021-02-10,40.25,39.24,41.42,45.07,43.35,46.63,,
2021-02-11,40.3,39.3,41.47,44.97,43.27,46.57,38.0,44.0
2021-02-12,40.36,39.37,41.52,44.87,43.16,46.51,,
2021-02-13,40.41,39.43,41.63,44.77,42.98,46.42,,
2021-02-14,40.47,39.48,41.72,44.67,42.87,46.3,41.0,52.0
2021-02-15,40.52,39.54,41.78,44.57,42.75,46.18,,
2021-02-16,40.57,39.6,41.83,44.47,42.64,46.09,,
2021-02-17,40.62,39.67,41.88,44.37,42.49,46.01,,
2021-02-18,40.67,39.73,41.93,44.28,42.35,45.93,,
2021-02-19,40.72,39.79,41.99,44.18,42.23,45.84,,
2021-02-20,40.77,39.85,42.03,44.08,42.11,45.73,40.0,52.0
2021-02-21,40.82,39.92,42.06,43.99,42.0,45.61,,
2021-02-22,40.86,39.96,42.09,43.9,41.9,45.46,42.0,39.0
2021-02-23,40.91,40.01,42.13,43.8,41.8,45.31,,
2021-02-24,40.95,40.07,42.15,43.71,41.71,45.2,40.0,41.0
2021-02-25,40.99,40.09,42.18,43.62,41.64,45.11,46.5,42.5
2021-02-26,41.04,40.12,42.2,43.53,41.56,45.02,,
2021-02-27,41.08,40.15,42.21,43.44,41.49,44.94,,
2021-02-28,41.11,40.21,42.23,43.35,41.42,44.85,,
2021-03-01,41.15,40.26,42.24,43.26,41.34,44.76,,
2021-03-02,41.19,40.31,42.25,43.17,41.27,44.67,,
2021-03-03,41.22,40.35,42.28,43.08,41.2,44.59,,
2021-03-04,41.26,40.4,42.3,42.99,41.13,44.49,,
2021-03-05,41.29,40.43,42.33,42.9,41.06,44.38,,
2021-03-06,41.32,40.44,42.35,42.81,40.98,44.3,,
2021-03-07,41.35,40.49,42.37,42.72,40.91,44.19,,
2021-03-08,41.38,40.5,42.39,42.63,40.84,44.12,40.0,43.0
2021-03-09,41.41,40.52,42.41,42.53,40.77,44.05,44.0,43.0
2021-03-10,41.43,40.53,42.43,42.44,40.66,43.92,,
2021-03-11,41.46,40.54,42.47,42.35,40.58,43.87,45.0,38.0
2021-03-12,41.48,40.55,42.47,42.25,40.5,43.77,,
2021-03-13,41.5,40.56,42.5,42.16,40.43,43.66,,
2021-03-14,41.52,40.57,42.54,42.07,40.37,43.58,,
2021-03-15,41.54,40.59,42.57,41.97,40.3,43.5,44.0,41.0
2021-03-16,41.56,40.59,42.59,41.88,40.24,43.41,,
2021-03-17,41.58,40.6,42.62,41.79,40.18,43.33,38.0,44.0
2021-03-18,41.59,40.61,42.64,41.7,40.12,43.23,,
2021-03-19,41.6,40.63,42.66,41.61,40.06,43.12,,
2021-03-20,41.61,40.66,42.68,41.52,39.99,42.98,,
2021-03-21,41.62,40.67,42.7,41.43,39.93,42.89,,
2021-03-22,41.63,40.64,42.72,41.35,39.86,42.83,,
2021-03-23,41.63,40.64,42.74,41.26,39.81,42.76,,
2021-03-24,41.64,40.61,42.75,41.18,39.76,42.65,,
2021-03-25,41.64,40.57,42.77,41.1,39.71,42.57,42.0,41.0
2021-03-26,41.64,40.53,42.77,41.02,39.65,42.51,,
2021-03-27,41.64,40.5,42.76,40.94,39.6,42.43,,
2021-03-28,41.64,40.5,42.75,40.86,39.54,42.34,,
2021-03-29,41.64,40.43,42.79,40.78,39.48,42.25,45.0,34.0
2021-03-30,41.63,40.35,42.8,40.71,39.42,42.16,,
2021-03-31,41.63,40.3,42.83,40.64,39.36,42.1,,
2021-04-01,41.62,40.27,42.87,40.57,39.26,42.02,44.0,34.0
2021-04-02,41.62,40.28,42.88,40.5,39.18,41.96,,
2021-04-03,41.61,40.28,42.89,40.43,39.14,41.9,,
2021-04-04,41.61,40.24,42.88,40.37,39.08,41.82,,
2021-04-05,41.6,40.2,42.86,40.3,39.01,41.74,45.0,34.0
2021-04-06,41.6,40.16,42.85,40.24,38.95,41.69,,
2021-04-07,41.59,40.12,42.85,40.18,38.87,41.65,,
2021-04-08,41.58,40.09,42.86,40.12,38.81,41.6,41.0,38.0
2021-04-09,41.58,40.08,42.87,40.07,38.76,41.53,42.0,41.0
2021-04-10,41.57,40.08,42.87,40.01,38.75,41.5,,
2021-04-11,41.56,40.06,42.87,39.96,38.73,41.47,,
2021-04-12,41.56,40.04,42.87,39.91,38.71,41.43,43.0,34.0
2021-04-13,41.55,40.03,42.86,39.86,38.66,41.37,,
2021-04-14,41.54,40.01,42.85,39.82,38.59,41.32,,
2021-04-15,41.53,40.0,42.84,39.78,38.57,41.27,,
2021-04-16,41.52,39.98,42.83,39.74,38.54,41.23,,
2021-04-17,41.51,39.95,42.81,39.7,38.51,41.19,,
2021-04-18,41.5,39.94,42.8,39.66,38.46,41.15,,
2021-04-19,41.49,39.93,42.78,39.63,38.44,41.11,45.5,41.0
2021-04-20,41.48,39.91,42.76,39.6,38.4,41.07,,
2021-04-21,41.46,39.88,42.74,39.58,38.37,41.03,,
2021-04-22,41.45,39.83,42.73,39.55,38.35,40.99,41.0,40.0
2021-04-23,41.44,39.8,42.7,39.53,38.33,41.0,,
2021-04-24,41.43,39.8,42.68,39.52,38.31,41.01,,
2021-04-25,41.41,39.77,42.68,39.5,38.3,41.0,,
2021-04-26,41.4,39.76,42.67,39.49,38.29,40.98,44.0,35.0
2021-04-27,41.38,39.76,42.67,39.49,38.28,40.97,40.0,51.0
2021-04-28,41.36,39.74,42.67,39.48,38.25,40.97,39.0,46.0
2021-04-29,41.35,39.73,42.66,39.48,38.23,40.95,37.0,43.0
2021-04-30,41.33,39.71,42.65,39.48,38.21,40.95,,
2021-05-01,41.31,39.69,42.65,39.49,38.2,40.97,,
2021-05-02,41.29,39.67,42.65,39.5,38.18,40.98,,
2021-05-03,41.27,39.64,42.64,39.51,38.18,40.99,42.0,36.0
2021-05-04,41.25,39.62,42.63,39.52,38.17,41.04,41.0,39.0
2021-05-05,41.23,39.6,42.62,39.53,38.17,41.08,,
2021-05-06,41.21,39.58,42.61,39.55,38.17,41.11,,
2021-05-07,41.19,39.56,42.6,39.57,38.18,41.13,,
2021-05-08,41.16,39.54,42.56,39.6,38.19,41.14,,
2021-05-09,41.14,39.53,42.53,39.62,38.2,41.16,,
2021-05-10,41.11,39.5,42.49,39.65,38.21,41.18,40.7,37.0
2021-05-11,41.08,39.48,42.46,39.68,38.26,41.24,,
2021-05-12,41.06,39.45,42.42,39.71,38.31,41.3,,
2021-05-13,41.03,39.43,42.38,39.75,38.36,41.34,43.0,37.0
2021-05-14,40.99,39.4,42.35,39.79,38.41,41.38,,
2021-05-15,40.96,39.37,42.3,39.83,38.43,41.41,31.5,37.5
2021-05-16,40.93,39.34,42.23,39.87,38.45,41.44,,
2021-05-17,40.89,39.3,42.16,39.91,38.47,41.47,44.0,34.0
2021-05-18,40.85,39.25,42.11,39.96,38.49,41.5,,
2021-05-19,40.81,39.21,42.05,40.01,38.51,41.54,,
2021-05-20,40.77,39.17,42.01,40.06,38.57,41.57,,
2021-05-21,40.73,39.15,41.97,40.12,38.63,41.62,,
2021-05-22,40.69,39.13,41.93,40.18,38.69,41.68,,
2021-05-23,40.64,39.08,41.88,40.23,38.72,41.75,,
2021-05-24,40.6,39.01,41.84,40.3,38.77,41.83,,
2021-05-25,40.55,38.95,41.79,40.36,38.81,41.94,,
2021-05-26,40.5,38.88,41.75,40.43,38.86,41.99,,
2021-05-27,40.46,38.82,41.69,40.49,38.92,42.03,40.0,42.0
2021-05-28,40.41,38.75,41.65,40.56,38.98,42.09,,
2021-05-29,40.36,38.69,41.59,40.63,39.04,42.14,,
2021-05-30,40.31,38.64,41.55,40.7,39.1,42.23,,
2021-05-31,40.26,38.6,41.5,40.78,39.17,42.31,43.5,41.5
2021-06-01,40.21,38.57,41.42,40.85,39.25,42.36,,
2021-06-02,40.16,38.53,41.35,40.93,39.32,42.43,,
2021-06-03,40.11,38.49,41.29,41.0,39.4,42.49,,
2021-06-04,40.06,38.45,41.25,41.08,39.49,42.55,,
2021-06-05,40.01,38.42,41.21,41.16,39.56,42.68,,
2021-06-06,39.95,38.39,41.17,41.24,39.59,42.75,,
2021-06-07,39.9,38.34,41.13,41.32,39.73,42.83,43.0,34.0
2021-06-08,39.85,38.27,41.07,41.4,39.84,42.9,,
2021-06-09,39.8,38.19,41.01,41.48,39.91,43.02,42.0,40.0
2021-06-10,39.75,38.12,40.95,41.57,40.0,43.15,41.0,43.0
2021-06-11,39.7,38.06,40.89,41.65,40.08,43.28,,
2021-06-12,39.65,38.04,40.81,41.73,40.21,43.4,,
2021-06-13,39.6,37.99,40.71,41.82,40.34,43.49,43.0,36.0
2021-06-14,39.55,37.94,40.63,41.9,40.47,43.57,,
2021-06-15,39.5,37.9,40.61,41.99,40.57,43.65,,
2021-06-16,39.45,37.84,40.56,42.07,40.63,43.75,,
2021-06-17,39.41,37.79,40.49,42.16,40.67,43.88,,
2021-06-18,39.36,37.75,40.41,42.25,40.71,44.02,,
2021-06-19,39.31,37.71,40.34,42.34,40.75,44.12,,
2021-06-20,39.27,37.67,40.29,42.43,40.85,44.19,,
2021-06-21,39.22,37.64,40.24,42.52,40.95,44.25,41.0,38.0
2021-06-22,39.17,37.6,40.2,42.61,41.02,44.31,,
2021-06-23,39.13,37.57,40.16,42.7,41.09,44.44,,
2021-06-24,39.09,37.55,40.12,42.8,41.2,44.55,39.5,49.0
2021-06-25,39.04,37.53,40.07,42.9,41.29,44.66,,
2021-06-26,39.0,37.53,40.03,42.99,41.35,44.79,,
2021-06-27,38.95,37.54,39.98,43.09,41.48,44.87,,
2021-06-28,38.91,37.55,39.94,43.19,41.58,44.95,38.0,40.0
2021-06-29,38.86,37.53,39.88,43.3,41.63,45.02,,
2021-06-30,38.82,37.48,39.8,43.4,41.77,45.12,,
2021-07-01,38.77,37.49,39.77,43.5,41.91,45.19,,
2021-07-02,38.73,37.47,39.73,43.61,42.05,45.28,,
2021-07-03,38.68,37.42,39.67,43.72,42.17,45.38,,
2021-07-04,38.63,37.37,39.58,43.82,42.25,45.47,,
2021-07-05,38.59,37.36,39.5,43.93,42.38,45.56,38.0,54.0
2021-07-06,38.54,37.36,39.45,44.04,42.48,45.66,,
2021-07-07,38.49,37.35,39.41,44.15,42.59,45.76,,
2021-07-08,38.44,37.33,39.35,44.26,42.72,45.85,37.0,45.0
2021-07-09,38.39,37.32,39.3,44.37,42.8,45.95,,
2021-07-10,38.34,37.29,39.26,44.48,42.92,46.04,,
2021-07-11,38.28,37.23,39.18,44.59,43.04,46.13,,
2021-07-12,38.23,37.21,39.1,44.69,43.17,46.21,39.0,39.0
2021-07-13,38.18,37.13,39.02,44.8,43.26,46.3,,
2021-07-14,38.12,37.06,38.99,44.9,43.34,46.41,,
2021-07-15,38.06,36.99,38.95,45.01,43.45,46.55,,
2021-07-16,38.01,36.99,38.91,45.11,43.55,46.68,,
2021-07-17,37.95,36.94,38.85,45.21,43.63,46.77,,
2021-07-18,37.89,36.89,38.8,45.31,43.71,46.84,,
2021-07-19,37.84,36.83,38.73,45.4,43.81,46.92,37.5,44.0
2021-07-20,37.78,36.81,38.66,45.49,43.92,47.03,,
2021-07-21,37.72,36.77,38.6,45.58,44.01,47.14,,
2021-07-22,37.66,36.75,38.53,45.67,44.1,47.27,34.0,47.0
2021-07-23,37.6,36.71,38.47,45.75,44.18,47.35,37.0,47.0
2021-07-24,37.55,36.66,38.41,45.83,44.27,47.43,,
2021-07-25,37.49,36.59,38.36,45.91,44.34,47.52,32.0,47.0
2021-07-26,37.43,36.53,38.32,45.98,44.42,47.56,,
2021-07-27,37.37,36.47,38.28,46.05,44.49,47.63,,
2021-07-28,37.32,36.39,38.24,46.12,44.59,47.65,,
2021-07-29,37.26,36.32,38.19,46.19,44.68,47.72,36.0,55.0
2021-07-30,37.2,36.29,38.15,46.25,44.76,47.78,,
2021-07-31,37.15,36.23,38.11,46.31,44.85,47.84,,
2021-08-01,37.09,36.17,38.03,46.37,44.93,47.92,,
2021-08-02,37.04,36.11,37.95,46.42,45.0,47.99,,
2021-08-03,36.99,36.05,37.9,46.48,45.07,48.02,,
2021-08-04,36.94,35.98,37.85,46.53,45.11,48.05,41.0,52.0
2021-08-05,36.88,35.92,37.81,46.58,45.17,48.09,37.0,45.0
2021-08-06,36.84,35.85,37.78,46.63,45.25,48.13,,
2021-08-07,36.79,35.81,37.75,46.68,45.31,48.19,,
2021-08-08,36.74,35.77,37.7,46.73,45.34,48.22,,
2021-08-09,36.69,35.73,37.66,46.77,45.35,48.24,35.0,46.0
2021-08-10,36.65,35.69,37.62,46.81,45.39,48.27,,
2021-08-11,36.61,35.64,37.59,46.86,45.43,48.29,,
2021-08-12,36.57,35.6,37.55,46.89,45.48,48.32,,
2021-08-13,36.53,35.56,37.51,46.93,45.51,48.37,,
2021-08-14,36.49,35.53,37.48,46.96,45.55,48.42,,
2021-08-15,36.45,35.5,37.46,47.0,45.58,48.47,,
2021-08-16,36.42,35.46,37.45,47.03,45.62,48.51,35.0,44.0
2021-08-17,36.38,35.41,37.42,47.06,45.65,48.53,,
2021-08-18,36.35,35.38,37.39,47.08,45.69,48.54,34.0,59.0
2021-08-19,36.32,35.36,37.37,47.11,45.72,48.6,,
2021-08-20,36.29,35.32,37.33,47.14,45.75,48.62,,
2021-08-21,36.26,35.29,37.31,47.16,45.77,48.63,,
2021-08-22,36.23,35.26,37.3,47.18,45.8,48.65,,
2021-08-23,36.2,35.23,37.26,47.21,45.83,48.68,39.0,45.0
2021-08-24,36.18,35.2,37.23,47.23,45.85,48.71,,
2021-08-25,36.15,35.17,37.21,47.25,45.84,48.73,,
2021-08-26,36.13,35.15,37.18,47.27,45.85,48.76,,
2021-08-27,36.1,35.14,37.16,47.29,45.85,48.79,,
2021-08-28,36.08,35.14,37.14,47.31,45.83,48.8,,
2021-08-29,36.05,35.13,37.12,47.33,45.86,48.78,38.0,40.0
2021-08-30,36.03,35.12,37.09,47.35,45.84,48.8,,
2021-08-31,36.0,35.09,37.07,47.37,45.85,48.85,,
2021-09-01,35.98,35.05,37.04,47.39,45.88,48.9,,
2021-09-02,35.95,35.04,37.02,47.41,45.91,48.95,36.0,55.0
2021-09-03,35.93,35.01,36.99,47.43,45.95,49.0,35.0,45.0
2021-09-04,35.9,34.99,36.97,47.46,45.98,49.04,47.0,49.0
2021-09-05,35.88,34.96,36.95,47.48,46.02,49.08,,
2021-09-06,35.85,34.92,36.93,47.51,46.06,49.12,28.0,46.0
2021-09-07,35.82,34.87,36.91,47.53,46.08,49.13,37.0,41.0
2021-09-08,35.79,34.83,36.89,47.56,46.05,49.18,,
2021-09-09,35.76,34.79,36.86,47.59,46.03,49.24,,
2021-09-10,35.73,34.76,36.83,47.62,46.01,49.31,,
2021-09-11,35.7,34.7,36.79,47.66,46.08,49.35,32.0,49.0
2021-09-12,35.67,34.69,36.75,47.69,46.14,49.4,,
2021-09-13,35.63,34.64,36.7,47.73,46.17,49.44,38.0,42.0
2021-09-14,35.59,34.59,36.68,47.77,46.18,49.48,38.0,44.0
2021-09-15,35.56,34.54,36.66,47.81,46.19,49.57,33.0,42.0
2021-09-16,35.52,34.51,36.59,47.86,46.21,49.65,34.0,57.0
2021-09-17,35.47,34.49,36.51,47.9,46.24,49.72,35.0,48.0
2021-09-18,35.43,34.46,36.47,47.95,46.26,49.8,,
2021-09-19,35.39,34.39,36.43,48.0,46.28,49.85,,
2021-09-20,35.34,34.33,36.39,48.05,46.31,49.91,39.0,51.0
2021-09-21,35.29,34.29,36.34,48.11,46.32,49.98,,
2021-09-22,35.25,34.25,36.27,48.16,46.35,50.05,,
2021-09-23,35.2,34.21,36.21,48.22,46.38,50.12,,
2021-09-24,35.15,34.17,36.15,48.28,46.41,50.19,,
2021-09-25,35.09,34.1,36.09,48.34,46.44,50.27,32.0,59.0
2021-09-26,35.04,34.02,36.05,48.41,46.51,50.36,,
2021-09-27,34.98,33.96,36.0,48.47,46.57,50.44,36.0,42.0
2021-09-28,34.93,33.87,35.96,48.54,46.58,50.52,,
2021-09-29,34.87,33.85,35.91,48.61,46.68,50.61,,
2021-09-30,34.81,33.77,35.83,48.69,46.78,50.7,,
2021-10-01,34.74,33.68,35.79,48.76,46.81,50.78,,
2021-10-02,34.68,33.61,35.73,48.84,46.86,50.88,,
2021-10-03,34.62,33.56,35.63,48.92,46.91,50.99,,
2021-10-04,34.55,33.51,35.57,49.0,46.96,51.1,36.0,42.0
2021-10-05,34.48,33.45,35.49,49.08,46.98,51.21,,
2021-10-06,34.41,33.39,35.43,49.17,47.01,51.32,,
2021-10-07,34.34,33.3,35.37,49.25,47.05,51.43,,
2021-10-08,34.27,33.2,35.31,49.34,47.07,51.53,,
2021-10-09,34.2,33.12,35.23,49.43,47.11,51.64,,
2021-10-10,34.12,33.02,35.13,49.52,47.15,51.76,,
2021-10-11,34.05,32.95,35.04,49.62,47.19,51.85,36.0,42.0
2021-10-12,33.97,32.85,34.95,49.72,47.24,51.96,,
2021-10-13,33.89,32.75,34.86,49.81,47.31,52.07,,
2021-10-14,33.82,32.65,34.84,49.91,47.38,52.17,32.0,50.0
2021-10-15,33.74,32.55,34.77,50.01,47.45,52.28,,
2021-10-16,33.66,32.45,34.67,50.11,47.53,52.39,,
2021-10-17,33.57,32.35,34.6,50.22,47.58,52.48,,
2021-10-18,33.49,32.25,34.53,50.32,47.61,52.6,39.0,41.0
2021-10-19,33.41,32.15,34.48,50.42,47.68,52.7,,
2021-10-20,33.33,32.06,34.45,50.53,47.75,52.82,31.0,61.0
2021-10-21,33.25,31.97,34.42,50.63,47.83,52.94,,
2021-10-22,33.16,31.88,34.37,50.74,47.91,53.05,,
2021-10-23,33.08,31.77,34.32,50.85,48.0,53.16,,
2021-10-24,32.99,31.67,34.25,50.95,48.08,53.29,,
2021-10-25,32.91,31.56,34.17,51.06,48.16,53.43,37.0,40.0
2021-10-26,32.82,31.48,34.08,51.16,48.24,53.58,,
2021-10-27,32.74,31.35,34.01,51.27,48.31,53.71,,
2021-10-28,32.65,31.27,33.97,51.38,48.37,53.85,,
2021-10-29,32.57,31.21,33.93,51.48,48.48,53.99,,
2021-10-30,32.48,31.12,33.89,51.59,48.54,54.08,,
2021-10-31,32.39,31.01,33.84,51.7,48.59,54.25,,
2021-11-01,32.3,30.86,33.74,51.81,48.64,54.35,34.0,61.0
2021-11-02,32.22,30.73,33.64,51.91,48.7,54.45,,
2021-11-03,32.13,30.59,33.55,52.02,48.75,54.56,,
2021-11-04,32.04,30.47,33.47,52.13,48.81,54.66,,
2021-11-05,31.95,30.36,33.38,52.24,48.89,54.76,30.0,50.0
2021-11-06,31.86,30.25,33.31,52.35,48.97,54.85,,
2021-11-07,31.77,30.14,33.24,52.46,49.04,54.94,,
2021-11-08,31.67,30.03,33.18,52.56,49.13,55.03,36.0,42.0
2021-11-09,31.58,29.91,33.09,52.67,49.22,55.12,,
2021-11-10,31.49,29.8,33.01,52.78,49.31,55.21,30.0,61.0
2021-11-11,31.4,29.69,32.93,52.89,49.39,55.3,30.0,51.0
2021-11-12,31.3,29.57,32.85,53.0,49.49,55.38,,
2021-11-13,31.21,29.48,32.78,53.1,49.58,55.45,,
2021-11-14,31.12,29.41,32.7,53.21,49.68,55.52,,
2021-11-15,31.03,29.31,32.61,53.32,49.77,55.61,35.0,45.0
2021-11-16,30.94,29.21,32.55,53.42,49.87,55.72,,
2021-11-17,30.84,29.13,32.48,53.53,49.97,55.83,30.0,61.0
2021-11-18,30.75,29.04,32.42,53.63,50.07,55.93,,
2021-11-19,30.66,28.96,32.36,53.73,50.19,56.03,32.0,47.0
2021-11-20,30.57,28.89,32.3,53.84,50.33,56.16,,
2021-11-21,30.48,28.81,32.24,53.93,50.46,56.28,32.5,54.0
2021-11-22,30.4,28.74,32.17,54.03,50.57,56.41,,
2021-11-23,30.31,28.67,32.11,54.13,50.69,56.46,,
2021-11-24,30.23,28.6,31.99,54.22,50.82,56.58,,
2021-11-25,30.14,28.52,31.87,54.31,50.94,56.71,16.0,80.0
2021-11-26,30.06,28.45,31.74,54.4,51.06,56.84,,
2021-11-27,29.97,28.36,31.66,54.49,51.18,56.97,,
2021-11-28,29.89,28.28,31.59,54.58,51.3,57.11,,
2021-11-29,29.81,28.2,31.51,54.66,51.41,57.21,35.0,45.0
2021-11-30,29.73,28.15,31.45,54.74,51.52,57.33,,
2021-12-01,29.65,28.1,31.32,54.82,51.59,57.45,,
2021-12-02,29.58,28.05,31.23,54.89,51.65,57.51,,
2021-12-03,29.5,27.99,31.16,54.97,51.72,57.56,,
2021-12-04,29.43,27.89,31.07,55.04,51.8,57.61,,
2021-12-05,29.35,27.79,30.96,55.11,51.85,57.68,,
2021-12-06,29.28,27.7,30.85,55.18,51.94,57.79,32.0,55.5
2021-12-07,29.2,27.62,30.73,55.25,52.03,57.9,,
2021-12-08,29.13,27.55,30.62,55.31,52.12,58.0,24.0,66.0
2021-12-09,29.06,27.49,30.53,55.38,52.2,58.1,24.0,59.0
2021-12-10,28.98,27.42,30.47,55.44,52.3,58.18,,
2021-12-11,28.91,27.36,30.39,55.5,52.39,58.26,,
2021-12-12,28.84,27.29,30.32,55.56,52.48,58.23,,
2021-12-13,28.77,27.23,30.25,55.61,52.57,58.22,29.0,51.0
2021-12-14,28.7,27.16,30.17,55.67,52.66,58.19,,
2021-12-15,28.63,27.1,30.1,55.72,52.75,58.27,,
2021-12-16,28.56,27.07,30.02,55.77,52.84,58.34,,
2021-12-17,28.49,27.04,29.94,55.81,52.88,58.39,,
2021-12-18,28.42,27.0,29.87,55.86,52.93,58.41,,
2021-12-19,28.36,26.93,29.79,55.9,53.03,58.4,22.0,68.0
2021-12-20,28.29,26.86,29.71,55.94,53.11,58.39,,
2021-12-21,28.23,26.79,29.63,55.98,53.2,58.42,,
2021-12-22,28.16,26.73,29.55,56.01,53.28,58.45,24.0,55.0
2021-12-23,28.1,26.67,29.47,56.05,53.36,58.47,,
2021-12-24,28.04,26.62,29.41,56.08,53.43,58.51,,
2021-12-25,27.98,26.57,29.32,56.1,53.47,58.55,,
2021-12-26,27.93,26.52,29.22,56.13,53.49,58.59,,
2021-12-27,27.87,26.48,29.14,56.15,53.48,58.59,,
2021-12-28,27.82,26.44,29.06,56.17,53.49,58.6,,
2021-12-29,27.77,26.4,29.0,56.18,53.48,58.59,,
2021-12-30,27.72,26.37,28.96,56.19,53.55,58.56,,
2021-12-31,27.67,26.34,28.91,56.2,53.61,58.52,,
2022-01-01,27.63,26.32,28.87,56.21,53.67,58.5,,
2022-01-02,27.58,26.3,28.84,56.21,53.72,58.47,,
2022-01-03,27.54,26.28,28.8,56.21,53.77,58.41,31.0,49.0
2022-01-04,27.5,26.25,28.77,56.21,53.82,58.38,,
2022-01-05,27.47,26.23,28.73,56.2,53.85,58.28,,
2022-01-06,27.43,26.25,28.7,56.19,53.84,58.26,30.0,54.0
2022-01-07,27.4,26.24,28.64,56.18,53.84,58.26,,
2022-01-08,27.37,26.23,28.57,56.17,53.83,58.23,,
2022-01-09,27.35,26.23,28.52,56.15,53.84,58.21,,
2022-01-10,27.32,26.23,28.51,56.14,53.88,58.19,31.0,50.0
2022-01-11,27.3,26.23,28.49,56.12,53.92,58.16,,
2022-01-12,27.29,26.24,28.48,56.1,53.96,58.12,,
2022-01-13,27.27,26.24,28.46,56.07,53.96,58.09,22.0,64.0
2022-01-14,27.26,26.22,28.45,56.05,53.92,58.04,,
2022-01-15,27.25,26.22,28.44,56.02,53.89,58.01,,
2022-01-16,27.24,26.23,28.43,55.99,53.86,57.98,22.0,61.0
2022-01-17,27.23,26.21,28.42,55.96,53.84,57.93,25.0,56.0
2022-01-18,27.23,26.22,28.41,55.93,53.81,57.89,,
2022-01-19,27.23,26.24,28.41,55.9,53.79,57.84,,
2022-01-20,27.23,26.27,28.43,55.86,53.76,57.8,,
2022-01-21,27.23,26.27,28.43,55.82,53.73,57.76,,
2022-01-22,27.24,26.28,28.43,55.79,53.71,57.74,24.0,70.0
2022-01-23,27.25,26.31,28.39,55.75,53.66,57.72,,
2022-01-24,27.26,26.31,28.38,55.71,53.54,57.69,27.0,54.0
2022-01-25,27.27,26.33,28.42,55.66,53.48,57.62,,
2022-01-26,27.28,26.32,28.46,55.62,53.44,57.52,,
2022-01-27,27.3,26.35,28.45,55.58,53.4,57.49,24.0,62.0
2022-01-28,27.32,26.35,28.45,55.53,53.32,57.44,,
2022-01-29,27.34,26.36,28.44,55.49,53.32,57.4,,
2022-01-30,27.36,26.37,28.44,55.44,53.27,57.37,,
2022-01-31,27.38,26.37,28.48,55.39,53.21,57.33,28.0,55.0
2022-02-01,27.4,26.38,28.54,55.35,53.14,57.32,,
2022-02-02,27.43,26.4,28.56,55.3,53.06,57.28,,
2022-02-03,27.45,26.41,28.58,55.25,53.0,57.24,,
2022-02-04,27.47,26.44,28.59,55.21,52.95,57.21,,
2022-02-05,27.5,26.47,28.61,55.16,52.9,57.18,,
2022-02-06,27.53,26.49,28.65,55.12,52.85,57.13,,
2022-02-07,27.55,26.51,28.65,55.07,52.8,57.05,32.0,33.0
2022-02-08,27.58,26.53,28.67,55.03,52.76,56.97,,
2022-02-09,27.6,26.56,28.7,54.98,52.7,56.92,,
2022-02-10,27.63,26.59,28.74,54.94,52.65,56.91,24.0,58.0
2022-02-11,27.66,26.62,28.76,54.9,52.62,56.89,,
2022-02-12,27.68,26.65,28.78,54.86,52.59,56.86,24.0,58.0
2022-02-13,27.71,26.67,28.79,54.82,52.55,56.84,,
2022-02-14,27.73,26.71,28.8,54.77,52.48,56.79,30.0,53.0
2022-02-15,27.76,26.74,28.83,54.74,52.41,56.71,,
2022-02-16,27.78,26.77,28.86,54.7,52.39,56.63,,
2022-02-17,27.81,26.8,28.89,54.66,52.37,56.55,,
2022-02-18,27.84,26.83,28.91,54.62,52.36,56.47,,
2022-02-19,27.86,26.85,28.93,54.58,52.33,56.42,,
2022-02-20,27.89,26.86,28.98,54.55,52.29,56.39,,
2022-02-21,27.91,26.91,29.03,54.51,52.26,56.36,25.0,56.0
2022-02-22,27.94,26.96,29.05,54.48,52.25,56.31,,
2022-02-23,27.96,26.99,29.03,54.45,52.25,56.28,,
2022-02-24,27.98,27.02,29.06,54.42,52.21,56.26,26.5,59.0
2022-02-25,28.01,27.04,29.07,54.38,52.17,56.25,,
2022-02-26,28.03,27.07,29.07,54.35,52.14,56.23,,
2022-02-27,28.05,27.07,29.1,54.32,52.09,56.21,,
2022-02-28,28.07,27.07,29.13,54.29,52.06,56.15,32.0,50.0
2022-03-01,28.09,27.08,29.16,54.26,52.02,56.08,,
2022-03-02,28.12,27.11,29.19,54.23,52.01,56.02,,
2022-03-03,28.14,27.15,29.22,54.2,52.01,55.98,,
2022-03-04,28.16,27.19,29.25,54.17,52.03,55.94,,
2022-03-05,28.18,27.23,29.28,54.14,52.06,55.9,27.0,52.0
2022-03-06,28.2,27.25,29.29,54.11,52.06,55.84,,
2022-03-07,28.22,27.26,29.29,54.09,52.01,55.77,,
2022-03-08,28.24,27.28,29.31,54.06,52.04,55.73,,
2022-03-09,28.26,27.31,29.33,54.03,52.0,55.71,37.0,44.0
2022-03-10,28.28,27.35,29.35,54.0,51.97,55.64,,
2022-03-11,28.3,27.4,29.36,53.98,51.94,55.57,,
2022-03-12,28.32,27.44,29.36,53.95,51.94,55.55,29.0,51.0
2022-03-13,28.34,27.46,29.37,53.92,51.95,55.53,,
2022-03-14,28.36,27.48,29.37,53.89,51.96,55.47,,
2022-03-15,28.38,27.5,29.37,53.87,51.96,55.44,,
2022-03-16,28.4,27.53,29.37,53.84,51.89,55.4,,
2022-03-17,28.42,27.55,29.38,53.81,51.85,55.35,,
2022-03-18,28.44,27.57,29.4,53.79,51.86,55.3,,
2022-03-19,28.46,27.59,29.42,53.76,51.82,55.29,,
2022-03-20,28.48,27.61,29.45,53.74,51.84,55.27,32.0,47.0
2022-03-21,28.5,27.64,29.48,53.72,51.87,55.26,,
2022-03-22,28.52,27.66,29.5,53.69,51.94,55.25,32.0,61.0
2022-03-23,28.53,27.68,29.51,53.67,51.98,55.25,30.0,64.0
2022-03-24,28.55,27.7,29.52,53.66,51.98,55.23,28.0,52.0
2022-03-25,28.57,27.71,29.53,53.64,51.94,55.22,,
2022-03-26,28.58,27.73,29.55,53.62,51.91,55.21,,
2022-03-27,28.6,27.75,29.56,53.61,51.89,55.2,,
2022-03-28,28.61,27.77,29.56,53.6,51.86,55.19,,
2022-03-29,28.62,27.78,29.57,53.59,51.84,55.19,,
2022-03-30,28.64,27.8,29.58,53.58,51.84,55.18,,
2022-03-31,28.65,27.82,29.59,53.58,51.84,55.18,,
2022-04-01,28.65,27.84,29.61,53.57,51.84,55.18,,
2022-04-02,28.66,27.85,29.62,53.57,51.82,55.18,25.0,54.0
2022-04-03,28.67,27.87,29.63,53.57,51.84,55.19,30.0,51.0
2022-04-04,28.68,27.88,29.63,53.57,51.87,55.19,,
2022-04-05,28.68,27.89,29.63,53.57,51.86,55.2,,
2022-04-06,28.68,27.91,29.64,53.57,51.85,55.2,,
2022-04-07,28.69,27.92,29.64,53.58,51.84,55.21,27.0,53.0
2022-04-08,28.69,27.93,29.64,53.58,51.84,55.21,,
2022-04-09,28.69,27.94,29.63,53.58,51.83,55.22,30.0,49.0
2022-04-10,28.69,27.95,29.6,53.59,51.83,55.22,29.0,52.0
2022-04-11,28.69,27.96,29.57,53.6,51.82,55.23,,
2022-04-12,28.69,27.97,29.53,53.6,51.85,55.21,,
2022-04-13,28.69,27.98,29.52,53.61,51.86,55.2,,
2022-04-14,28.69,27.98,29.51,53.61,51.84,55.21,,
2022-04-15,28.69,27.98,29.5,53.62,51.83,55.22,,
2022-04-16,28.69,27.97,29.48,53.62,51.83,55.21,,
2022-04-17,28.68,27.99,29.46,53.63,51.84,55.2,28.0,49.0
2022-04-18,28.68,28.0,29.44,53.63,51.87,55.2,,
2022-04-19,28.67,28.01,29.44,53.64,51.89,55.19,,
2022-04-20,28.67,28.02,29.44,53.64,51.9,55.21,26.0,59.0
2022-04-21,28.66,28.02,29.42,53.65,51.9,55.22,,
2022-04-22,28.65,27.99,29.41,53.65,51.91,55.22,,
2022-04-23,28.64,28.0,29.39,53.66,51.92,55.21,,
2022-04-24,28.63,28.0,29.35,53.67,51.93,55.2,29.5,57.0
2022-04-25,28.62,28.01,29.32,53.68,51.96,55.18,,
2022-04-26,28.6,28.01,29.29,53.69,51.98,55.17,,
2022-04-27,28.59,28.01,29.27,53.7,52.03,55.16,,
2022-04-28,28.57,28.0,29.22,53.72,52.03,55.16,,
2022-04-29,28.55,27.99,29.17,53.73,52.03,55.18,,
2022-04-30,28.53,27.97,29.13,53.75,52.04,55.18,,
2022-05-01,28.5,27.95,29.1,53.77,52.07,55.19,29.0,51.0
2022-05-02,28.48,27.92,29.09,53.8,52.15,55.19,,
2022-05-03,28.46,27.9,29.09,53.82,52.18,55.18,,
2022-05-04,28.43,27.88,29.04,53.85,52.18,55.17,,
2022-05-05,28.4,27.87,29.01,53.88,52.19,55.2,,
2022-05-06,28.38,27.84,28.96,53.91,52.22,55.2,,
2022-05-07,28.35,27.82,28.93,53.94,52.24,55.2,,
2022-05-08,28.32,27.79,28.9,53.97,52.28,55.23,27.0,49.0
2022-05-09,28.29,27.78,28.89,54.0,52.32,55.2,,
2022-05-10,28.26,27.76,28.88,54.04,52.36,55.25,,
2022-05-11,28.23,27.73,28.85,54.07,52.36,55.29,,
2022-05-12,28.2,27.68,28.83,54.11,52.37,55.31,27.0,55.0
2022-05-13,28.17,27.65,28.79,54.14,52.37,55.34,,
2022-05-14,28.14,27.6,28.75,54.18,52.39,55.4,28.0,64.0
2022-05-15,28.11,27.56,28.72,54.21,52.42,55.52,27.0,52.0
2022-05-16,28.08,27.53,28.7,54.25,52.44,55.58,,
2022-05-17,28.05,27.5,28.68,54.28,52.48,55.61,,
2022-05-18,28.02,27.47,28.66,54.32,52.5,55.67,,
2022-05-19,27.99,27.41,28.65,54.35,52.51,55.76,,
2022-05-20,27.96,27.36,28.64,54.39,52.53,55.82,,
2022-05-21,27.93,27.3,28.62,54.42,52.55,55.85,,
2022-05-22,27.91,27.26,28.63,54.45,52.57,55.87,29.0,49.0
2022-05-23,27.88,27.22,28.62,54.49,52.58,55.93,,
2022-05-24,27.86,27.18,28.6,54.52,52.59,56.0,,
2022-05-25,27.83,27.14,28.6,54.55,52.6,56.07,,
2022-05-26,27.81,27.11,28.6,54.58,52.61,56.13,27.0,56.0
2022-05-27,27.79,27.05,28.6,54.61,52.62,56.2,,
2022-05-28,27.76,26.98,28.6,54.65,52.63,56.27,,
2022-05-29,27.74,26.92,28.61,54.68,52.64,56.33,29.0,52.0
2022-05-30,27.72,26.9,28.63,54.71,52.65,56.39,,
2022-05-31,27.7,26.88,28.65,54.74,52.66,56.44,,
2022-06-01,27.68,26.85,28.66,54.78,52.68,56.48,,
2022-06-02,27.67,26.82,28.66,54.81,52.7,56.5,,
2022-06-03,27.65,26.77,28.67,54.84,52.72,56.53,,
2022-06-04,27.63,26.73,28.69,54.87,52.71,56.58,,
2022-06-05,27.62,26.68,28.71,54.9,52.71,56.63,,
2022-06-06,27.6,26.63,28.72,54.93,52.69,56.66,,
2022-06-07,27.59,26.57,28.73,54.96,52.67,56.71,,
2022-06-08,27.58,26.51,28.73,54.99,52.65,56.75,,
2022-06-09,27.56,26.44,28.73,55.02,52.67,56.81,,
2022-06-10,27.55,26.37,28.74,55.05,52.69,56.87,28.0,56.0
2022-06-11,27.54,26.34,28.75,55.07,52.71,56.95,,
2022-06-12,27.53,26.31,28.76,55.09,52.68,57.03,30.0,52.0
2022-06-13,27.52,26.29,28.77,55.11,52.7,57.08,,
2022-06-14,27.52,26.26,28.77,55.13,52.68,57.13,,
2022-06-15,27.51,26.24,28.77,55.14,52.66,57.21,,
2022-06-16,27.5,26.22,28.77,55.16,52.66,57.25,,
2022-06-17,27.5,26.21,28.8,55.17,52.67,57.28,,
2022-06-18,27.49,26.19,28.84,55.17,52.66,57.32,,
2022-06-19,27.49,26.18,28.88,55.18,52.66,57.34,,
2022-06-20,27.49,26.17,28.9,55.18,52.66,57.36,,
2022-06-21,27.49,26.16,28.91,55.18,52.66,57.39,,
2022-06-22,27.49,26.14,28.93,55.17,52.66,57.41,,
2022-06-23,27.49,26.13,28.96,55.17,52.61,57.46,27.0,55.0
2022-06-24,27.49,26.12,28.98,55.16,52.52,57.49,,
2022-06-25,27.49,26.09,28.99,55.15,52.44,57.49,,
2022-06-26,27.49,26.07,29.01,55.14,52.36,57.54,,
2022-06-27,27.5,26.04,29.02,55.13,52.33,57.57,,
2022-06-28,27.5,26.01,29.03,55.12,52.32,57.59,,
2022-06-29,27.51,25.98,29.04,55.1,52.3,57.61,,
2022-06-30,27.51,25.96,29.06,55.09,52.29,57.64,,
2022-07-01,27.52,25.93,29.09,55.07,52.26,57.62,,
2022-07-02,27.52,25.91,29.1,55.05,52.19,57.62,,
2022-07-03,27.53,25.88,29.11,55.04,52.13,57.63,30.0,52.0
2022-07-04,27.53,25.85,29.14,55.02,52.09,57.64,,
2022-07-05,27.54,25.81,29.18,55.0,52.09,57.64,,
2022-07-06,27.54,25.79,29.19,54.99,52.05,57.63,24.5,62.0
2022-07-07,27.55,25.8,29.2,54.97,52.05,57.66,20.0,64.0
2022-07-08,27.56,25.8,29.23,54.95,51.97,57.76,,
2022-07-09,27.56,25.8,29.26,54.94,51.92,57.85,,
2022-07-10,27.57,25.77,29.28,54.92,51.89,57.88,31.0,50.0
2022-07-11,27.57,25.73,29.3,54.91,51.86,57.88,,
2022-07-12,27.58,25.7,29.32,54.89,51.83,57.87,,
2022-07-13,27.58,25.66,29.35,54.88,51.75,57.93,,
2022-07-14,27.59,25.63,29.37,54.86,51.68,58.02,,
2022-07-15,27.59,25.59,29.39,54.84,51.61,58.06,,
2022-07-16,27.59,25.56,29.42,54.83,51.54,58.1,,
2022-07-17,27.6,25.55,29.45,54.81,51.48,58.13,,
2022-07-18,27.6,25.57,29.47,54.79,51.43,58.14,,
2022-07-19,27.6,25.55,29.5,54.78,51.37,58.1,,
2022-07-20,27.6,25.53,29.52,54.76,51.32,58.12,,
2022-07-21,27.61,25.52,29.55,54.74,51.28,58.21,,
2022-07-22,27.61,25.51,29.58,54.72,51.25,58.24,,
2022-07-23,27.61,25.5,29.61,54.71,51.23,58.26,,
2022-07-24,27.61,25.49,29.62,54.69,51.2,58.31,,
2022-07-25,27.61,25.41,29.62,54.67,51.18,58.36,,
2022-07-26,27.61,25.33,29.64,54.65,51.15,58.42,,
2022-07-27,27.61,25.24,29.66,54.63,51.13,58.47,,
2022-07-28,27.62,25.19,29.68,54.61,51.11,58.51,,
2022-07-29,27.62,25.17,29.7,54.59,51.09,58.59,,
2022-07-30,27.62,25.18,29.71,54.57,51.02,58.68,,
2022-07-31,27.62,25.19,29.73,54.55,50.96,58.68,,
2022-08-01,27.63,25.16,29.74,54.53,50.89,58.69,,
2022-08-02,27.63,25.11,29.75,54.51,50.84,58.73,,
2022-08-03,27.64,25.07,29.76,54.49,50.77,58.77,,
2022-08-04,27.64,25.04,29.77,54.47,50.73,58.8,,
2022-08-05,27.65,25.07,29.78,54.45,50.71,58.83,,
2022-08-06,27.66,25.09,29.8,54.43,50.7,58.84,,
2022-08-07,27.67,25.07,29.82,54.4,50.69,58.86,,
2022-08-08,27.68,25.04,29.83,54.38,50.68,58.84,,
2022-08-09,27.69,25.02,29.84,54.36,50.69,58.77,,
2022-08-10,27.7,25.0,29.86,54.33,50.69,58.71,,
2022-08-11,27.72,25.02,29.88,54.31,50.7,58.74,,
2022-08-12,27.74,25.06,29.9,54.28,50.71,58.8,,
2022-08-13,27.75,25.11,29.92,54.26,50.73,58.73,,
2022-08-14,27.78,25.16,29.94,54.23,50.76,58.66,31.0,51.0
2022-08-15,27.8,25.21,29.96,54.21,50.79,58.59,,
2022-08-16,27.82,25.26,29.98,54.18,50.83,58.51,,
2022-08-17,27.85,25.32,29.99,54.15,50.77,58.47,,
2022-08-18,27.88,25.38,30.01,54.12,50.78,58.47,,
2022-08-19,27.91,25.43,30.01,54.09,50.82,58.45,,
2022-08-20,27.94,25.49,30.01,54.06,50.86,58.45,,
2022-08-21,27.98,25.51,30.01,54.03,50.88,58.38,29.0,47.0
2022-08-22,28.01,25.54,30.01,54.0,50.93,58.33,,
2022-08-23,28.05,25.56,30.04,53.96,50.89,58.24,,
2022-08-24,28.09,25.59,30.08,53.93,50.86,58.23,,
2022-08-25,28.14,25.62,30.09,53.89,50.85,58.24,,
2022-08-26,28.18,25.65,30.13,53.85,50.83,58.27,,
2022-08-27,28.23,25.69,30.18,53.82,50.8,58.29,,
2022-08-28,28.27,25.72,30.21,53.78,50.77,58.28,32.0,50.0
2022-08-29,28.32,25.76,30.23,53.74,50.74,58.25,,
2022-08-30,28.37,25.8,30.23,53.7,50.72,58.21,,
2022-08-31,28.42,25.86,30.26,53.66,50.69,58.18,,
2022-09-01,28.47,25.9,30.28,53.62,50.67,58.13,,
2022-09-02,28.52,25.94,30.28,53.58,50.58,58.08,,
2022-09-03,28.57,25.99,30.29,53.55,50.42,58.03,,
2022-09-04,28.62,26.03,30.33,53.51,50.36,57.98,25.0,54.0
2022-09-05,28.67,26.08,30.33,53.48,50.31,58.14,,
2022-09-06,28.72,26.15,30.38,53.45,50.26,58.25,,
2022-09-07,28.77,26.31,30.39,53.42,50.21,58.15,,
2022-09-08,28.81,26.44,30.41,53.4,50.17,58.19,,
2022-09-09,28.85,26.43,30.48,53.38,49.96,58.24,,
2022-09-10,28.89,26.43,30.54,53.37,49.78,58.33,,
2022-09-11,28.93,26.45,30.54,53.36,49.76,58.43,,
2022-09-12,28.96,26.42,30.54,53.36,49.76,58.52,,
2022-09-13,28.99,26.38,30.55,53.36,49.76,58.61,,
2022-09-14,29.01,26.41,30.62,53.38,49.75,58.7,,
2022-09-15,29.03,26.51,30.64,53.39,49.54,58.78,,
2022-09-16,29.05,26.61,30.66,53.42,49.54,58.86,,
2022-09-17,29.06,26.7,30.74,53.45,49.55,58.94,,
2022-09-18,29.07,26.77,30.75,53.49,49.56,59.01,,
2022-09-19,29.07,26.82,30.76,53.54,49.58,59.07,,
2022-09-20,29.07,26.78,30.77,53.59,49.56,59.15,,
2022-09-21,29.07,26.75,30.86,53.65,49.54,59.26,,
2022-09-22,29.06,26.71,30.93,53.71,49.53,59.36,,
2022-09-23,29.05,26.67,30.98,53.78,49.53,59.41,,
2022-09-24,29.04,26.64,31.0,53.86,49.53,59.47,,
2022-09-25,29.02,26.6,31.0,53.93,49.7,59.51,,
2022-09-26,29.01,26.58,31.0,54.01,49.7,59.6,,
2022-09-27,29.0,26.55,31.0,54.09,49.69,59.75,,
2022-09-28,28.98,26.53,30.8,54.17,49.69,59.91,,
2022-09-29,28.97,26.65,30.62,54.26,49.67,60.07,,
2022-09-30,28.95,26.63,30.62,54.35,49.68,60.23,,
2022-10-01,28.94,26.62,30.61,54.45,49.67,60.4,,
2022-10-02,28.92,26.61,30.61,54.55,49.68,60.57,,
2022-10-03,28.91,26.59,30.61,54.65,49.69,60.75,,
2022-10-04,28.89,26.58,30.6,54.76,49.7,60.93,,
2022-10-05,28.87,26.57,30.6,54.88,49.71,61.06,,
2022-10-06,28.85,26.55,30.6,55.0,49.71,61.16,,
2022-10-07,28.84,26.55,30.6,55.13,49.73,61.27,,
2022-10-08,28.82,26.55,30.6,55.27,49.74,61.37,,
2022-10-09,28.8,26.55,30.59,55.41,49.76,61.48,,
2022-10-10,28.78,26.52,30.58,55.57,49.77,61.6,,
2022-10-11,28.76,26.46,30.58,55.73,49.79,61.72,,
2022-10-12,28.74,26.4,30.58,55.91,49.81,61.84,,
2022-10-13,28.72,26.35,30.59,56.09,49.83,61.96,,
2022-10-14,28.7,26.33,30.59,56.29,49.86,62.09,,
2022-10-15,28.68,26.32,30.59,56.49,49.89,62.22,29.0,65.0
2022-10-16,28.65,26.32,30.6,56.71,49.92,62.35,,
2022-10-17,28.63,26.31,30.6,56.95,49.91,62.49,,
2022-10-18,28.61,26.3,30.61,57.19,49.9,62.62,,
2022-10-19,28.59,26.23,30.61,57.45,49.9,62.76,,
2022-10-20,28.57,26.14,30.59,57.72,49.89,62.9,,
2022-10-21,28.56,26.06,30.58,58.0,49.88,63.08,,
2022-10-22,28.54,25.96,30.61,58.3,49.87,63.29,,
2022-10-23,28.53,25.91,30.65,58.61,49.86,63.49,,
2022-10-24,28.51,25.85,30.69,58.92,49.86,63.68,,
2022-10-25,28.5,25.79,30.73,59.25,49.86,63.84,,
2022-10-26,28.49,25.72,30.77,59.59,49.85,63.94,,
2022-10-27,28.49,25.66,30.82,59.93,49.85,64.04,,
2022-10-28,28.49,25.59,30.88,60.27,49.86,64.13,,
2022-10-29,28.49,25.52,30.92,60.62,49.86,64.22,,
2022-10-30,28.49,25.45,30.97,60.96,49.86,64.35,,
2022-10-31,28.5,25.38,31.04,61.3,49.88,64.51,,
2022-11-01,28.51,25.31,31.14,61.64,49.89,64.64,,
2022-11-02,28.53,25.24,31.26,61.97,49.89,64.75,,
2022-11-03,28.54,25.23,31.35,62.29,49.85,64.81,,
2022-11-04,28.56,25.15,31.49,62.6,49.88,64.89,,
2022-11-05,28.59,25.09,31.64,62.89,49.92,64.94,,
2022-11-06,28.61,25.05,31.79,63.17,49.96,64.98,,
2022-11-07,28.64,25.01,31.91,63.42,49.98,64.99,,
2022-11-08,28.67,25.0,31.98,63.66,50.0,65.0,,
2022-11-09,28.71,25.0,32.0,63.88,50.0,65.0,,
2022-11-10,28.74,25.29,29.06,64.07,53.18,64.95,,
2022-11-11,28.78,25.21,29.04,64.25,53.36,64.97,,
2022-11-12,28.81,25.14,29.02,64.41,53.55,64.98,,
2022-11-13,28.84,25.08,29.01,64.54,53.74,64.99,,
2022-11-14,28.88,25.03,29.0,64.65,53.89,65.0,,
2022-11-15,28.91,25.01,29.0,64.74,53.98,65.0,,
2022-11-16,28.93,25.0,29.0,64.82,54.0,65.0,,
2022-11-17,28.96,25.0,29.0,64.88,54.0,65.0,,
2022-11-18,28.97,25.0,29.0,64.92,54.0,65.0,,
2022-11-19,28.98,25.0,29.0,64.96,54.0,65.0,,
2022-11-20,28.99,25.0,29.0,64.98,54.0,65.0,,
2022-11-21,29.0,25.0,29.0,64.99,54.0,65.0,,
2022-11-22,29.0,25.0,29.0,65.0,54.0,65.0,,
2022-11-23,29.0,29.0,29.0,65.0,65.0,65.0,,
2022-11-24,29.0,29.0,29.0,65.0,65.0,65.0,,
2022-11-25,29.0,28.0,29.0,65.0,52.0,65.0,,
2022-11-26,29.0,28.0,29.0,64.99,52.0,65.0,,
2022-11-27,29.0,28.0,29.0,64.97,52.0,65.0,,
2022-11-28,29.0,28.0,29.0,64.94,52.0,65.0,,
2022-11-29,28.99,28.0,29.0,64.87,52.0,65.0,,
2022-11-30,28.98,28.0,29.0,64.78,52.0,65.0,,
2022-12-01,28.97,28.0,29.0,64.65,52.0,65.0,,
2022-12-02,28.96,28.0,29.0,64.48,52.0,65.0,,
2022-12-03,28.94,28.0,29.0,64.27,52.0,65.0,,
2022-12-04,28.92,28.0,29.0,64.0,52.0,65.0,,
2022-12-05,28.9,28.0,29.0,63.68,52.0,65.0,,
2022-12-06,28.87,28.0,29.0,63.3,52.0,65.0,,
2022-12-07,28.84,28.0,29.0,62.86,52.0,65.0,,
2022-12-08,28.8,28.0,29.0,62.37,52.0,65.0,,
2022-12-09,28.76,28.0,29.0,61.82,52.0,65.0,,
2022-12-10,28.71,28.0,29.0,61.22,52.0,65.0,,
2022-12-11,28.66,28.0,29.0,60.58,52.0,65.0,,
2022-12-12,28.61,28.0,29.0,59.91,52.0,65.0,,
2022-12-13,28.55,28.0,29.0,59.21,52.0,65.0,,
2022-12-14,28.5,28.0,29.0,58.5,52.0,65.0,,
2022-12-15,28.45,28.0,29.0,57.79,52.0,65.0,,
2022-12-16,28.39,28.0,29.0,57.09,52.0,65.0,,
2022-12-17,28.34,28.0,29.0,56.42,52.0,65.0,,
2022-12-18,28.29,28.0,29.0,55.78,52.0,65.0,,
2022-12-19,28.24,28.0,29.0,55.18,52.0,65.0,,
2022-12-20,28.2,28.0,29.0,54.63,52.0,65.0,,
2022-12-21,28.16,28.0,29.0,54.14,52.0,65.0,,
2022-12-22,28.13,28.0,29.0,53.7,52.0,65.0,,
2022-12-23,28.1,28.0,29.0,53.32,52.0,65.0,,
2022-12-24,28.08,28.0,29.0,53.0,52.0,65.0,,
2022-12-25,28.06,28.0,29.0,52.73,52.0,65.0,,
2022-12-26,28.04,28.0,29.0,52.52,52.0,65.0,,
2022-12-27,28.03,28.0,29.0,52.35,52.0,65.0,,
2022-12-28,28.02,28.0,29.0,52.22,52.0,65.0,,
2022-12-29,28.01,28.0,29.0,52.13,52.0,65.0,,
2022-12-30,28.0,28.0,29.0,52.06,52.0,65.0,,
2022-12-31,28.0,28.0,29.0,52.03,52.0,65.0,,
2023-01-01,28.0,28.0,29.0,52.01,52.0,65.0,,
2023-01-02,28.0,28.0,29.0,52.0,52.0,65.0,,
2023-01-03,28.0,28.0,28.0,52.0,52.0,52.0,,
2023-02-12,,,,,,,28.0,52.0