date,Con,Con (low),Con (high),Lab,Lab (low),Lab (high),Ukip,Ukip (low),Ukip (high),Con (poll),Lab (poll),Ukip (poll)
2024-07-04,41.35,39.4,42.43,6.75,6.32,7.21,7.01,5.4,8.61,43.0,7.0,7.0
2024-07-05,41.32,39.36,42.41,6.75,6.33,7.23,7.02,5.43,8.6,,,
2024-07-06,41.29,39.31,42.4,6.76,6.33,7.25,7.02,5.46,8.6,,,
2024-07-07,41.26,39.26,42.39,6.77,6.32,7.26,7.02,5.47,8.75,,,
2024-07-08,41.22,39.22,42.35,6.78,6.33,7.28,7.02,5.5,8.73,,,
2024-07-09,41.19,39.17,42.32,6.79,6.33,7.3,7.02,5.52,8.71,,,
2024-07-10,41.16,39.12,42.28,6.8,6.35,7.32,7.02,5.55,8.69,,,
2024-07-11,41.12,39.08,42.26,6.81,6.37,7.33,7.02,5.58,8.67,,,
2024-07-12,41.09,39.03,42.25,6.82,6.39,7.35,7.03,5.61,8.64,,,
2024-07-13,41.05,38.99,42.21,6.83,6.41,7.37,7.03,5.64,8.62,,,
2024-07-14,41.01,38.94,42.18,6.84,6.43,7.38,7.03,5.66,8.61,,,
2024-07-15,40.98,38.89,42.15,6.85,6.44,7.4,7.03,5.68,8.6,,,
2024-07-16,40.94,38.85,42.11,6.86,6.46,7.42,7.03,5.71,8.59,,,
2024-07-17,40.9,38.8,42.09,6.87,6.49,7.43,7.03,5.74,8.57,,,
2024-07-18,40.87,38.76,42.07,6.88,6.5,7.45,7.03,5.77,8.54,,,
2024-07-19,40.83,38.71,42.05,6.89,6.5,7.46,7.03,5.8,8.52,,,
2024-07-20,40.79,38.67,42.02,6.9,6.5,7.48,7.03,5.83,8.5,,,
2024-07-21,40.75,38.63,42.02,6.91,6.48,7.5,7.03,5.85,8.47,,,
2024-07-22,40.72,38.6,41.98,6.92,6.49,7.52,7.03,5.88,8.45,,,
2024-07-23,40.68,38.56,41.97,6.94,6.49,7.53,7.03,5.9,8.42,,,
2024-07-24,40.64,38.52,41.96,6.95,6.5,7.54,7.03,5.92,8.4,,,
2024-07-25,40.61,38.48,41.94,6.96,6.5,7.55,7.03,5.94,8.37,,,
2024-07-26,40.57,38.45,41.91,6.97,6.52,7.56,7.03,5.97,8.36,40.0,6.0,5.0
2024-07-27,40.53,38.41,41.89,6.98,6.54,7.57,7.03,5.98,8.33,,,
2024-07-28,40.49,38.38,41.88,6.99,6.56,7.58,7.03,5.99,8.31,,,
2024-07-29,40.46,38.36,41.84,7.01,6.57,7.59,7.03,6.0,8.3,,,
2024-07-30,40.42,38.33,41.82,7.02,6.58,7.61,7.03,6.0,8.3,42.0,7.0,9.0
2024-07-31,40.38,38.22,41.78,7.03,6.59,7.66,7.03,5.99,8.29,,,
2024-08-01,40.35,38.19,41.75,7.05,6.59,7.67,7.03,5.99,8.29,,,
2024-08-02,40.31,38.16,41.71,7.06,6.6,7.68,7.03,5.99,8.29,,,
2024-08-03,40.27,38.13,41.67,7.07,6.61,7.7,7.03,5.99,8.28,,,
2024-08-04,40.24,38.1,41.63,7.09,6.62,7.71,7.03,5.99,8.27,,,
2024-08-05,40.2,38.08,41.58,7.1,6.62,7.73,7.03,6.0,8.26,,,
2024-08-06,40.16,38.05,41.55,7.11,6.63,7.75,7.04,6.0,8.24,,,
2024-08-07,40.13,38.03,41.51,7.13,6.64,7.76,7.04,6.0,8.23,,,
2024-08-08,40.09,38.0,41.47,7.14,6.65,7.77,7.04,6.01,8.22,,,
2024-08-09,40.05,37.97,41.45,7.16,6.66,7.79,7.04,6.02,8.21,,,
2024-08-10,40.01,37.95,41.4,7.17,6.67,7.8,7.04,6.02,8.2,,,
2024-08-11,39.98,37.93,41.36,7.19,6.68,7.81,7.04,6.05,8.18,,,
2024-08-12,39.94,37.91,41.31,7.2,6.69,7.82,7.04,6.08,8.16,,,
2024-08-13,39.9,37.88,41.27,7.22,6.7,7.85,7.05,6.09,8.14,,,
2024-08-14,39.86,37.86,41.24,7.24,6.72,7.88,7.05,6.1,8.12,,,
2024-08-15,39.82,37.85,41.21,7.25,6.74,7.92,7.05,6.11,8.1,,,
2024-08-16,39.78,37.84,41.16,7.27,6.75,7.94,7.05,6.13,8.09,,,
2024-08-17,39.74,37.83,41.11,7.28,6.76,7.97,7.06,6.13,8.07,,,
2024-08-18,39.7,37.8,41.08,7.3,6.77,8.0,7.06,6.14,8.06,,,
2024-08-19,39.66,37.76,41.04,7.32,6.78,8.0,7.06,6.15,8.05,,,
2024-08-20,39.62,37.72,41.01,7.33,6.78,8.0,7.07,6.15,8.05,,,
2024-08-21,39.58,37.7,40.99,7.35,6.79,8.0,7.07,6.15,8.04,,,
2024-08-22,39.53,37.67,40.97,7.36,6.8,8.02,7.07,6.15,8.05,,,
2024-08-23,39.49,37.64,40.95,7.38,6.81,8.04,7.08,6.16,8.05,,,
2024-08-24,39.45,37.61,40.92,7.4,6.82,8.06,7.08,6.17,8.05,,,
2024-08-25,39.4,37.5,40.88,7.41,6.83,8.07,7.09,6.17,8.05,,,
2024-08-26,39.36,37.47,40.85,7.43,6.84,8.09,7.09,6.23,8.04,,,
2024-08-27,39.31,37.43,40.82,7.45,6.86,8.1,7.1,6.28,8.03,,,
2024-08-28,39.27,37.39,40.79,7.46,6.87,8.11,7.1,6.29,8.02,,,
2024-08-29,39.22,37.37,40.76,7.48,6.89,8.13,7.11,6.29,8.01,,,
2024-08-30,39.18,37.34,40.71,7.49,6.91,8.14,7.12,6.29,8.01,,,
2024-08-31,39.13,37.3,40.65,7.51,6.93,8.15,7.12,6.3,8.01,,,
2024-09-01,39.09,37.26,40.59,7.52,6.93,8.16,7.13,6.3,8.01,,,
2024-09-02,39.04,37.26,40.52,7.54,6.94,8.17,7.13,6.3,8.0,,,
2024-09-03,39.0,37.22,40.45,7.55,6.95,8.17,7.14,6.31,8.0,,,
2024-09-04,38.95,37.19,40.39,7.57,6.97,8.17,7.15,6.31,7.99,,,
2024-09-05,38.9,37.17,40.33,7.58,6.98,8.18,7.16,6.32,7.99,,,
2024-09-06,38.86,37.15,40.28,7.59,6.99,8.18,7.16,6.35,7.98,,,
2024-09-07,38.81,37.11,40.24,7.61,7.0,8.18,7.17,6.38,7.98,,,
2024-09-08,38.77,37.08,40.21,7.62,7.01,8.18,7.18,6.42,7.98,,,
2024-09-09,38.72,37.04,40.19,7.63,7.02,8.19,7.19,6.45,7.98,,,
2024-09-10,38.67,37.02,40.16,7.64,7.02,8.19,7.2,6.48,7.98,,,
2024-09-11,38.63,37.02,40.14,7.66,7.03,8.19,7.21,6.51,7.99,,,
2024-09-12,38.58,36.97,40.09,7.67,7.05,8.19,7.21,6.54,7.98,,,
2024-09-13,38.54,36.96,40.05,7.68,7.06,8.2,7.22,6.55,7.98,,,
2024-09-14,38.49,36.93,40.0,7.69,7.07,8.22,7.23,6.56,7.97,,,
2024-09-15,38.45,36.88,39.95,7.7,7.08,8.23,7.24,6.57,7.96,,,
2024-09-16,38.41,36.86,39.9,7.71,7.09,8.25,7.25,6.58,7.96,,,
2024-09-17,38.36,36.82,39.85,7.72,7.1,8.27,7.26,6.59,7.96,,,
2024-09-18,38.32,36.79,39.82,7.73,7.1,8.28,7.27,6.61,7.96,,,
2024-09-19,38.28,36.78,39.78,7.74,7.1,8.3,7.28,6.62,7.96,,,
2024-09-20,38.24,36.76,39.73,7.75,7.11,8.31,7.29,6.63,7.96,,,
2024-09-21,38.2,36.75,39.66,7.76,7.1,8.33,7.3,6.64,7.96,,,
2024-09-22,38.15,36.73,39.63,7.76,7.11,8.33,7.31,6.65,7.97,,,
2024-09-23,38.11,36.72,39.59,7.77,7.13,8.33,7.32,6.66,7.99,,,
2024-09-24,38.07,36.71,39.52,7.78,7.14,8.33,7.33,6.69,8.01,,,
2024-09-25,38.03,36.7,39.47,7.79,7.16,8.35,7.34,6.71,8.01,,,
2024-09-26,37.99,36.69,39.43,7.8,7.18,8.36,7.35,6.73,8.0,,,
2024-09-27,37.95,36.68,39.39,7.81,7.19,8.37,7.36,6.76,7.99,,,
2024-09-28,37.91,36.67,39.35,7.82,7.19,8.38,7.37,6.78,8.0,,,
2024-09-29,37.87,36.64,39.31,7.83,7.21,8.38,7.38,6.81,8.01,,,
2024-09-30,37.83,36.56,39.27,7.84,7.23,8.39,7.39,6.84,8.0,,,
2024-10-01,37.79,36.54,39.23,7.85,7.24,8.39,7.4,6.86,8.01,,,
2024-10-02,37.75,36.5,39.2,7.86,7.26,8.4,7.41,6.88,8.02,,,
2024-10-03,37.71,36.45,39.15,7.87,7.27,8.42,7.42,6.89,8.03,,,
2024-10-04,37.67,36.42,39.09,7.88,7.3,8.44,7.43,6.9,8.04,,,
2024-10-05,37.63,36.36,39.03,7.89,7.32,8.47,7.44,6.92,8.05,,,
2024-10-06,37.59,36.34,38.99,7.91,7.32,8.49,7.46,6.93,8.04,,,
2024-10-07,37.55,36.33,38.94,7.92,7.35,8.51,7.47,6.96,8.04,35.0,8.0,8.0
2024-10-08,37.51,36.3,38.89,7.93,7.36,8.53,7.48,6.98,8.05,,,
2024-10-09,37.47,36.28,38.83,7.95,7.38,8.55,7.49,7.0,8.08,,,
2024-10-10,37.44,36.25,38.75,7.96,7.41,8.57,7.51,7.01,8.09,,,
2024-10-11,37.4,36.2,38.71,7.98,7.43,8.59,7.52,7.02,8.09,,,
2024-10-12,37.36,36.15,38.66,7.99,7.46,8.61,7.53,7.04,8.1,,,
2024-10-13,37.32,36.12,38.6,8.01,7.47,8.62,7.55,7.05,8.11,,,
2024-10-14,37.28,36.09,38.54,8.02,7.48,8.65,7.56,7.06,8.13,39.0,8.0,6.0
2024-10-15,37.24,36.06,38.48,8.04,7.52,8.67,7.58,7.08,8.13,,,
2024-10-16,37.21,36.01,38.42,8.06,7.54,8.69,7.59,7.09,8.13,,,
2024-10-17,37.17,35.97,38.38,8.07,7.55,8.71,7.61,7.11,8.14,,,
2024-10-18,37.13,35.96,38.33,8.09,7.56,8.74,7.62,7.13,8.15,,,
2024-10-19,37.1,35.91,38.3,8.11,7.56,8.77,7.64,7.15,8.17,,,
2024-10-20,37.06,35.86,38.26,8.12,7.57,8.8,7.65,7.16,8.21,,,
2024-10-21,37.02,35.81,38.22,8.14,7.58,8.82,7.67,7.17,8.22,,,
2024-10-22,36.98,35.77,38.18,8.16,7.59,8.85,7.68,7.19,8.23,,,
2024-10-23,36.95,35.74,38.14,8.18,7.6,8.87,7.7,7.2,8.24,,,
2024-10-24,36.91,35.71,38.1,8.19,7.61,8.92,7.71,7.21,8.25,,,
2024-10-25,36.87,35.67,38.03,8.21,7.62,8.93,7.73,7.23,8.26,,,
2024-10-26,36.84,35.63,37.98,8.23,7.63,8.95,7.74,7.24,8.27,,,
2024-10-27,36.8,35.59,37.95,8.25,7.65,8.97,7.76,7.27,8.29,,,
2024-10-28,36.76,35.56,37.89,8.27,7.66,9.0,7.77,7.27,8.31,,,
2024-10-29,36.72,35.52,37.84,8.29,7.68,9.02,7.79,7.28,8.32,,,
2024-10-30,36.69,35.47,37.8,8.3,7.69,9.04,7.8,7.29,8.34,,,
2024-10-31,36.65,35.42,37.77,8.32,7.69,9.07,7.82,7.31,8.35,,,
2024-11-01,36.61,35.37,37.73,8.34,7.7,9.09,7.84,7.32,8.36,,,
2024-11-02,36.57,35.36,37.69,8.36,7.72,9.11,7.85,7.34,8.37,,,
2024-11-03,36.53,35.34,37.65,8.38,7.74,9.13,7.87,7.35,8.39,,,
2024-11-04,36.49,35.31,37.6,8.39,7.75,9.16,7.88,7.37,8.4,39.0,8.0,7.0
2024-11-05,36.45,35.26,37.56,8.41,7.78,9.18,7.9,7.39,8.42,,,
2024-11-06,36.41,35.22,37.51,8.43,7.82,9.2,7.91,7.4,8.44,,,
2024-11-07,36.37,35.16,37.47,8.45,7.85,9.22,7.93,7.42,8.46,,,
2024-11-08,36.33,35.11,37.41,8.46,7.88,9.24,7.94,7.43,8.48,,,
2024-11-09,36.29,35.05,37.37,8.48,7.89,9.25,7.96,7.45,8.5,,,
2024-11-10,36.25,35.01,37.32,8.49,7.91,9.27,7.97,7.46,8.53,,,
2024-11-11,36.21,34.97,37.28,8.51,7.92,9.29,7.99,7.48,8.54,,,
2024-11-12,36.17,34.94,37.23,8.53,7.93,9.31,8.0,7.5,8.55,,,
2024-11-13,36.13,34.89,37.18,8.54,7.94,9.33,8.02,7.51,8.56,,,
2024-11-14,36.09,34.85,37.15,8.56,7.95,9.34,8.03,7.53,8.57,,,
2024-11-15,36.05,34.82,37.12,8.57,7.96,9.36,8.05,7.55,8.58,,,
2024-11-16,36.01,34.78,37.08,8.59,7.98,9.36,8.06,7.57,8.59,,,
2024-11-17,35.97,34.75,37.04,8.6,8.0,9.37,8.08,7.59,8.59,,,
2024-11-18,35.93,34.72,37.01,8.61,8.02,9.38,8.09,7.61,8.6,36.0,10.0,8.0
2024-11-19,35.89,34.69,36.97,8.63,8.04,9.39,8.11,7.62,8.61,,,
2024-11-20,35.85,34.66,36.93,8.64,8.06,9.39,8.12,7.64,8.62,,,
2024-11-21,35.81,34.63,36.9,8.66,8.08,9.4,8.14,7.66,8.63,,,
2024-11-22,35.77,34.59,36.86,8.67,8.1,9.41,8.15,7.68,8.64,,,
2024-11-23,35.73,34.56,36.83,8.68,8.11,9.42,8.17,7.69,8.65,,,
2024-11-24,35.69,34.53,36.79,8.69,8.12,9.43,8.18,7.71,8.66,,,
2024-11-25,35.65,34.5,36.75,8.71,8.13,9.44,8.2,7.72,8.67,,,
2024-11-26,35.61,34.48,36.73,8.72,8.14,9.45,8.21,7.74,8.69,,,
2024-11-27,35.57,34.45,36.69,8.73,8.16,9.46,8.23,7.76,8.7,,,
2024-11-28,35.53,34.4,36.66,8.75,8.18,9.47,8.24,7.78,8.72,37.0,8.0,7.0
2024-11-29,35.49,34.36,36.62,8.76,8.2,9.47,8.26,7.79,8.73,,,
2024-11-30,35.45,34.33,36.56,8.77,8.22,9.48,8.27,7.81,8.74,,,
2024-12-01,35.4,34.3,36.5,8.78,8.24,9.49,8.29,7.83,8.75,,,
2024-12-02,35.36,34.26,36.46,8.79,8.26,9.5,8.3,7.85,8.75,,,
2024-12-03,35.32,34.23,36.42,8.81,8.27,9.5,8.32,7.86,8.76,,,
2024-12-04,35.28,34.2,36.37,8.82,8.28,9.51,8.33,7.88,8.77,,,
2024-12-05,35.24,34.16,36.33,8.83,8.29,9.51,8.35,7.9,8.78,,,
2024-12-06,35.2,34.12,36.28,8.84,8.3,9.51,8.36,7.92,8.78,33.0,8.0,9.0
2024-12-07,35.16,34.08,36.23,8.85,8.31,9.52,8.38,7.94,8.8,,,
2024-12-08,35.11,34.04,36.17,8.86,8.32,9.53,8.39,7.96,8.81,,,
2024-12-09,35.07,33.99,36.12,8.88,8.33,9.53,8.41,7.98,8.83,,,
2024-12-10,35.03,33.95,36.07,8.89,8.34,9.54,8.42,8.0,8.84,,,
2024-12-11,34.99,33.91,36.04,8.9,8.35,9.55,8.44,8.02,8.86,,,
2024-12-12,34.95,33.89,36.0,8.91,8.36,9.55,8.45,8.04,8.87,,,
2024-12-13,34.91,33.86,35.97,8.92,8.37,9.56,8.47,8.06,8.89,,,
2024-12-14,34.86,33.82,35.92,8.93,8.38,9.56,8.49,8.07,8.89,,,
2024-12-15,34.82,33.79,35.89,8.94,8.39,9.56,8.5,8.09,8.9,,,
2024-12-16,34.78,33.75,35.86,8.95,8.4,9.57,8.52,8.1,8.9,,,
2024-12-17,34.74,33.7,35.82,8.96,8.41,9.57,8.53,8.11,8.91,,,
2024-12-18,34.7,33.66,35.78,8.97,8.43,9.57,8.55,8.13,8.93,,,
2024-12-19,34.66,33.62,35.74,8.98,8.44,9.57,8.57,8.15,8.95,,,
2024-12-20,34.62,33.58,35.71,8.99,8.45,9.57,8.58,8.16,8.97,,,
2024-12-21,34.58,33.53,35.69,9.0,8.46,9.57,8.6,8.17,8.99,,,
2024-12-22,34.54,33.49,35.65,9.01,8.48,9.57,8.61,8.19,9.0,,,
2024-12-23,34.5,33.45,35.62,9.02,8.49,9.57,8.63,8.21,9.02,38.0,5.0,9.0
2024-12-24,34.46,33.41,35.58,9.03,8.5,9.58,8.65,8.23,9.03,,,
2024-12-25,34.42,33.37,35.55,9.04,8.51,9.58,8.66,8.25,9.05,,,
2024-12-26,34.38,33.34,35.51,9.05,8.52,9.59,8.68,8.27,9.06,,,
2024-12-27,34.35,33.31,35.48,9.06,8.53,9.6,8.69,8.3,9.07,,,
2024-12-28,34.31,33.28,35.44,9.07,8.54,9.6,8.71,8.32,9.08,,,
2024-12-29,34.27,33.25,35.4,9.08,8.55,9.61,8.73,8.34,9.1,,,
2024-12-30,34.23,33.22,35.35,9.09,8.56,9.61,8.74,8.36,9.11,40.0,8.0,7.0
2024-12-31,34.19,33.19,35.32,9.1,8.57,9.62,8.76,8.37,9.12,,,
2025-01-01,34.16,33.17,35.29,9.11,8.58,9.63,8.77,8.39,9.13,,,
2025-01-02,34.12,33.15,35.26,9.12,8.6,9.63,8.79,8.4,9.14,,,
2025-01-03,34.08,33.12,35.23,9.13,8.61,9.64,8.81,8.42,9.15,,,
2025-01-04,34.04,33.09,35.19,9.14,8.62,9.65,8.82,8.43,9.17,,,
2025-01-05,34.01,33.05,35.15,9.15,8.63,9.65,8.84,8.45,9.19,,,
2025-01-06,33.97,33.02,35.1,9.16,8.64,9.66,8.85,8.47,9.2,,,
2025-01-07,33.93,32.99,35.05,9.17,8.66,9.67,8.87,8.49,9.21,,,
2025-01-08,33.9,32.95,35.0,9.18,8.67,9.68,8.88,8.5,9.22,,,
2025-01-09,33.86,32.92,34.97,9.19,8.68,9.69,8.9,8.52,9.23,,,
2025-01-10,33.82,32.88,34.92,9.2,8.69,9.69,8.91,8.53,9.24,,,
2025-01-11,33.79,32.85,34.87,9.21,8.71,9.7,8.93,8.55,9.25,,,
2025-01-12,33.75,32.82,34.81,9.22,8.72,9.71,8.94,8.57,9.26,,,
2025-01-13,33.71,32.79,34.76,9.24,8.73,9.72,8.95,8.59,9.27,35.0,11.0,8.0
2025-01-14,33.68,32.75,34.73,9.25,8.75,9.73,8.97,8.61,9.29,,,
2025-01-15,33.64,32.72,34.7,9.26,8.76,9.74,8.98,8.62,9.3,,,
2025-01-16,33.61,32.69,34.68,9.27,8.78,9.74,9.0,8.64,9.31,,,
2025-01-17,33.57,32.66,34.65,9.28,8.79,9.75,9.01,8.65,9.32,,,
2025-01-18,33.53,32.62,34.62,9.29,8.81,9.76,9.02,8.66,9.33,,,
2025-01-19,33.5,32.58,34.57,9.31,8.82,9.77,9.04,8.68,9.34,,,
2025-01-20,33.46,32.54,34.52,9.32,8.83,9.78,9.05,8.69,9.36,31.0,12.0,10.0
2025-01-21,33.43,32.49,34.48,9.33,8.85,9.79,9.06,8.71,9.37,,,
2025-01-22,33.39,32.46,34.43,9.34,8.88,9.8,9.08,8.73,9.39,,,
2025-01-23,33.35,32.44,34.38,9.36,8.9,9.81,9.09,8.74,9.41,36.0,9.0,9.0
2025-01-24,33.32,32.42,34.33,9.37,8.91,9.82,9.1,8.76,9.43,,,
2025-01-25,33.28,32.4,34.28,9.38,8.93,9.83,9.11,8.78,9.44,,,
2025-01-26,33.25,32.39,34.23,9.4,8.94,9.84,9.13,8.79,9.45,,,
2025-01-27,33.21,32.36,34.18,9.41,8.95,9.85,9.14,8.79,9.46,37.0,9.0,9.0
2025-01-28,33.18,32.32,34.13,9.42,8.96,9.86,9.15,8.81,9.47,,,
2025-01-29,33.14,32.29,34.08,9.43,8.97,9.87,9.16,8.82,9.48,,,
2025-01-30,33.11,32.27,34.02,9.45,8.99,9.88,9.17,8.83,9.49,,,
2025-01-31,33.07,32.24,33.98,9.46,9.0,9.88,9.18,8.84,9.5,,,
2025-02-01,33.04,32.21,33.95,9.48,9.02,9.89,9.2,8.85,9.51,,,
2025-02-02,33.0,32.18,33.91,9.49,9.03,9.9,9.21,8.86,9.52,,,
2025-02-03,32.97,32.15,33.88,9.5,9.04,9.91,9.22,8.88,9.53,35.0,10.0,9.0
2025-02-04,32.93,32.12,33.84,9.52,9.05,9.92,9.23,8.89,9.54,,,
2025-02-05,32.9,32.08,33.8,9.53,9.07,9.93,9.24,8.9,9.55,,,
2025-02-06,32.87,32.05,33.77,9.54,9.08,9.94,9.25,8.91,9.56,,,
2025-02-07,32.83,32.02,33.73,9.56,9.09,9.96,9.26,8.93,9.57,36.0,8.0,8.0
2025-02-08,32.8,31.99,33.69,9.57,9.11,9.98,9.27,8.94,9.58,32.0,9.0,9.0
2025-02-09,32.76,31.97,33.65,9.59,9.12,9.99,9.28,8.95,9.59,,,
2025-02-10,32.73,31.94,33.61,9.6,9.13,10.01,9.29,8.97,9.59,30.0,9.0,9.0
2025-02-11,32.69,31.92,33.56,9.62,9.15,10.03,9.3,8.98,9.6,,,
2025-02-12,32.65,31.89,33.51,9.63,9.16,10.05,9.31,8.99,9.61,,,
2025-02-13,32.62,31.87,33.46,9.65,9.17,10.06,9.32,9.0,9.62,,,
2025-02-14,32.58,31.84,33.41,9.66,9.18,10.07,9.33,9.01,9.63,,,
2025-02-15,32.55,31.8,33.37,9.67,9.2,10.08,9.34,9.03,9.64,,,
2025-02-16,32.51,31.77,33.32,9.69,9.23,10.09,9.35,9.04,9.65,,,
2025-02-17,32.48,31.73,33.27,9.7,9.23,10.11,9.36,9.05,9.66,30.0,11.0,8.0
2025-02-18,32.44,31.69,33.22,9.72,9.24,10.13,9.37,9.06,9.68,,,
2025-02-19,32.4,31.67,33.18,9.73,9.25,10.14,9.38,9.07,9.69,32.0,9.0,9.0
2025-02-20,32.37,31.65,33.13,9.75,9.26,10.16,9.39,9.08,9.7,,,
2025-02-21,32.33,31.61,33.09,9.76,9.27,10.18,9.4,9.1,9.71,,,
2025-02-22,32.3,31.58,33.06,9.78,9.29,10.2,9.41,9.11,9.72,,,
2025-02-23,32.26,31.54,33.02,9.79,9.31,10.21,9.42,9.12,9.73,,,
2025-02-24,32.22,31.51,32.98,9.81,9.34,10.22,9.43,9.12,9.74,29.0,10.0,11.0
2025-02-25,32.19,31.47,32.92,9.82,9.36,10.23,9.44,9.14,9.75,,,
2025-02-26,32.15,31.44,32.87,9.84,9.38,10.25,9.45,9.15,9.76,,,
2025-02-27,32.12,31.4,32.82,9.86,9.41,10.27,9.46,9.16,9.77,,,
2025-02-28,32.08,31.37,32.78,9.87,9.43,10.28,9.47,9.18,9.78,,,
2025-03-01,32.04,31.35,32.73,9.89,9.44,10.31,9.48,9.19,9.79,,,
2025-03-02,32.01,31.33,32.69,9.9,9.45,10.33,9.49,9.2,9.8,,,
2025-03-03,31.97,31.28,32.64,9.92,9.47,10.34,9.5,9.21,9.81,33.0,8.0,11.0
2025-03-04,31.94,31.26,32.6,9.93,9.48,10.36,9.51,9.22,9.82,,,
2025-03-05,31.9,31.24,32.56,9.95,9.49,10.37,9.52,9.23,9.83,,,
2025-03-06,31.87,31.21,32.53,9.96,9.51,10.38,9.53,9.24,9.84,,,
2025-03-07,31.83,31.19,32.49,9.98,9.52,10.39,9.54,9.25,9.85,,,
2025-03-08,31.79,31.17,32.45,9.99,9.54,10.4,9.55,9.26,9.86,,,
2025-03-09,31.76,31.15,32.42,10.01,9.57,10.41,9.56,9.27,9.87,,,
2025-03-10,31.72,31.13,32.39,10.02,9.6,10.42,9.57,9.28,9.88,31.0,11.0,10.0
2025-03-11,31.69,31.11,32.35,10.04,9.63,10.44,9.58,9.29,9.89,32.0,10.0,9.0
2025-03-12,31.65,31.08,32.31,10.05,9.65,10.46,9.59,9.3,9.9,,,
2025-03-13,31.62,31.04,32.28,10.07,9.67,10.47,9.6,9.31,9.91,,,
2025-03-14,31.58,31.0,32.26,10.08,9.68,10.49,9.61,9.32,9.92,,,
2025-03-15,31.55,30.97,32.23,10.1,9.68,10.5,9.62,9.33,9.92,,,
2025-03-16,31.51,30.93,32.19,10.11,9.69,10.52,9.63,9.34,9.94,,,
2025-03-17,31.48,30.9,32.16,10.13,9.7,10.53,9.64,9.35,9.95,32.0,10.0,8.0
2025-03-18,31.45,30.87,32.13,10.14,9.71,10.55,9.65,9.36,9.96,,,
2025-03-19,31.41,30.84,32.09,10.16,9.72,10.57,9.66,9.37,9.97,,,
2025-03-20,31.38,30.81,32.06,10.17,9.73,10.59,9.67,9.38,9.98,,,
2025-03-21,31.34,30.78,32.02,10.18,9.73,10.61,9.68,9.39,9.99,33.0,9.0,9.0
2025-03-22,31.31,30.75,31.98,10.2,9.75,10.62,9.7,9.41,10.0,,,
2025-03-23,31.28,30.72,31.93,10.21,9.76,10.63,9.71,9.42,10.01,,,
2025-03-24,31.25,30.68,31.88,10.23,9.78,10.65,9.72,9.43,10.03,31.0,9.0,10.5
2025-03-25,31.21,30.65,31.84,10.24,9.79,10.66,9.73,9.44,10.04,,,
2025-03-26,31.18,30.62,31.81,10.25,9.8,10.67,9.74,9.46,10.05,,,
2025-03-27,31.15,30.58,31.76,10.27,9.81,10.68,9.75,9.47,10.06,,,
2025-03-28,31.12,30.53,31.72,10.28,9.82,10.69,9.76,9.48,10.07,,,
2025-03-29,31.09,30.49,31.69,10.29,9.83,10.71,9.77,9.49,10.08,,,
2025-03-30,31.05,30.46,31.65,10.31,9.85,10.73,9.78,9.5,10.09,,,
2025-03-31,31.02,30.42,31.61,10.32,9.86,10.74,9.79,9.51,10.1,31.0,9.0,13.0
2025-04-01,30.99,30.4,31.58,10.33,9.87,10.76,9.8,9.52,10.12,,,
2025-04-02,30.96,30.36,31.54,10.34,9.87,10.77,9.82,9.53,10.14,,,
2025-04-03,30.93,30.32,31.51,10.36,9.88,10.79,9.83,9.55,10.15,,,
2025-04-04,30.9,30.3,31.48,10.37,9.89,10.8,9.84,9.56,10.16,,,
2025-04-05,30.87,30.27,31.45,10.38,9.89,10.82,9.85,9.57,10.18,,,
2025-04-06,30.84,30.25,31.42,10.4,9.9,10.84,9.86,9.58,10.19,,,
2025-04-07,30.81,30.23,31.39,10.41,9.92,10.86,9.87,9.59,10.2,32.0,13.0,9.0
2025-04-08,30.78,30.21,31.37,10.42,9.93,10.87,9.89,9.6,10.21,,,
2025-04-09,30.76,30.19,31.34,10.43,9.95,10.89,9.9,9.61,10.23,,,
2025-04-10,30.73,30.17,31.31,10.44,9.96,10.91,9.91,9.62,10.24,,,
2025-04-11,30.7,30.13,31.28,10.46,9.98,10.93,9.92,9.63,10.25,,,
2025-04-12,30.67,30.1,31.25,10.47,9.99,10.94,9.93,9.64,10.26,,,
2025-04-13,30.65,30.06,31.22,10.48,10.0,10.96,9.94,9.65,10.28,,,
2025-04-14,30.62,30.04,31.2,10.49,10.01,10.97,9.96,9.67,10.29,31.0,11.0,10.0
2025-04-15,30.59,30.02,31.18,10.5,10.02,10.98,9.97,9.68,10.3,,,
2025-04-16,30.57,29.99,31.16,10.52,10.03,10.99,9.98,9.68,10.32,31.0,11.0,10.0
2025-04-17,30.54,29.96,31.14,10.53,10.04,11.0,9.99,9.69,10.33,,,
2025-04-18,30.52,29.93,31.11,10.54,10.05,11.01,10.0,9.7,10.35,,,
2025-04-19,30.49,29.91,31.09,10.55,10.06,11.02,10.01,9.71,10.37,,,
2025-04-20,30.47,29.88,31.07,10.56,10.07,11.04,10.03,9.72,10.38,,,
2025-04-21,30.44,29.85,31.04,10.58,10.08,11.05,10.04,9.73,10.4,,,
2025-04-22,30.42,29.83,31.02,10.59,10.09,11.07,10.05,9.74,10.41,29.0,11.0,9.0
2025-04-23,30.39,29.8,30.99,10.6,10.1,11.08,10.06,9.75,10.43,,,
2025-04-24,30.37,29.78,30.97,10.61,10.12,11.09,10.07,9.77,10.44,,,
2025-04-25,30.34,29.75,30.95,10.62,10.13,11.11,10.08,9.78,10.45,32.0,9.0,9.0
2025-04-26,30.32,29.73,30.92,10.63,10.14,11.12,10.09,9.79,10.47,,,
2025-04-27,30.3,29.71,30.9,10.64,10.15,11.14,10.11,9.8,10.48,,,
2025-04-28,30.27,29.68,30.87,10.66,10.16,11.16,10.12,9.81,10.49,29.0,11.0,9.0
2025-04-29,30.25,29.66,30.84,10.67,10.17,11.17,10.13,9.81,10.5,,,
2025-04-30,30.23,29.64,30.8,10.68,10.18,11.18,10.14,9.82,10.51,,,
2025-05-01,30.2,29.61,30.79,10.69,10.19,11.19,10.15,9.83,10.52,,,
2025-05-02,30.18,29.59,30.77,10.7,10.2,11.2,10.16,9.84,10.53,,,
2025-05-03,30.16,29.57,30.75,10.71,10.21,11.22,10.17,9.86,10.54,29.0,11.0,11.0
2025-05-04,30.14,29.55,30.72,10.73,10.22,11.23,10.18,9.87,10.54,,,
2025-05-05,30.11,29.53,30.69,10.74,10.23,11.24,10.19,9.88,10.55,,,
2025-05-06,30.09,29.5,30.66,10.75,10.24,11.26,10.2,9.9,10.56,27.0,14.0,10.0
2025-05-07,30.07,29.48,30.63,10.76,10.25,11.27,10.21,9.91,10.57,,,
2025-05-08,30.05,29.46,30.6,10.77,10.26,11.28,10.22,9.92,10.57,,,
2025-05-09,30.02,29.44,30.58,10.78,10.27,11.29,10.23,9.93,10.58,,,
2025-05-10,30.0,29.42,30.55,10.79,10.29,11.31,10.24,9.94,10.59,,,
2025-05-11,29.98,29.39,30.52,10.81,10.3,11.32,10.25,9.95,10.59,,,
2025-05-12,29.96,29.37,30.49,10.82,10.31,11.33,10.26,9.96,10.6,31.0,8.0,11.0
2025-05-13,29.93,29.35,30.47,10.83,10.33,11.34,10.27,9.97,10.61,,,
2025-05-14,29.91,29.33,30.45,10.84,10.34,11.35,10.28,9.98,10.61,,,
2025-05-15,29.89,29.3,30.42,10.85,10.36,11.36,10.28,9.99,10.62,,,
2025-05-16,29.87,29.27,30.39,10.86,10.37,11.37,10.29,10.0,10.62,,,
2025-05-17,29.84,29.25,30.36,10.87,10.38,11.39,10.3,10.01,10.63,,,
2025-05-18,29.82,29.22,30.34,10.88,10.4,11.4,10.31,10.02,10.63,,,
2025-05-19,29.8,29.2,30.32,10.89,10.41,11.41,10.32,10.03,10.64,29.0,14.0,10.0
2025-05-20,29.78,29.18,30.29,10.9,10.42,11.42,10.32,10.04,10.64,,,
2025-05-21,29.75,29.16,30.26,10.91,10.44,11.43,10.33,10.05,10.64,29.0,11.0,10.0
2025-05-22,29.73,29.15,30.24,10.92,10.45,11.44,10.34,10.06,10.64,,,
2025-05-23,29.71,29.12,30.21,10.93,10.46,11.45,10.35,10.07,10.65,,,
2025-05-24,29.69,29.1,30.18,10.94,10.48,11.46,10.35,10.08,10.65,,,
2025-05-25,29.66,29.08,30.16,10.95,10.49,11.46,10.36,10.09,10.66,,,
2025-05-26,29.64,29.06,30.13,10.96,10.5,11.47,10.37,10.1,10.66,,,
2025-05-27,29.62,29.04,30.09,10.97,10.51,11.48,10.37,10.11,10.67,24.0,12.0,11.0
2025-05-28,29.59,29.02,30.06,10.98,10.52,11.49,10.38,10.12,10.67,,,
2025-05-29,29.57,28.99,30.03,10.99,10.53,11.49,10.39,10.12,10.68,,,
2025-05-30,29.55,28.96,30.0,11.0,10.54,11.51,10.39,10.13,10.68,,,
2025-05-31,29.52,28.93,29.99,11.01,10.56,11.52,10.4,10.14,10.69,,,
2025-06-01,29.5,28.9,29.97,11.02,10.58,11.53,10.41,10.15,10.7,,,
2025-06-02,29.47,28.87,29.95,11.02,10.59,11.55,10.41,10.15,10.7,27.0,10.0,12.0
2025-06-03,29.45,28.84,29.92,11.03,10.6,11.56,10.42,10.16,10.71,,,
2025-06-04,29.43,28.81,29.89,11.04,10.6,11.57,10.43,10.16,10.72,,,
2025-06-05,29.4,28.78,29.87,11.05,10.61,11.57,10.43,10.17,10.73,,,
2025-06-06,29.38,28.75,29.85,11.06,10.62,11.58,10.44,10.18,10.74,,,
2025-06-07,29.35,28.73,29.83,11.06,10.63,11.59,10.44,10.19,10.74,,,
2025-06-08,29.33,28.72,29.81,11.07,10.64,11.6,10.45,10.2,10.75,,,
2025-06-09,29.3,28.7,29.78,11.08,10.65,11.61,10.46,10.21,10.75,31.0,14.0,9.0
2025-06-10,29.28,28.68,29.76,11.08,10.66,11.62,10.46,10.22,10.76,,,
2025-06-11,29.25,28.66,29.73,11.09,10.67,11.63,10.47,10.22,10.76,,,
2025-06-12,29.23,28.63,29.71,11.1,10.68,11.62,10.48,10.23,10.77,30.0,10.0,10.0
2025-06-13,29.2,28.6,29.69,11.1,10.69,11.62,10.49,10.24,10.78,,,
2025-06-14,29.18,28.56,29.67,11.11,10.69,11.62,10.49,10.25,10.79,,,
2025-06-15,29.15,28.54,29.65,11.12,10.7,11.61,10.5,10.26,10.8,,,
2025-06-16,29.13,28.53,29.63,11.12,10.71,11.62,10.51,10.26,10.8,28.0,12.0,12.0
2025-06-17,29.11,28.51,29.61,11.13,10.71,11.62,10.52,10.27,10.81,,,
2025-06-18,29.08,28.49,29.58,11.13,10.71,11.62,10.52,10.27,10.81,,,
2025-06-19,29.06,28.47,29.56,11.14,10.72,11.63,10.53,10.28,10.81,,,
2025-06-20,29.03,28.45,29.54,11.14,10.73,11.63,10.54,10.29,10.82,,,
2025-06-21,29.01,28.42,29.52,11.15,10.74,11.63,10.55,10.3,10.82,,,
2025-06-22,28.98,28.4,29.5,11.15,10.74,11.63,10.56,10.31,10.83,,,
2025-06-23,28.96,28.37,29.48,11.16,10.75,11.64,10.56,10.31,10.84,29.0,13.0,12.0
2025-06-24,28.94,28.35,29.46,11.16,10.75,11.64,10.57,10.32,10.84,,,
2025-06-25,28.91,28.32,29.44,11.17,10.76,11.64,10.58,10.33,10.85,,,
2025-06-26,28.89,28.3,29.42,11.17,10.76,11.64,10.59,10.33,10.86,,,
2025-06-27,28.87,28.28,29.4,11.17,10.76,11.65,10.6,10.34,10.86,,,
2025-06-28,28.85,28.25,29.38,11.18,10.77,11.65,10.61,10.34,10.88,,,
2025-06-29,28.82,28.23,29.36,11.18,10.77,11.65,10.62,10.35,10.89,,,
2025-06-30,28.8,28.21,29.34,11.18,10.77,11.65,10.63,10.36,10.9,31.0,10.5,10.5
2025-07-01,28.78,28.19,29.32,11.19,10.77,11.66,10.64,10.37,10.92,,,
2025-07-02,28.76,28.17,29.31,11.19,10.79,11.66,10.65,10.38,10.94,,,
2025-07-03,28.74,28.15,29.29,11.19,10.8,11.66,10.66,10.38,10.95,,,
2025-07-04,28.72,28.12,29.27,11.2,10.8,11.66,10.67,10.39,10.96,,,
2025-07-05,28.7,28.1,29.24,11.2,10.8,11.66,10.68,10.4,10.98,,,
2025-07-06,28.68,28.07,29.21,11.2,10.79,11.67,10.69,10.4,10.99,,,
2025-07-07,28.66,28.05,29.19,11.2,10.79,11.67,10.71,10.41,11.01,31.0,9.0,11.0
2025-07-08,28.64,28.02,29.17,11.2,10.79,11.67,10.72,10.42,11.02,,,
2025-07-09,28.62,28.0,29.15,11.21,10.79,11.67,10.73,10.43,11.04,,,
2025-07-10,28.6,27.98,29.13,11.21,10.8,11.67,10.74,10.44,11.05,,,
2025-07-11,28.58,27.95,29.12,11.21,10.8,11.66,10.75,10.44,11.07,,,
2025-07-12,28.56,27.93,29.1,11.21,10.8,11.65,10.77,10.45,11.08,,,
2025-07-13,28.54,27.91,29.09,11.21,10.8,11.66,10.78,10.46,11.1,,,
2025-07-14,28.52,27.89,29.08,11.21,10.8,11.66,10.79,10.47,11.12,26.0,14.0,12.0
2025-07-15,28.51,27.88,29.06,11.21,10.8,11.67,10.81,10.48,11.15,,,
2025-07-16,28.49,27.86,29.05,11.22,10.8,11.67,10.82,10.49,11.16,,,
2025-07-17,28.47,27.84,29.05,11.22,10.8,11.67,10.84,10.5,11.18,,,
2025-07-18,28.45,27.82,29.04,11.22,10.8,11.67,10.85,10.51,11.2,,,
2025-07-19,28.43,27.81,29.02,11.22,10.8,11.67,10.87,10.52,11.21,,,
2025-07-20,28.42,27.79,29.01,11.22,10.8,11.67,10.89,10.54,11.23,,,
2025-07-21,28.4,27.77,28.99,11.22,10.8,11.67,10.9,10.55,11.25,32.0,10.0,10.0
2025-07-22,28.38,27.76,28.97,11.22,10.8,11.68,10.92,10.57,11.27,,,
2025-07-23,28.36,27.74,28.95,11.22,10.81,11.68,10.94,10.58,11.29,29.0,12.0,11.0
2025-07-24,28.34,27.72,28.94,11.22,10.81,11.68,10.95,10.59,11.3,,,
2025-07-25,28.33,27.7,28.93,11.22,10.82,11.68,10.97,10.6,11.32,,,
2025-07-26,28.31,27.68,28.91,11.22,10.82,11.68,10.99,10.62,11.34,,,
2025-07-27,28.29,27.66,28.9,11.22,10.82,11.68,11.01,10.63,11.37,,,
2025-07-28,28.27,27.65,28.89,11.22,10.83,11.68,11.03,10.65,11.39,31.0,10.0,11.0
2025-07-29,28.25,27.63,28.89,11.22,10.82,11.68,11.05,10.66,11.42,,,
2025-07-30,28.24,27.61,28.88,11.22,10.82,11.68,11.07,10.67,11.44,30.0,10.0,10.0
2025-07-31,28.22,27.59,28.86,11.22,10.82,11.68,11.09,10.69,11.47,,,
2025-08-01,28.2,27.58,28.84,11.22,10.81,11.69,11.11,10.71,11.5,,,
2025-08-02,28.18,27.56,28.82,11.22,10.81,11.69,11.13,10.73,11.53,,,
2025-08-03,28.16,27.53,28.81,11.22,10.82,11.68,11.15,10.75,11.55,,,
2025-08-04,28.14,27.51,28.8,11.22,10.83,11.68,11.18,10.77,11.57,27.0,11.0,11.0
2025-08-05,28.12,27.49,28.79,11.22,10.83,11.69,11.2,10.79,11.59,,,
2025-08-06,28.11,27.46,28.78,11.22,10.83,11.68,11.22,10.81,11.62,,,
2025-08-07,28.09,27.43,28.77,11.22,10.82,11.68,11.24,10.84,11.64,,,
2025-08-08,28.07,27.4,28.77,11.22,10.82,11.67,11.27,10.86,11.65,,,
2025-08-09,28.05,27.36,28.76,11.22,10.81,11.66,11.29,10.88,11.68,,,
2025-08-10,28.03,27.34,28.75,11.22,10.81,11.66,11.32,10.89,11.72,,,
2025-08-11,28.01,27.32,28.74,11.21,10.8,11.65,11.34,10.9,11.76,27.0,12.0,10.0
2025-08-12,27.99,27.29,28.72,11.21,10.8,11.64,11.37,10.92,11.81,,,
2025-08-13,27.97,27.27,28.71,11.21,10.79,11.63,11.39,10.94,11.85,,,
2025-08-14,27.94,27.25,28.7,11.21,10.79,11.63,11.42,10.96,11.88,,,
2025-08-15,27.92,27.24,28.68,11.21,10.79,11.63,11.44,10.98,11.91,,,
2025-08-16,27.9,27.22,28.67,11.21,10.78,11.63,11.47,11.0,11.94,,,
2025-08-17,27.88,27.2,28.65,11.2,10.78,11.63,11.5,11.02,11.98,,,
2025-08-18,27.85,27.19,28.63,11.2,10.77,11.63,11.53,11.05,12.02,27.0,10.0,10.5
2025-08-19,27.83,27.17,28.61,11.2,10.77,11.62,11.56,11.06,12.05,,,
2025-08-20,27.81,27.14,28.59,11.2,10.76,11.62,11.58,11.08,12.08,,,
2025-08-21,27.78,27.12,28.57,11.19,10.76,11.62,11.61,11.1,12.12,,,
2025-08-22,27.76,27.08,28.55,11.19,10.76,11.61,11.64,11.11,12.15,,,
2025-08-23,27.73,27.04,28.54,11.19,10.75,11.61,11.67,11.13,12.19,,,
2025-08-24,27.71,27.0,28.53,11.19,10.75,11.6,11.7,11.15,12.22,,,
2025-08-25,27.68,26.97,28.52,11.18,10.75,11.59,11.74,11.18,12.25,,,
2025-08-26,27.65,26.94,28.5,11.18,10.74,11.58,11.77,11.21,12.31,26.0,13.0,9.0
2025-08-27,27.63,26.91,28.48,11.18,10.73,11.57,11.8,11.25,12.35,,,
2025-08-28,27.6,26.88,28.45,11.17,10.72,11.56,11.83,11.28,12.4,,,
2025-08-29,27.57,26.85,28.43,11.17,10.72,11.55,11.87,11.31,12.44,,,
2025-08-30,27.54,26.82,28.4,11.17,10.73,11.54,11.9,11.33,12.49,,,
2025-08-31,27.51,26.79,28.37,11.17,10.73,11.53,11.93,11.35,12.53,,,
2025-09-01,27.48,26.77,28.33,11.16,10.73,11.52,11.97,11.36,12.57,25.0,13.0,10.0
2025-09-02,27.45,26.74,28.3,11.16,10.73,11.52,12.0,11.39,12.61,,,
2025-09-03,27.42,26.7,28.27,11.16,10.73,11.51,12.04,11.41,12.66,27.0,11.0,10.0
2025-09-04,27.39,26.67,28.24,11.15,10.73,11.51,12.07,11.46,12.7,,,
2025-09-05,27.36,26.64,28.21,11.15,10.73,11.5,12.11,11.49,12.75,,,
2025-09-06,27.33,26.61,28.18,11.15,10.72,11.5,12.15,11.52,12.81,,,
2025-09-07,27.3,26.58,28.15,11.15,10.72,11.5,12.18,11.55,12.85,,,
2025-09-08,27.27,26.55,28.13,11.14,10.72,11.49,12.22,11.58,12.9,28.0,10.0,15.0
2025-09-09,27.23,26.51,28.1,11.14,10.72,11.48,12.26,11.63,12.95,,,
2025-09-10,27.2,26.48,28.07,11.14,10.72,11.47,12.29,11.67,12.99,,,
2025-09-11,27.17,26.45,28.03,11.13,10.72,11.47,12.33,11.71,13.03,,,
2025-09-12,27.13,26.42,27.99,11.13,10.72,11.47,12.37,11.74,13.08,,,
2025-09-13,27.1,26.39,27.95,11.13,10.71,11.47,12.41,11.77,13.12,,,
2025-09-14,27.07,26.36,27.92,11.13,10.71,11.47,12.45,11.8,13.17,,,
2025-09-15,27.03,26.32,27.88,11.12,10.71,11.47,12.48,11.82,13.23,25.0,11.0,12.0
2025-09-16,27.0,26.29,27.85,11.12,10.7,11.47,12.52,11.84,13.28,,,
2025-09-17,26.97,26.26,27.83,11.12,10.7,11.47,12.56,11.86,13.33,,,
2025-09-18,26.93,26.23,27.8,11.12,10.69,11.47,12.6,11.9,13.37,,,
2025-09-19,26.9,26.2,27.77,11.11,10.69,11.47,12.64,11.92,13.41,,,
2025-09-20,26.87,26.17,27.74,11.11,10.69,11.46,12.68,11.95,13.44,,,
2025-09-21,26.83,26.15,27.71,11.11,10.68,11.46,12.72,11.97,13.49,,,
2025-09-22,26.8,26.12,27.68,11.11,10.68,11.46,12.76,12.01,13.53,31.0,10.0,13.0
2025-09-23,26.76,26.09,27.65,11.1,10.68,11.46,12.8,12.05,13.57,,,
2025-09-24,26.73,26.05,27.62,11.1,10.68,11.46,12.84,12.09,13.62,,,
2025-09-25,26.7,26.02,27.59,11.1,10.68,11.46,12.88,12.13,13.68,27.0,10.0,10.0
2025-09-26,26.66,25.98,27.56,11.1,10.68,11.46,12.92,12.16,13.73,,,
2025-09-27,26.63,25.95,27.53,11.09,10.69,11.46,12.96,12.2,13.79,,,
2025-09-28,26.59,25.92,27.5,11.09,10.69,11.46,13.0,12.23,13.84,,,
2025-09-29,26.56,25.89,27.46,11.09,10.69,11.46,13.04,12.28,13.88,28.0,12.0,11.0
2025-09-30,26.53,25.87,27.44,11.09,10.68,11.46,13.08,12.33,13.92,,,
2025-10-01,26.5,25.84,27.41,11.08,10.68,11.46,13.12,12.38,13.95,,,
2025-10-02,26.46,25.82,27.37,11.08,10.68,11.46,13.16,12.43,13.99,,,
2025-10-03,26.43,25.77,27.34,11.08,10.68,11.46,13.2,12.47,14.02,,,
2025-10-04,26.4,25.73,27.31,11.08,10.67,11.46,13.24,12.49,14.05,,,
2025-10-05,26.37,25.69,27.28,11.08,10.66,11.46,13.28,12.53,14.07,,,
2025-10-06,26.34,25.66,27.24,11.07,10.66,11.46,13.32,12.58,14.1,24.0,14.0,14.0
2025-10-07,26.31,25.63,27.21,11.07,10.65,11.46,13.36,12.63,14.13,,,
2025-10-08,26.28,25.6,27.18,11.07,10.65,11.45,13.4,12.67,14.17,,,
2025-10-09,26.25,25.56,27.16,11.07,10.64,11.44,13.44,12.7,14.21,,,
2025-10-10,26.22,25.54,27.13,11.07,10.64,11.45,13.48,12.73,14.25,,,
2025-10-11,26.19,25.52,27.1,11.06,10.63,11.45,13.52,12.77,14.29,,,
2025-10-12,26.16,25.49,27.08,11.06,10.63,11.45,13.56,12.8,14.34,,,
2025-10-13,26.13,25.46,27.06,11.06,10.62,11.45,13.6,12.83,14.38,30.0,9.0,14.0
2025-10-14,26.1,25.43,27.03,11.06,10.62,11.45,13.64,12.87,14.42,,,
2025-10-15,26.08,25.4,26.99,11.06,10.62,11.46,13.68,12.9,14.46,,,
2025-10-16,26.05,25.38,26.96,11.05,10.62,11.46,13.72,12.94,14.51,,,
2025-10-17,26.02,25.35,26.92,11.05,10.61,11.46,13.76,12.98,14.55,,,
2025-10-18,26.0,25.32,26.89,11.05,10.61,11.46,13.8,13.03,14.59,,,
2025-10-19,25.97,25.29,26.85,11.04,10.61,11.46,13.84,13.08,14.63,,,
2025-10-20,25.95,25.26,26.82,11.04,10.6,11.47,13.88,13.13,14.66,24.0,13.0,15.0
2025-10-21,25.92,25.24,26.79,11.04,10.6,11.47,13.92,13.16,14.68,,,
2025-10-22,25.9,25.21,26.75,11.04,10.59,11.46,13.96,13.21,14.73,,,
2025-10-23,25.87,25.19,26.72,11.03,10.59,11.46,14.0,13.25,14.78,,,
2025-10-24,25.85,25.16,26.7,11.03,10.58,11.46,14.04,13.3,14.83,,,
2025-10-25,25.82,25.14,26.68,11.02,10.57,11.46,14.08,13.35,14.87,,,
2025-10-26,25.8,25.12,26.65,11.02,10.56,11.46,14.12,13.39,14.9,,,
2025-10-27,25.78,25.1,26.63,11.01,10.56,11.46,14.17,13.44,14.93,21.0,13.0,17.0
2025-10-28,25.76,25.08,26.61,11.01,10.55,11.46,14.21,13.49,14.96,,,
2025-10-29,25.73,25.07,26.58,11.01,10.54,11.46,14.25,13.52,15.0,,,
2025-10-30,25.71,25.05,26.55,11.0,10.54,11.46,14.29,13.55,15.04,,,
2025-10-31,25.69,25.02,26.52,10.99,10.53,11.46,14.33,13.58,15.08,,,
2025-11-01,25.67,25.0,26.49,10.99,10.52,11.46,14.37,13.6,15.13,,,
2025-11-02,25.64,24.97,26.46,10.98,10.51,11.45,14.41,13.63,15.18,,,
2025-11-03,25.62,24.94,26.44,10.98,10.51,11.45,14.45,13.66,15.22,27.0,11.0,15.0
2025-11-04,25.6,24.93,26.42,10.97,10.5,11.45,14.49,13.7,15.26,,,
2025-11-05,25.58,24.91,26.41,10.97,10.49,11.44,14.53,13.75,15.3,,,
2025-11-06,25.56,24.88,26.39,10.96,10.49,11.44,14.58,13.79,15.32,,,
2025-11-07,25.54,24.86,26.37,10.95,10.48,11.43,14.62,13.85,15.35,,,
2025-11-08,25.52,24.84,26.33,10.95,10.47,11.42,14.66,13.91,15.37,,,
2025-11-09,25.5,24.82,26.3,10.94,10.46,11.41,14.7,13.98,15.4,,,
2025-11-10,25.48,24.8,26.28,10.93,10.45,11.4,14.74,14.03,15.43,25.0,11.0,18.0
2025-11-11,25.46,24.79,26.26,10.93,10.44,11.39,14.79,14.07,15.46,,,
2025-11-12,25.44,24.78,26.24,10.92,10.43,11.38,14.83,14.11,15.5,,,
2025-11-13,25.42,24.76,26.21,10.91,10.42,11.37,14.87,14.15,15.54,,,
2025-11-14,25.4,24.75,26.19,10.9,10.42,11.35,14.91,14.19,15.59,25.0,10.0,13.0
2025-11-15,25.38,24.73,26.17,10.9,10.41,11.35,14.96,14.23,15.64,,,
2025-11-16,25.36,24.71,26.15,10.89,10.4,11.34,15.0,14.28,15.69,,,
2025-11-17,25.34,24.7,26.12,10.88,10.39,11.34,15.04,14.33,15.74,27.0,9.0,17.0
2025-11-18,25.32,24.68,26.1,10.87,10.38,11.33,15.08,14.37,15.77,,,
2025-11-19,25.3,24.67,26.07,10.86,10.38,11.32,15.13,14.44,15.8,,,
2025-11-20,25.28,24.65,26.05,10.86,10.37,11.32,15.17,14.5,15.85,,,
2025-11-21,25.25,24.64,26.03,10.85,10.36,11.31,15.21,14.55,15.89,,,
2025-11-22,25.23,24.62,26.0,10.84,10.35,11.3,15.26,14.61,15.93,,,
2025-11-23,25.21,24.59,25.97,10.83,10.34,11.29,15.3,14.65,15.97,,,
2025-11-24,25.19,24.58,25.94,10.82,10.33,11.29,15.34,14.68,16.01,24.0,12.0,17.0
2025-11-25,25.17,24.56,25.91,10.81,10.33,11.28,15.39,14.73,16.05,,,
2025-11-26,25.15,24.54,25.88,10.8,10.32,11.27,15.43,14.79,16.09,,,
2025-11-27,25.13,24.52,25.84,10.8,10.31,11.26,15.47,14.86,16.12,,,
2025-11-28,25.11,24.5,25.81,10.79,10.3,11.26,15.51,14.89,16.14,,,
2025-11-29,25.09,24.48,25.79,10.78,10.3,11.25,15.55,14.92,16.19,,,
2025-11-30,25.07,24.45,25.78,10.77,10.29,11.23,15.6,14.94,16.22,,,
2025-12-01,25.04,24.43,25.76,10.76,10.28,11.22,15.64,14.97,16.25,21.0,10.0,19.0
2025-12-02,25.02,24.41,25.73,10.75,10.27,11.21,15.68,15.04,16.28,,,
2025-12-03,25.0,24.39,25.7,10.75,10.26,11.2,15.72,15.07,16.31,24.0,10.0,14.0
2025-12-04,24.98,24.38,25.67,10.74,10.25,11.19,15.76,15.11,16.35,,,
2025-12-05,24.96,24.36,25.64,10.73,10.25,11.18,15.8,15.14,16.39,,,
2025-12-06,24.93,24.35,25.61,10.72,10.24,11.17,15.84,15.17,16.43,,,
2025-12-07,24.91,24.34,25.58,10.71,10.23,11.16,15.88,15.2,16.46,,,
2025-12-08,24.89,24.32,25.54,10.7,10.22,11.16,15.92,15.24,16.5,26.0,10.0,18.0
2025-12-09,24.87,24.31,25.51,10.7,10.21,11.14,15.96,15.29,16.54,,,
2025-12-10,24.84,24.28,25.49,10.69,10.2,11.13,16.0,15.34,16.57,,,
2025-12-11,24.82,24.26,25.47,10.68,10.19,11.12,16.03,15.37,16.61,,,
2025-12-12,24.8,24.25,25.44,10.67,10.18,11.12,16.07,15.42,16.65,,,
2025-12-13,24.78,24.23,25.4,10.67,10.17,11.12,16.11,15.46,16.68,,,
2025-12-14,24.75,24.22,25.37,10.66,10.16,11.12,16.15,15.5,16.73,,,
2025-12-15,24.73,24.2,25.34,10.65,10.15,11.11,16.18,15.54,16.77,23.0,14.0,18.0
2025-12-16,24.71,24.19,25.32,10.64,10.14,11.11,16.22,15.57,16.81,,,
2025-12-17,24.68,24.18,25.29,10.64,10.13,11.1,16.25,15.59,16.87,,,
2025-12-18,24.66,24.16,25.27,10.63,10.12,11.1,16.29,15.64,16.93,,,
2025-12-19,24.64,24.15,25.25,10.62,10.12,11.1,16.32,15.69,16.99,,,
2025-12-20,24.61,24.11,25.22,10.61,10.11,11.09,16.36,15.74,17.05,,,
2025-12-21,24.59,24.08,25.19,10.6,10.1,11.09,16.39,15.76,17.1,,,
2025-12-22,24.57,24.05,25.17,10.6,10.09,11.08,16.42,15.77,17.13,26.0,9.0,17.0
2025-12-23,24.55,24.03,25.15,10.59,10.08,11.08,16.46,15.78,17.16,,,
2025-12-24,24.52,24.01,25.12,10.58,10.08,11.07,16.49,15.81,17.2,,,
2025-12-25,24.5,23.99,25.1,10.57,10.07,11.07,16.52,15.85,17.23,,,
2025-12-26,24.48,23.97,25.09,10.57,10.06,11.06,16.55,15.88,17.26,,,
2025-12-27,24.45,23.95,25.08,10.56,10.06,11.06,16.58,15.92,17.29,,,
2025-12-28,24.43,23.93,25.06,10.55,10.05,11.06,16.61,15.95,17.34,,,
2025-12-29,24.41,23.91,25.05,10.54,10.04,11.05,16.64,15.99,17.39,,,
2025-12-30,24.39,23.89,25.03,10.53,10.03,11.05,16.67,16.02,17.42,,,
2025-12-31,24.36,23.87,25.02,10.53,10.01,11.04,16.7,16.05,17.45,,,
2026-01-01,24.34,23.85,24.99,10.52,9.99,11.03,16.73,16.06,17.49,,,
2026-01-02,24.32,23.81,24.96,10.51,9.98,11.02,16.76,16.06,17.56,,,
2026-01-03,24.3,23.77,24.94,10.5,9.97,11.02,16.78,16.07,17.61,24.0,10.0,15.0
2026-01-04,24.28,23.75,24.91,10.49,9.97,11.01,16.81,16.09,17.65,,,
2026-01-05,24.26,23.73,24.88,10.48,9.96,11.0,16.84,16.11,17.68,25.0,11.0,16.0
2026-01-06,24.23,23.69,24.84,10.47,9.96,10.99,16.86,16.13,17.71,,,
2026-01-07,24.21,23.67,24.82,10.46,9.95,10.98,16.89,16.15,17.74,,,
2026-01-08,24.19,23.65,24.8,10.45,9.95,10.97,16.91,16.17,17.77,,,
2026-01-09,24.17,23.63,24.78,10.44,9.94,10.96,16.93,16.19,17.8,,,
2026-01-10,24.15,23.61,24.76,10.43,9.94,10.95,16.96,16.22,17.83,,,
2026-01-11,24.13,23.59,24.75,10.43,9.93,10.94,16.98,16.24,17.85,,,
2026-01-12,24.11,23.56,24.74,10.42,9.93,10.92,17.0,16.26,17.87,25.0,11.0,13.0
2026-01-13,24.09,23.52,24.71,10.41,9.92,10.91,17.02,16.28,17.89,,,
2026-01-14,24.07,23.48,24.69,10.4,9.91,10.9,17.04,16.3,17.93,,,
2026-01-15,24.05,23.44,24.66,10.39,9.91,10.89,17.06,16.32,17.95,,,
2026-01-16,24.03,23.4,24.64,10.38,9.9,10.88,17.08,16.34,17.97,,,
2026-01-17,24.01,23.38,24.62,10.37,9.89,10.87,17.1,16.33,18.0,,,
2026-01-18,24.0,23.37,24.61,10.36,9.89,10.85,17.12,16.36,18.02,,,
2026-01-19,23.98,23.36,24.6,10.35,9.88,10.84,17.14,16.36,18.04,25.0,12.0,16.0
2026-01-20,23.96,23.34,24.59,10.34,9.86,10.84,17.16,16.36,18.07,,,
2026-01-21,23.94,23.33,24.58,10.33,9.84,10.82,17.18,16.36,18.09,,,
2026-01-22,23.92,23.32,24.57,10.32,9.83,10.81,17.19,16.36,18.12,,,
2026-01-23,23.9,23.3,24.56,10.31,9.83,10.8,17.21,16.36,18.15,,,
2026-01-24,23.89,23.28,24.55,10.3,9.82,10.79,17.22,16.36,18.18,,,
2026-01-25,23.87,23.25,24.54,10.29,9.81,10.78,17.24,16.36,18.21,,,
2026-01-26,23.85,23.23,24.53,10.28,9.8,10.77,17.25,16.35,18.24,28.0,10.0,14.0
2026-01-27,23.83,23.21,24.52,10.27,9.79,10.75,17.27,16.36,18.25,,,
2026-01-28,23.81,23.2,24.51,10.26,9.78,10.73,17.28,16.36,18.26,,,
2026-01-29,23.8,23.18,24.5,10.25,9.76,10.71,17.3,16.37,18.27,,,
2026-01-30,23.78,23.17,24.49,10.24,9.75,10.7,17.31,16.39,18.29,,,
2026-01-31,23.76,23.15,24.48,10.23,9.73,10.7,17.33,16.4,18.3,,,
2026-02-01,23.74,23.12,24.46,10.21,9.71,10.69,17.34,16.41,18.31,,,
2026-02-02,23.73,23.09,24.45,10.2,9.71,10.68,17.35,16.42,18.32,25.0,7.0,20.0
2026-02-03,23.71,23.06,24.44,10.19,9.68,10.67,17.36,16.43,18.33,,,
2026-02-04,23.69,23.03,24.43,10.18,9.66,10.66,17.38,16.42,18.34,,,
2026-02-05,23.67,23.01,24.42,10.17,9.64,10.64,17.39,16.43,18.36,,,
2026-02-06,23.66,23.0,24.4,10.16,9.63,10.62,17.4,16.44,18.38,25.0,9.0,14.0
2026-02-07,23.64,23.0,24.39,10.15,9.61,10.6,17.41,16.45,18.4,,,
2026-02-08,23.62,22.98,24.38,10.14,9.6,10.58,17.43,16.46,18.42,,,
2026-02-09,23.61,22.96,24.35,10.13,9.6,10.57,17.44,16.47,18.44,22.0,10.0,18.0
2026-02-10,23.59,22.94,24.33,10.12,9.59,10.57,17.45,16.48,18.44,,,
2026-02-11,23.57,22.91,24.31,10.11,9.59,10.56,17.46,16.49,18.44,,,
2026-02-12,23.55,22.89,24.29,10.1,9.58,10.55,17.47,16.5,18.44,,,
2026-02-13,23.54,22.86,24.28,10.09,9.57,10.55,17.48,16.5,18.45,,,
2026-02-14,23.52,22.83,24.27,10.08,9.56,10.55,17.49,16.5,18.47,,,
2026-02-15,23.5,22.8,24.26,10.07,9.56,10.55,17.5,16.5,18.49,,,
2026-02-16,23.49,22.78,24.25,10.06,9.54,10.53,17.51,16.5,18.5,23.0,10.0,20.0
2026-02-17,23.47,22.75,24.24,10.05,9.53,10.52,17.53,16.5,18.52,,,
2026-02-18,23.45,22.73,24.23,10.04,9.52,10.51,17.54,16.49,18.53,,,
2026-02-19,23.44,22.71,24.21,10.03,9.5,10.49,17.55,16.49,18.55,,,
2026-02-20,23.42,22.7,24.2,10.02,9.49,10.49,17.56,16.49,18.56,,,
2026-02-21,23.4,22.68,24.18,10.01,9.48,10.47,17.57,16.49,18.58,,,
2026-02-22,23.39,22.66,24.17,10.0,9.47,10.46,17.58,16.49,18.59,,,
2026-02-23,23.37,22.65,24.16,9.99,9.46,10.45,17.59,16.49,18.61,21.0,11.0,19.0
2026-02-24,23.35,22.63,24.15,9.98,9.44,10.44,17.6,16.48,18.62,,,
2026-02-25,23.34,22.62,24.14,9.97,9.43,10.42,17.61,16.48,18.63,,,
2026-02-26,23.32,22.6,24.13,9.96,9.42,10.41,17.62,16.48,18.64,,,
2026-02-27,23.31,22.59,24.12,9.95,9.4,10.41,17.63,16.48,18.65,,,
2026-02-28,23.29,22.57,24.11,9.94,9.39,10.4,17.64,16.48,18.67,25.0,11.0,18.0
2026-03-01,23.28,22.56,24.1,9.93,9.38,10.39,17.65,16.48,18.68,,,
2026-03-02,23.26,22.54,24.09,9.92,9.37,10.39,17.66,16.48,18.69,22.0,11.0,24.0
2026-03-03,23.24,22.52,24.08,9.91,9.36,10.38,17.67,16.48,18.7,,,
2026-03-04,23.23,22.5,24.07,9.9,9.34,10.37,17.68,16.48,18.73,,,
2026-03-05,23.21,22.49,24.06,9.89,9.33,10.36,17.69,16.48,18.75,22.0,10.0,18.0
2026-03-06,23.2,22.47,24.05,9.88,9.31,10.35,17.7,16.48,18.77,,,
2026-03-07,23.18,22.45,24.03,9.87,9.3,10.35,17.72,16.48,18.78,,,
2026-03-08,23.17,22.43,24.02,9.86,9.28,10.34,17.73,16.48,18.8,,,
2026-03-09,23.15,22.42,24.01,9.85,9.26,10.33,17.74,16.48,18.81,,,
2026-03-10,23.13,22.4,23.99,9.85,9.25,10.33,17.75,16.49,18.82,,,
2026-03-11,23.12,22.39,23.98,9.84,9.24,10.32,17.76,16.49,18.83,,,
2026-03-12,23.1,22.37,23.97,9.83,9.23,10.32,17.77,16.5,18.83,,,
2026-03-13,23.09,22.36,23.95,9.82,9.22,10.31,17.78,16.5,18.84,,,
2026-03-14,23.07,22.35,23.93,9.81,9.22,10.31,17.8,16.51,18.85,,,
2026-03-15,23.05,22.33,23.92,9.8,9.21,10.3,17.81,16.52,18.86,,,
2026-03-16,23.04,22.32,23.9,9.79,9.21,10.3,17.82,16.52,18.87,,,
2026-03-17,23.02,22.31,23.88,9.78,9.19,10.29,17.83,16.53,18.87,,,
2026-03-18,23.0,22.3,23.86,9.78,9.17,10.28,17.84,16.54,18.88,,,
2026-03-19,22.99,22.29,23.85,9.77,9.16,10.27,17.86,16.54,18.89,,,
2026-03-20,22.97,22.28,23.83,9.76,9.14,10.27,17.87,16.55,18.9,,,
2026-03-21,22.95,22.26,23.81,9.75,9.13,10.26,17.88,16.56,18.92,,,
2026-03-22,22.93,22.25,23.79,9.74,9.11,10.26,17.9,16.57,18.94,,,
2026-03-23,22.92,22.23,23.77,9.74,9.09,10.25,17.91,16.57,18.96,22.0,12.0,16.0
2026-03-24,22.9,22.22,23.75,9.73,9.08,10.25,17.92,16.58,18.98,,,
2026-03-25,22.88,22.2,23.73,9.72,9.07,10.24,17.94,16.59,18.99,,,
2026-03-26,22.86,22.18,23.71,9.71,9.06,10.24,17.95,16.6,19.01,,,
2026-03-27,22.84,22.16,23.69,9.71,9.05,10.24,17.96,16.61,19.02,,,
2026-03-28,22.83,22.15,23.67,9.7,9.04,10.23,17.98,16.61,19.03,,,
2026-03-29,22.81,22.13,23.65,9.69,9.03,10.23,17.99,16.62,19.04,,,
2026-03-30,22.79,22.12,23.63,9.68,9.02,10.22,18.01,16.64,19.06,19.0,9.0,24.0
2026-03-31,22.77,22.11,23.61,9.68,9.02,10.21,18.02,16.66,19.07,,,
2026-04-01,22.75,22.09,23.58,9.67,9.01,10.21,18.03,16.68,19.08,,,
2026-04-02,22.73,22.08,23.56,9.66,9.01,10.2,18.05,16.68,19.1,,,
2026-04-03,22.71,22.07,23.53,9.66,9.0,10.2,18.06,16.69,19.11,,,
2026-04-04,22.69,22.05,23.51,9.65,8.99,10.2,18.08,16.7,19.12,,,
2026-04-05,22.67,22.03,23.49,9.64,8.99,10.2,18.09,16.7,19.13,,,
2026-04-06,22.65,22.01,23.47,9.64,8.98,10.2,18.11,16.71,19.13,,,
2026-04-07,22.63,21.99,23.45,9.63,8.98,10.2,18.12,16.71,19.14,,,
2026-04-08,22.61,21.98,23.44,9.62,8.97,10.19,18.13,16.71,19.16,,,
2026-04-09,22.59,21.96,23.41,9.62,8.96,10.19,18.15,16.71,19.17,22.0,6.0,13.0
2026-04-10,22.57,21.94,23.38,9.61,8.96,10.19,18.16,16.71,19.18,,,
2026-04-11,22.55,21.93,23.35,9.6,8.95,10.19,18.18,16.72,19.19,,,
2026-04-12,22.53,21.91,23.32,9.6,8.94,10.19,18.19,16.73,19.19,,,
2026-04-13,22.51,21.9,23.3,9.59,8.93,10.18,18.2,16.73,19.19,23.0,10.0,20.0
2026-04-14,22.49,21.89,23.28,9.58,8.93,10.18,18.22,16.74,19.19,,,
2026-04-15,22.47,21.88,23.26,9.57,8.92,10.17,18.23,16.74,19.21,,,
2026-04-16,22.44,21.86,23.23,9.57,8.92,10.17,18.24,16.76,19.24,,,
2026-04-17,22.42,21.84,23.21,9.56,8.91,10.16,18.25,16.77,19.27,,,
2026-04-18,22.4,21.83,23.19,9.55,8.9,10.16,18.27,16.78,19.28,,,
2026-04-19,22.38,21.81,23.16,9.55,8.9,10.15,18.28,16.79,19.3,,,
2026-04-20,22.36,21.79,23.14,9.54,8.89,10.14,18.29,16.8,19.31,21.0,9.0,20.0
2026-04-21,22.34,21.77,23.11,9.53,8.88,10.13,18.3,16.81,19.3,,,
2026-04-22,22.32,21.76,23.08,9.52,8.87,10.12,18.31,16.82,19.32,,,
2026-04-23,22.3,21.75,23.05,9.51,8.87,10.12,18.32,16.83,19.34,,,
2026-04-24,22.28,21.75,23.03,9.51,8.86,10.11,18.33,16.83,19.35,,,
2026-04-25,22.26,21.73,23.0,9.5,8.85,10.1,18.34,16.84,19.38,,,
2026-04-26,22.24,21.72,22.98,9.49,8.84,10.1,18.34,16.84,19.42,,,
2026-04-27,22.21,21.7,22.95,9.48,8.83,10.09,18.35,16.84,19.46,,,
2026-04-28,22.19,21.67,22.92,9.47,8.83,10.09,18.36,16.84,19.48,,,
2026-04-29,22.17,21.64,22.9,9.47,8.82,10.09,18.36,16.81,19.51,,,
2026-04-30,22.15,21.6,22.89,9.46,8.81,10.09,18.37,16.79,19.53,,,
2026-05-01,22.14,21.57,22.86,9.45,8.8,10.08,18.37,16.76,19.55,,,
2026-05-02,22.12,21.56,22.83,9.44,8.79,10.08,18.37,16.74,19.55,,,
2026-05-03,22.1,21.54,22.8,9.43,8.79,10.08,18.37,16.73,19.54,,,
2026-05-04,22.08,21.53,22.78,9.42,8.77,10.08,18.37,16.72,19.56,,,
2026-05-05,22.06,21.51,22.75,9.41,8.76,10.07,18.38,16.71,19.57,22.0,9.0,17.0
2026-05-06,22.04,21.49,22.72,9.4,8.75,10.07,18.37,16.7,19.58,,,
2026-05-07,22.02,21.47,22.7,9.39,8.72,10.06,18.37,16.69,19.59,22.0,8.0,16.0