date,Con,Con (low),Con (high),Lab,Lab (low),Lab (high),LDem,LDem (low),LDem (high),Grn,Grn (low),Grn (high),Con (poll),Lab (poll),LDem (poll),Grn (poll)
2024-07-04,27.55,25.0,29.44,26.99,25.57,28.81,20.19,20.0,20.57,7.49,7.11,8.0,30.0,26.0,20.0,7.0
2024-07-05,27.43,25.0,29.37,27.01,25.54,28.88,20.21,20.0,20.58,7.51,7.13,8.0,,,,
2024-07-06,27.32,25.0,29.31,27.02,25.51,28.93,20.22,20.0,20.59,7.54,7.14,8.0,,,,
2024-07-07,27.23,25.0,29.25,27.03,25.48,28.97,20.24,20.0,20.61,7.55,7.15,8.0,,,,
2024-07-08,27.14,25.0,29.21,27.04,25.46,29.01,20.25,20.0,20.64,7.57,7.16,8.0,,,,
2024-07-09,27.07,25.0,29.17,27.05,25.44,29.05,20.26,20.0,20.65,7.59,7.17,8.0,,,,
2024-07-10,27.0,25.0,29.14,27.05,25.42,29.07,20.27,20.0,20.67,7.6,7.17,8.0,,,,
2024-07-11,26.93,25.0,29.11,27.06,25.41,29.1,20.28,20.0,20.68,7.61,7.18,8.0,,,,
2024-07-12,26.87,25.0,29.08,27.06,25.39,29.12,20.29,20.0,20.7,7.63,7.18,8.0,,,,
2024-07-13,26.82,25.0,29.06,27.06,25.38,29.1,20.3,20.0,20.71,7.64,7.19,8.0,,,,
2024-07-14,26.77,25.0,29.03,27.06,25.37,29.09,20.3,20.0,20.72,7.65,7.19,8.0,,,,
2024-07-15,26.72,25.0,29.0,27.07,25.36,29.08,20.31,20.0,20.73,7.66,7.2,8.0,,,,
2024-07-16,26.67,25.0,28.97,27.07,25.34,29.07,20.32,20.0,20.73,7.67,7.21,8.0,,,,
2024-07-17,26.63,25.0,28.94,27.07,25.33,29.06,20.33,20.0,20.74,7.67,7.21,8.0,,,,
2024-07-18,26.58,25.0,28.91,27.08,25.32,29.05,20.33,20.0,20.74,7.68,7.22,8.0,,,,
2024-07-19,26.53,25.0,28.88,27.08,25.31,29.04,20.34,20.0,20.74,7.69,7.22,8.0,,,,
2024-07-20,26.48,25.0,28.84,27.09,25.3,29.04,20.35,20.0,20.74,7.7,7.23,8.0,,,,
2024-07-21,26.43,25.0,28.8,27.1,25.29,29.03,20.35,20.0,20.74,7.71,7.24,8.0,,,,
2024-07-22,26.38,25.0,28.75,27.11,25.28,29.03,20.36,20.0,20.75,7.72,7.25,8.0,,,,
2024-07-23,26.32,25.0,28.7,27.12,25.27,29.02,20.37,20.0,20.75,7.74,7.26,8.0,,,,
2024-07-24,26.26,25.0,28.64,27.13,25.25,29.02,20.37,20.0,20.75,7.75,7.27,8.0,,,,
2024-07-25,26.19,25.0,28.57,27.15,25.24,29.06,20.38,20.0,20.76,7.76,7.29,8.0,,,,
2024-07-26,26.12,25.0,28.49,27.17,25.23,29.11,20.39,20.0,20.77,7.78,7.3,8.0,25.0,30.0,20.0,8.0
2024-07-27,26.05,25.0,28.4,27.19,25.21,29.17,20.39,20.0,20.79,7.79,7.32,8.0,,,,
2024-07-28,25.97,25.0,28.29,27.21,25.19,29.23,20.4,20.0,20.81,7.81,7.34,8.0,,,,
2024-07-29,25.89,25.0,28.17,27.23,25.18,29.3,20.41,20.0,20.82,7.82,7.37,8.0,,,,
2024-07-30,25.8,25.0,28.02,27.26,25.16,29.37,20.42,20.0,20.84,7.84,7.4,8.0,25.0,25.0,21.0,8.0
2024-07-31,25.71,25.0,27.85,27.28,25.14,29.44,20.43,20.0,20.86,7.86,7.43,8.0,,,,
2024-08-01,25.62,25.0,27.66,27.3,25.12,29.51,20.44,20.0,20.88,7.88,7.47,8.0,,,,
2024-08-02,25.53,25.0,27.44,27.32,25.11,29.58,20.45,20.0,20.89,7.89,7.51,8.0,,,,
2024-08-03,25.45,25.0,27.18,27.34,25.09,29.65,20.46,20.0,20.91,7.91,7.56,8.0,,,,
2024-08-04,25.36,25.0,26.9,27.36,25.07,29.71,20.47,20.0,20.93,7.93,7.62,8.0,,,,
2024-08-05,25.28,25.0,26.6,27.37,25.06,29.77,20.48,20.0,20.94,7.94,7.68,8.0,,,,
2024-08-06,25.21,25.0,26.28,27.38,25.04,29.83,20.49,20.0,20.96,7.96,7.74,8.0,,,,
2024-08-07,25.15,25.0,25.95,27.39,25.03,29.88,20.5,20.0,20.97,7.97,7.81,8.0,,,,
2024-08-08,25.09,25.0,25.65,27.39,25.02,29.92,20.51,20.0,20.98,7.98,7.87,8.0,,,,
2024-08-09,25.05,25.0,25.39,27.38,25.01,29.96,20.52,20.0,20.99,7.99,7.92,8.0,,,,
2024-08-10,25.03,25.0,25.19,27.37,25.0,29.98,20.52,20.0,21.0,7.99,7.96,8.0,,,,
2024-08-11,25.01,25.0,25.06,27.35,25.0,29.99,20.53,20.0,21.0,8.0,7.99,8.0,,,,
2024-08-12,25.0,25.0,25.01,27.33,25.0,30.0,20.53,20.0,21.0,8.0,8.0,8.0,,,,
2024-08-13,25.0,25.0,25.0,27.31,25.0,30.0,20.54,20.0,21.0,8.0,8.0,8.0,,,,
2024-08-28,25.0,25.0,25.0,26.31,25.0,30.0,20.74,20.0,21.0,8.0,8.0,8.0,,,,
2024-08-29,25.01,25.0,25.08,26.14,24.98,29.98,20.77,20.0,21.0,8.0,8.0,8.0,,,,
2024-08-30,25.08,25.0,25.79,25.88,24.78,29.73,20.8,20.0,20.99,8.0,8.0,8.0,,,,
2024-08-31,25.31,25.0,27.58,25.44,24.24,28.67,20.8,20.0,20.96,8.0,8.0,8.0,,,,
2024-09-01,25.88,25.0,29.18,24.7,22.47,26.2,20.74,20.0,20.95,8.0,8.0,8.0,,,,
2024-09-02,26.87,25.0,29.83,23.66,21.3,25.46,20.6,20.0,20.98,8.0,8.0,8.0,,,,
2024-09-03,28.06,25.0,29.99,22.57,21.02,25.11,20.38,20.0,20.99,8.0,8.0,8.0,,,,
2024-09-04,29.05,25.0,30.0,21.76,21.0,25.0,20.19,20.0,21.0,8.0,8.0,8.0,,,,
2024-09-05,29.64,25.08,30.0,21.3,21.01,25.0,20.07,20.0,20.98,8.0,7.92,8.0,,,,
2024-09-06,29.89,26.33,29.99,21.15,21.03,25.0,20.02,20.0,20.67,7.98,7.33,8.0,,,,
2024-09-07,29.95,28.68,29.99,21.19,21.0,25.0,20.0,20.0,20.08,7.96,7.02,8.0,,,,
2024-09-08,29.92,29.0,30.0,21.31,21.0,25.0,20.0,20.0,20.0,7.92,7.0,8.0,,,,
2024-09-25,29.56,29.0,30.0,22.74,21.0,25.0,20.0,20.0,20.0,7.56,7.0,8.0,,,,
2024-09-26,29.56,29.0,30.0,22.78,21.0,25.0,20.0,20.0,20.0,7.56,7.0,8.0,,,,
2024-09-27,29.55,29.0,30.0,22.81,21.01,25.0,20.0,20.0,20.0,7.55,7.0,8.0,,,,
2024-09-28,29.54,29.01,30.0,22.85,21.02,25.0,20.0,20.0,20.0,7.54,7.01,8.0,,,,
2024-09-29,29.54,29.01,30.0,22.88,21.04,25.0,20.0,20.0,20.0,7.54,7.01,8.0,,,,
2024-09-30,29.54,29.02,30.0,22.92,21.07,25.0,20.0,20.0,20.0,7.54,7.02,8.0,,,,
2024-10-01,29.54,29.03,30.0,22.97,21.11,25.0,20.0,20.0,20.0,7.54,7.03,8.0,,,,
2024-10-02,29.54,29.04,30.0,23.01,21.15,25.0,20.0,20.0,20.0,7.54,7.04,8.0,,,,
2024-10-03,29.54,29.06,30.0,23.06,21.21,25.0,20.0,20.0,20.0,7.54,7.06,8.0,,,,
2024-10-04,29.55,29.07,30.0,23.1,21.27,25.0,20.0,20.0,20.0,7.55,7.07,8.0,,,,
2024-10-05,29.55,29.09,30.0,23.15,21.33,25.0,20.0,20.0,20.0,7.55,7.09,8.0,,,,
2024-10-06,29.56,29.11,30.0,23.19,21.4,25.0,20.0,20.0,20.0,7.56,7.11,8.0,,,,
2024-10-07,29.57,29.13,30.0,23.24,21.48,25.0,20.0,20.0,20.0,7.57,7.13,8.0,30.0,21.0,20.0,8.0
2024-10-08,29.57,29.14,30.0,23.28,21.54,25.0,20.0,20.0,20.0,7.57,7.14,8.0,,,,
2024-10-09,29.58,29.0,30.0,23.32,21.0,25.0,20.0,20.0,20.0,7.58,7.0,8.0,,,,
2024-10-10,29.59,29.0,30.0,23.35,21.0,25.0,20.0,20.0,20.0,7.59,7.0,8.0,,,,
2024-10-11,29.6,29.01,30.0,23.39,21.0,25.0,20.0,20.0,20.0,7.6,7.03,8.01,,,,
2024-10-12,29.61,29.03,30.0,23.42,21.01,24.99,20.0,20.0,20.0,7.61,7.07,8.03,,,,
2024-10-13,29.61,29.05,30.0,23.45,21.02,24.98,20.0,20.0,20.0,7.63,7.15,8.05,,,,
2024-10-14,29.62,29.09,30.0,23.47,21.04,24.96,20.0,20.0,20.0,7.65,7.23,8.09,29.0,25.0,20.0,7.0
2024-10-15,29.63,29.13,30.0,23.49,21.06,24.94,20.0,20.0,20.0,7.67,7.28,8.15,,,,
2024-10-16,29.64,29.18,30.0,23.51,21.08,24.92,20.0,20.0,20.0,7.7,7.3,8.2,,,,
2024-10-17,29.65,29.22,30.0,23.52,21.11,24.89,20.0,20.0,20.0,7.73,7.32,8.26,,,,
2024-10-18,29.65,29.24,30.0,23.53,21.14,24.85,20.0,20.0,20.0,7.76,7.33,8.32,,,,
2024-10-19,29.66,29.22,30.0,23.54,21.16,24.84,20.0,20.0,20.0,7.79,7.36,8.41,,,,
2024-10-20,29.67,29.22,30.0,23.55,21.19,24.81,20.0,20.0,20.0,7.83,7.37,8.48,,,,
2024-10-21,29.68,29.23,30.0,23.56,21.23,24.78,20.0,20.0,20.0,7.86,7.37,8.54,,,,
2024-10-22,29.68,29.27,30.01,23.56,21.27,24.75,20.0,19.99,20.0,7.9,7.37,8.61,,,,
2024-10-23,29.7,29.3,30.02,23.57,21.31,24.72,19.99,19.98,20.0,7.93,7.37,8.68,,,,
2024-10-24,29.71,29.31,30.03,23.58,21.38,24.69,19.99,19.96,20.0,7.97,7.4,8.76,,,,
2024-10-25,29.72,29.32,30.05,23.58,21.48,24.65,19.98,19.94,20.0,8.01,7.4,8.84,,,,
2024-10-26,29.74,29.34,30.07,23.59,21.52,24.62,19.97,19.92,20.0,8.04,7.41,8.9,,,,
2024-10-27,29.76,29.36,30.11,23.6,21.46,24.59,19.96,19.89,20.0,8.08,7.42,9.09,,,,
2024-10-28,29.78,29.39,30.14,23.61,21.59,24.57,19.95,19.86,20.0,8.11,7.42,9.13,,,,
2024-10-29,29.8,29.4,30.17,23.62,21.71,24.53,19.94,19.83,20.0,8.15,7.42,9.15,,,,
2024-10-30,29.83,29.43,30.2,23.62,21.79,24.51,19.93,19.79,20.0,8.19,7.42,9.17,,,,
2024-10-31,29.85,29.45,30.24,23.61,21.8,24.53,19.91,19.75,20.0,8.22,7.43,9.2,,,,
2024-11-01,29.89,29.48,30.28,23.6,21.85,24.56,19.89,19.71,20.0,8.26,7.45,9.21,,,,
2024-11-02,29.92,29.52,30.33,23.58,21.9,24.52,19.87,19.67,20.0,8.29,7.47,9.18,,,,
2024-11-03,29.95,29.53,30.38,23.55,21.89,24.48,19.85,19.61,20.0,8.33,7.49,9.21,,,,
2024-11-04,29.99,29.56,30.43,23.5,21.88,24.47,19.82,19.55,20.0,8.37,7.51,9.24,30.0,25.0,20.0,8.0
2024-11-05,30.03,29.61,30.48,23.46,21.89,24.45,19.8,19.49,20.0,8.4,7.56,9.27,,,,
2024-11-06,30.07,29.65,30.53,23.4,21.82,24.48,19.77,19.46,20.0,8.44,7.59,9.3,,,,
2024-11-07,30.11,29.7,30.57,23.34,21.85,24.51,19.75,19.43,20.0,8.48,7.62,9.34,,,,
2024-11-08,30.15,29.75,30.58,23.27,21.84,24.49,19.72,19.39,20.0,8.51,7.65,9.39,,,,
2024-11-09,30.19,29.8,30.6,23.19,21.62,24.52,19.7,19.36,20.0,8.54,7.69,9.43,,,,
2024-11-10,30.23,29.85,30.61,23.11,21.4,24.54,19.68,19.32,20.0,8.57,7.74,9.46,,,,
2024-11-11,30.27,29.87,30.64,23.03,21.2,24.55,19.65,19.29,20.0,8.6,7.81,9.5,,,,
2024-11-12,30.3,29.93,30.68,22.95,20.97,24.56,19.63,19.24,20.0,8.63,7.88,9.53,,,,
2024-11-13,30.34,29.93,30.72,22.86,20.67,24.66,19.61,19.19,20.0,8.66,7.85,9.58,,,,
2024-11-14,30.37,29.94,30.74,22.77,20.57,24.68,19.59,19.15,20.0,8.68,7.9,9.61,,,,
2024-11-15,30.39,29.95,30.77,22.69,20.49,24.67,19.57,19.12,20.0,8.7,7.92,9.6,,,,
2024-11-16,30.42,29.97,30.82,22.61,20.43,24.65,19.56,19.09,20.0,8.71,7.93,9.56,,,,
2024-11-17,30.44,29.98,30.87,22.53,20.39,24.49,19.55,19.08,20.0,8.73,7.94,9.54,,,,
2024-11-18,30.46,29.99,30.89,22.46,20.35,24.46,19.53,19.06,20.0,8.73,7.93,9.52,30.0,22.0,20.0,10.0
2024-11-19,30.47,29.99,30.92,22.39,20.3,24.43,19.52,19.06,20.0,8.74,7.93,9.52,,,,
2024-11-20,30.48,30.0,30.95,22.34,20.12,24.5,19.52,19.05,20.0,8.73,7.91,9.51,,,,
2024-11-21,30.49,30.0,30.94,22.28,20.09,24.47,19.51,19.06,20.0,8.73,7.89,9.44,,,,
2024-11-22,30.49,30.0,30.92,22.23,20.04,24.42,19.5,19.08,20.0,8.72,7.86,9.42,,,,
2024-11-23,30.5,30.0,30.9,22.19,19.97,24.31,19.5,19.09,20.0,8.71,7.83,9.37,,,,
2024-11-24,30.5,30.0,30.88,22.15,20.05,24.31,19.49,19.11,19.99,8.69,7.79,9.32,,,,
2024-11-25,30.5,30.0,30.86,22.1,20.06,24.22,19.49,19.13,19.99,8.67,7.75,9.29,,,,
2024-11-26,30.5,30.0,30.84,22.07,20.09,24.13,19.48,19.14,19.99,8.65,7.71,9.25,,,,
2024-11-27,30.5,30.0,30.84,22.03,20.12,24.08,19.48,19.15,19.98,8.62,7.67,9.24,,,,
2024-11-28,30.5,30.0,30.84,21.99,20.16,24.03,19.47,19.13,19.97,8.59,7.64,9.23,31.0,24.0,19.0,8.0
2024-11-29,30.5,30.0,30.84,21.96,20.15,23.97,19.46,19.13,19.96,8.56,7.61,9.18,,,,
2024-11-30,30.5,30.0,30.84,21.93,20.08,23.92,19.46,19.13,19.95,8.52,7.58,9.12,,,,
2024-12-01,30.49,30.0,30.86,21.9,20.11,23.86,19.45,19.12,19.94,8.49,7.54,9.13,,,,
2024-12-02,30.49,30.0,30.87,21.87,20.13,23.79,19.44,19.11,19.93,8.45,7.51,9.13,,,,
2024-12-03,30.49,30.0,30.86,21.85,20.1,23.69,19.43,19.09,19.91,8.42,7.49,9.1,,,,
2024-12-04,30.49,30.0,30.86,21.82,20.07,23.62,19.42,19.04,19.9,8.38,7.41,9.12,,,,
2024-12-05,30.48,30.0,30.88,21.8,20.1,23.54,19.41,19.03,19.88,8.34,7.38,9.09,,,,
2024-12-06,30.48,30.0,30.89,21.78,20.11,23.45,19.4,19.03,19.87,8.3,7.35,9.05,31.0,18.0,19.0,9.0
2024-12-07,30.47,29.99,30.9,21.75,20.07,23.39,19.4,19.03,19.86,8.26,7.3,8.99,,,,
2024-12-08,30.46,29.98,30.87,21.72,20.0,23.32,19.39,19.03,19.85,8.22,7.28,8.94,,,,
2024-12-09,30.45,29.96,30.84,21.69,19.92,23.29,19.39,19.03,19.86,8.17,7.25,8.91,,,,
2024-12-10,30.44,29.94,30.83,21.66,19.89,23.19,19.39,19.03,19.86,8.13,7.23,8.87,,,,
2024-12-11,30.42,29.92,30.82,21.62,19.86,23.16,19.39,19.03,19.89,8.08,7.21,8.83,,,,
2024-12-12,30.39,29.89,30.81,21.59,19.84,23.13,19.4,19.04,19.89,8.04,7.2,8.77,,,,
2024-12-13,30.37,29.87,30.78,21.54,19.78,23.04,19.41,19.05,19.9,7.99,7.19,8.71,,,,
2024-12-14,30.33,29.79,30.76,21.5,19.76,22.93,19.42,19.06,19.91,7.94,7.18,8.68,,,,
2024-12-15,30.29,29.73,30.74,21.44,19.74,22.85,19.43,19.08,19.93,7.9,7.2,8.65,,,,
2024-12-16,30.25,29.62,30.71,21.38,19.67,22.8,19.45,19.07,19.99,7.85,7.17,8.59,,,,
2024-12-17,30.19,29.49,30.67,21.32,19.55,22.78,19.47,19.07,20.0,7.81,7.16,8.56,,,,
2024-12-18,30.13,29.38,30.63,21.24,19.44,22.72,19.49,19.08,20.04,7.76,7.14,8.52,,,,
2024-12-19,30.06,29.26,30.58,21.17,19.42,22.64,19.52,19.1,20.07,7.72,7.12,8.46,,,,
2024-12-20,29.98,29.1,30.51,21.09,19.41,22.58,19.54,19.11,20.12,7.69,7.13,8.43,,,,
2024-12-21,29.89,28.95,30.44,21.0,19.41,22.52,19.57,19.1,20.18,7.65,7.13,8.39,,,,
2024-12-22,29.8,28.83,30.4,20.92,19.32,22.47,19.6,19.11,20.22,7.63,7.13,8.36,,,,
2024-12-23,29.7,28.74,30.34,20.84,19.22,22.4,19.64,19.11,20.23,7.6,7.13,8.32,30.0,23.0,20.0,7.0
2024-12-24,29.6,28.63,30.26,20.75,19.15,22.33,19.67,19.14,20.24,7.59,7.14,8.3,,,,
2024-12-25,29.5,28.47,30.16,20.68,19.11,22.23,19.7,19.16,20.29,7.58,7.14,8.27,,,,
2024-12-26,29.39,28.38,30.06,20.6,19.04,22.18,19.74,19.19,20.3,7.57,7.14,8.26,,,,
2024-12-27,29.29,28.29,29.97,20.53,18.97,22.06,19.77,19.23,20.33,7.57,7.15,8.23,,,,
2024-12-28,29.18,28.17,29.85,20.47,18.93,21.9,19.8,19.27,20.34,7.57,7.16,8.21,,,,
2024-12-29,29.07,28.1,29.77,20.4,18.88,21.8,19.84,19.31,20.36,7.57,7.16,8.2,,,,
2024-12-30,28.96,27.99,29.71,20.34,18.81,21.76,19.87,19.35,20.38,7.58,7.18,8.19,30.0,22.0,19.0,7.0
2024-12-31,28.84,27.88,29.64,20.27,18.74,21.71,19.91,19.39,20.39,7.59,7.2,8.18,,,,
2025-01-01,28.73,27.76,29.53,20.21,18.72,21.64,19.95,19.43,20.43,7.6,7.21,8.18,,,,
2025-01-02,28.62,27.66,29.45,20.15,18.67,21.57,19.98,19.46,20.46,7.61,7.23,8.17,,,,
2025-01-03,28.51,27.57,29.36,20.09,18.65,21.48,20.01,19.5,20.49,7.62,7.23,8.17,,,,
2025-01-04,28.4,27.48,29.26,20.02,18.65,21.46,20.04,19.52,20.52,7.64,7.24,8.18,,,,
2025-01-05,28.3,27.34,29.14,19.96,18.67,21.33,20.07,19.55,20.56,7.66,7.25,8.19,,,,
2025-01-06,28.2,27.2,29.05,19.89,18.67,21.16,20.09,19.55,20.65,7.68,7.26,8.22,,,,
2025-01-07,28.1,27.01,28.95,19.82,18.68,21.05,20.12,19.56,20.7,7.7,7.27,8.25,,,,
2025-01-08,28.0,26.91,28.89,19.76,18.64,20.95,20.14,19.61,20.72,7.72,7.28,8.27,,,,
2025-01-09,27.91,26.82,28.79,19.68,18.63,20.84,20.16,19.62,20.77,7.74,7.29,8.3,,,,
2025-01-10,27.82,26.73,28.71,19.61,18.62,20.71,20.18,19.65,20.83,7.77,7.31,8.31,,,,
2025-01-11,27.74,26.67,28.65,19.54,18.58,20.58,20.19,19.64,20.86,7.79,7.35,8.33,,,,
2025-01-12,27.65,26.61,28.57,19.46,18.52,20.47,20.21,19.64,20.86,7.81,7.37,8.34,,,,
2025-01-13,27.57,26.53,28.47,19.39,18.45,20.41,20.22,19.66,20.91,7.84,7.4,8.35,28.0,18.0,21.0,7.0
2025-01-14,27.49,26.43,28.4,19.31,18.38,20.31,20.23,19.65,20.91,7.86,7.42,8.36,,,,
2025-01-15,27.41,26.4,28.31,19.23,18.28,20.21,20.25,19.67,20.94,7.88,7.45,8.37,,,,
2025-01-16,27.33,26.3,28.19,19.16,18.22,20.05,20.26,19.69,20.97,7.91,7.47,8.38,,,,
2025-01-17,27.25,26.25,28.1,19.08,18.22,19.92,20.28,19.69,20.98,7.92,7.49,8.38,,,,
2025-01-18,27.17,26.2,28.03,19.01,18.21,19.83,20.3,19.69,20.99,7.94,7.52,8.39,,,,
2025-01-19,27.09,26.12,27.94,18.94,18.14,19.73,20.31,19.7,21.01,7.96,7.55,8.41,,,,
2025-01-20,27.02,26.04,27.85,18.87,18.07,19.61,20.33,19.71,21.02,7.97,7.56,8.41,27.0,19.0,20.0,8.0
2025-01-21,26.94,25.96,27.81,18.8,18.06,19.47,20.35,19.73,21.03,7.98,7.58,8.41,,,,
2025-01-22,26.87,25.86,27.74,18.74,18.03,19.37,20.38,19.77,21.04,7.99,7.6,8.41,,,,
2025-01-23,26.8,25.77,27.64,18.68,17.98,19.28,20.4,19.77,21.05,8.0,7.61,8.41,28.0,20.0,20.0,8.0
2025-01-24,26.74,25.68,27.59,18.62,17.93,19.22,20.42,19.78,21.08,8.01,7.6,8.42,,,,
2025-01-25,26.68,25.6,27.53,18.57,17.91,19.16,20.45,19.81,21.11,8.01,7.59,8.42,,,,
2025-01-26,26.62,25.56,27.43,18.52,17.87,19.08,20.47,19.84,21.14,8.02,7.59,8.43,,,,
2025-01-27,26.56,25.54,27.36,18.48,17.81,19.01,20.49,19.88,21.17,8.02,7.59,8.43,27.0,19.0,20.0,9.0
2025-01-28,26.51,25.49,27.32,18.44,17.82,18.96,20.52,19.92,21.22,8.02,7.6,8.43,,,,
2025-01-29,26.46,25.42,27.28,18.41,17.82,18.91,20.54,19.95,21.26,8.02,7.6,8.4,,,,
2025-01-30,26.41,25.41,27.24,18.38,17.8,18.86,20.56,19.98,21.28,8.02,7.61,8.42,,,,
2025-01-31,26.36,25.36,27.19,18.36,17.79,18.83,20.58,19.98,21.29,8.01,7.6,8.42,,,,
2025-02-01,26.32,25.33,27.12,18.33,17.77,18.81,20.6,20.0,21.3,8.01,7.58,8.43,,,,
2025-02-02,26.27,25.26,27.09,18.31,17.76,18.79,20.63,20.02,21.3,8.01,7.59,8.44,,,,
2025-02-03,26.23,25.23,27.05,18.3,17.74,18.76,20.65,20.02,21.31,8.01,7.61,8.44,23.0,16.0,23.0,9.0
2025-02-04,26.19,25.17,27.03,18.28,17.73,18.74,20.67,20.03,21.32,8.0,7.64,8.44,,,,
2025-02-05,26.14,25.11,26.97,18.26,17.73,18.73,20.69,20.05,21.33,8.0,7.64,8.44,,,,
2025-02-06,26.1,25.04,26.94,18.25,17.72,18.71,20.71,20.08,21.34,8.0,7.63,8.44,,,,
2025-02-07,26.06,24.99,26.91,18.24,17.72,18.71,20.72,20.12,21.36,7.99,7.62,8.43,29.0,19.0,18.0,7.0
2025-02-08,26.02,24.96,26.88,18.22,17.71,18.69,20.74,20.14,21.37,7.99,7.62,8.42,26.0,18.0,21.0,8.0
2025-02-09,25.99,24.93,26.85,18.21,17.69,18.68,20.76,20.15,21.39,7.99,7.62,8.41,,,,
2025-02-10,25.95,24.91,26.81,18.19,17.7,18.66,20.78,20.16,21.4,7.99,7.62,8.41,26.0,19.0,20.0,9.0
2025-02-11,25.91,24.9,26.79,18.18,17.7,18.64,20.8,20.16,21.42,7.99,7.62,8.41,,,,
2025-02-12,25.87,24.88,26.77,18.17,17.68,18.63,20.81,20.16,21.44,7.99,7.62,8.43,,,,
2025-02-13,25.84,24.86,26.73,18.15,17.69,18.61,20.83,20.17,21.45,8.0,7.63,8.44,,,,
2025-02-14,25.8,24.84,26.7,18.14,17.7,18.58,20.84,20.18,21.45,8.0,7.62,8.43,,,,
2025-02-15,25.77,24.83,26.66,18.12,17.7,18.55,20.85,20.19,21.47,8.01,7.63,8.44,,,,
2025-02-16,25.74,24.82,26.62,18.11,17.7,18.52,20.87,20.21,21.49,8.01,7.64,8.44,,,,
2025-02-17,25.7,24.8,26.56,18.09,17.69,18.49,20.88,20.23,21.5,8.02,7.64,8.49,24.0,17.0,21.0,8.0
2025-02-18,25.67,24.77,26.53,18.07,17.69,18.46,20.9,20.24,21.54,8.03,7.65,8.5,,,,
2025-02-19,25.64,24.73,26.49,18.06,17.68,18.44,20.91,20.27,21.54,8.05,7.66,8.5,25.0,18.0,21.0,8.0
2025-02-20,25.61,24.68,26.45,18.04,17.67,18.41,20.93,20.3,21.54,8.06,7.67,8.52,,,,
2025-02-21,25.58,24.64,26.4,18.03,17.67,18.37,20.95,20.32,21.54,8.08,7.69,8.53,,,,
2025-02-22,25.55,24.62,26.35,18.02,17.67,18.34,20.97,20.34,21.56,8.09,7.7,8.56,,,,
2025-02-23,25.52,24.62,26.32,18.01,17.67,18.31,20.99,20.36,21.55,8.11,7.71,8.6,,,,
2025-02-24,25.5,24.63,26.27,18.0,17.68,18.28,21.01,20.38,21.55,8.13,7.72,8.64,27.0,18.0,23.0,6.0
2025-02-25,25.47,24.61,26.22,17.99,17.7,18.26,21.03,20.39,21.56,8.15,7.74,8.68,,,,
2025-02-26,25.45,24.58,26.17,17.98,17.72,18.23,21.05,20.4,21.61,8.17,7.75,8.7,,,,
2025-02-27,25.43,24.58,26.13,17.98,17.73,18.21,21.07,20.4,21.68,8.19,7.75,8.73,,,,
2025-02-28,25.41,24.58,26.08,17.98,17.73,18.19,21.09,20.45,21.74,8.21,7.76,8.76,,,,
2025-03-01,25.39,24.57,26.05,17.97,17.73,18.17,21.11,20.45,21.73,8.23,7.77,8.8,,,,
2025-03-02,25.37,24.56,26.03,17.97,17.74,18.15,21.13,20.44,21.75,8.25,7.77,8.83,,,,
2025-03-03,25.35,24.55,26.0,17.97,17.75,18.14,21.15,20.47,21.79,8.28,7.8,8.86,23.0,18.0,21.0,8.0
2025-03-04,25.33,24.55,25.98,17.97,17.77,18.12,21.18,20.49,21.83,8.3,7.81,8.89,,,,
2025-03-05,25.32,24.55,25.95,17.97,17.79,18.11,21.21,20.53,21.87,8.31,7.81,8.92,,,,
2025-03-06,25.3,24.54,25.93,17.96,17.81,18.09,21.24,20.56,21.92,8.33,7.81,8.95,,,,
2025-03-07,25.29,24.52,25.9,17.96,17.82,18.08,21.27,20.54,21.96,8.35,7.81,8.97,,,,
2025-03-08,25.27,24.5,25.9,17.96,17.82,18.07,21.3,20.53,22.01,8.37,7.81,8.97,,,,
2025-03-09,25.26,24.48,25.88,17.95,17.83,18.06,21.33,20.56,22.05,8.39,7.83,8.99,,,,
2025-03-10,25.25,24.47,25.88,17.95,17.83,18.05,21.37,20.59,22.09,8.41,7.84,9.02,26.0,18.0,21.0,8.0
2025-03-11,25.24,24.48,25.87,17.94,17.82,18.03,21.4,20.62,22.12,8.42,7.84,9.04,25.0,18.0,22.0,8.0
2025-03-12,25.24,24.5,25.86,17.93,17.8,18.02,21.44,20.63,22.18,8.44,7.85,9.05,,,,
2025-03-13,25.24,24.52,25.87,17.93,17.79,18.01,21.47,20.62,22.25,8.46,7.85,9.06,,,,
2025-03-14,25.24,24.57,25.85,17.92,17.77,18.0,21.5,20.62,22.31,8.47,7.87,9.06,,,,
2025-03-15,25.24,24.58,25.86,17.91,17.76,18.0,21.53,20.63,22.41,8.49,7.88,9.07,,,,
2025-03-16,25.25,24.58,25.87,17.9,17.76,17.99,21.56,20.66,22.46,8.5,7.9,9.08,,,,
2025-03-17,25.26,24.59,25.89,17.9,17.76,17.99,21.58,20.68,22.49,8.52,7.91,9.09,26.0,18.0,20.0,10.0
2025-03-18,25.27,24.61,25.9,17.89,17.74,17.99,21.6,20.71,22.51,8.53,7.93,9.11,,,,
2025-03-19,25.28,24.63,25.91,17.89,17.73,17.99,21.62,20.71,22.53,8.55,7.95,9.12,,,,
2025-03-20,25.3,24.66,25.92,17.89,17.73,18.0,21.64,20.71,22.54,8.57,7.97,9.13,,,,
2025-03-21,25.31,24.68,25.93,17.88,17.73,18.01,21.66,20.74,22.55,8.58,7.99,9.15,27.0,18.0,19.0,8.0
2025-03-22,25.32,24.71,25.94,17.88,17.72,18.01,21.67,20.75,22.59,8.6,8.02,9.15,,,,
2025-03-23,25.33,24.65,25.93,17.88,17.72,18.02,21.69,20.76,22.63,8.61,8.04,9.15,,,,
2025-03-24,25.34,24.66,25.94,17.87,17.7,18.02,21.71,20.78,22.64,8.62,8.06,9.15,24.0,18.0,23.0,10.0
2025-03-25,25.35,24.7,25.94,17.87,17.68,18.03,21.72,20.79,22.66,8.63,8.07,9.16,,,,
2025-03-26,25.35,24.65,25.93,17.86,17.66,18.03,21.74,20.83,22.69,8.64,8.07,9.17,,,,
2025-03-27,25.35,24.65,25.93,17.86,17.64,18.03,21.75,20.83,22.7,8.65,8.07,9.17,,,,
2025-03-28,25.35,24.68,25.94,17.85,17.62,18.04,21.77,20.85,22.71,8.65,8.08,9.16,,,,
2025-03-29,25.35,24.67,25.96,17.84,17.6,18.04,21.79,20.87,22.73,8.66,8.08,9.16,,,,
2025-03-30,25.35,24.66,25.96,17.83,17.6,18.04,21.81,20.89,22.8,8.66,8.08,9.16,,,,
2025-03-31,25.34,24.67,25.94,17.81,17.57,18.05,21.84,20.93,22.8,8.66,8.09,9.16,25.0,18.0,21.0,9.0
2025-04-01,25.33,24.64,25.94,17.8,17.54,18.05,21.86,20.98,22.81,8.66,8.1,9.15,,,,
2025-04-02,25.32,24.64,25.95,17.78,17.51,18.05,21.89,21.03,22.86,8.65,8.11,9.14,,,,
2025-04-03,25.31,24.62,25.97,17.76,17.48,18.04,21.92,21.09,22.92,8.65,8.12,9.11,,,,
2025-04-04,25.29,24.61,25.97,17.73,17.45,18.03,21.96,21.13,22.93,8.64,8.12,9.1,,,,
2025-04-05,25.27,24.6,25.96,17.71,17.42,18.02,22.0,21.2,22.94,8.64,8.13,9.09,,,,
2025-04-06,25.25,24.57,25.92,17.68,17.38,18.01,22.04,21.22,22.95,8.63,8.14,9.09,,,,
2025-04-07,25.22,24.54,25.87,17.65,17.33,18.0,22.08,21.22,22.98,8.62,8.15,9.08,26.0,17.0,25.0,7.0
2025-04-08,25.19,24.5,25.87,17.62,17.27,17.98,22.12,21.25,23.0,8.61,8.14,9.07,,,,
2025-04-09,25.15,24.44,25.87,17.58,17.21,17.97,22.16,21.29,23.05,8.6,8.12,9.06,,,,
2025-04-10,25.12,24.36,25.86,17.55,17.15,17.96,22.21,21.34,23.08,8.58,8.12,9.05,,,,
2025-04-11,25.08,24.33,25.86,17.52,17.08,17.94,22.25,21.38,23.11,8.57,8.11,9.02,,,,
2025-04-12,25.04,24.27,25.83,17.48,17.02,17.92,22.3,21.42,23.15,8.55,8.11,9.0,,,,
2025-04-13,24.99,24.23,25.78,17.44,16.94,17.91,22.34,21.45,23.18,8.54,8.09,8.98,,,,
2025-04-14,24.95,24.18,25.75,17.4,16.87,17.91,22.39,21.51,23.22,8.52,8.08,8.95,27.0,18.0,21.0,9.0
2025-04-15,24.9,24.11,25.72,17.36,16.82,17.9,22.43,21.57,23.27,8.51,8.07,8.92,,,,
2025-04-16,24.85,24.01,25.7,17.32,16.76,17.89,22.47,21.61,23.3,8.49,8.06,8.89,26.0,17.0,22.0,8.0
2025-04-17,24.8,23.9,25.67,17.27,16.71,17.86,22.51,21.67,23.33,8.48,8.05,8.87,,,,
2025-04-18,24.75,23.87,25.64,17.23,16.65,17.84,22.55,21.7,23.35,8.46,8.03,8.83,,,,
2025-04-19,24.69,23.84,25.61,17.18,16.6,17.81,22.59,21.73,23.37,8.45,8.03,8.81,,,,
2025-04-20,24.63,23.77,25.59,17.14,16.55,17.78,22.62,21.77,23.4,8.44,8.04,8.8,,,,
2025-04-21,24.57,23.69,25.58,17.09,16.49,17.72,22.65,21.81,23.42,8.43,8.04,8.76,,,,
2025-04-22,24.51,23.55,25.56,17.05,16.41,17.69,22.68,21.85,23.45,8.43,8.04,8.75,23.0,19.0,24.0,9.0
2025-04-23,24.45,23.39,25.53,17.01,16.35,17.68,22.71,21.9,23.44,8.42,8.05,8.75,,,,
2025-04-24,24.38,23.25,25.48,16.97,16.3,17.67,22.73,21.91,23.45,8.43,8.07,8.75,,,,
2025-04-25,24.31,23.17,25.44,16.93,16.25,17.65,22.74,21.92,23.46,8.43,8.07,8.75,27.0,18.0,20.0,8.0
2025-04-26,24.24,23.12,25.39,16.89,16.18,17.62,22.76,21.92,23.46,8.44,8.09,8.76,,,,
2025-04-27,24.17,23.06,25.33,16.85,16.12,17.59,22.77,21.93,23.48,8.45,8.08,8.76,,,,
2025-04-28,24.09,23.01,25.28,16.81,16.07,17.55,22.78,21.96,23.49,8.46,8.09,8.77,23.0,16.0,23.0,7.0
2025-04-29,24.02,22.97,25.22,16.78,16.01,17.54,22.79,21.98,23.5,8.47,8.1,8.79,,,,
2025-04-30,23.94,22.94,25.15,16.75,15.99,17.51,22.81,21.99,23.49,8.49,8.11,8.81,,,,
2025-05-01,23.86,22.88,25.08,16.72,15.97,17.47,22.82,22.03,23.48,8.5,8.12,8.81,,,,
2025-05-02,23.78,22.78,24.98,16.69,15.97,17.43,22.83,22.05,23.5,8.52,8.15,8.84,,,,
2025-05-03,23.7,22.72,24.86,16.65,15.94,17.41,22.85,22.09,23.52,8.54,8.14,8.87,25.0,17.0,23.0,9.0
2025-05-04,23.61,22.67,24.75,16.62,15.9,17.39,22.86,22.14,23.52,8.56,8.14,8.89,,,,
2025-05-05,23.52,22.6,24.64,16.59,15.88,17.37,22.88,22.17,23.54,8.58,8.14,8.92,,,,
2025-05-06,23.44,22.54,24.6,16.56,15.86,17.34,22.89,22.22,23.54,8.61,8.16,8.97,22.0,14.0,25.0,9.0
2025-05-07,23.35,22.5,24.52,16.53,15.84,17.31,22.9,22.23,23.54,8.63,8.18,9.0,,,,
2025-05-08,23.26,22.43,24.41,16.5,15.82,17.27,22.92,22.25,23.54,8.65,8.19,9.02,,,,
2025-05-09,23.17,22.36,24.29,16.47,15.81,17.23,22.93,22.27,23.53,8.68,8.2,9.05,,,,
2025-05-10,23.08,22.28,24.17,16.44,15.79,17.18,22.93,22.3,23.52,8.7,8.21,9.11,,,,
2025-05-11,22.99,22.22,24.03,16.41,15.78,17.15,22.94,22.31,23.52,8.73,8.23,9.13,,,,
2025-05-12,22.9,22.13,23.89,16.38,15.76,17.1,22.95,22.29,23.52,8.75,8.23,9.15,22.0,17.0,23.0,8.0
2025-05-13,22.81,22.05,23.79,16.35,15.73,17.05,22.95,22.3,23.51,8.77,8.23,9.18,,,,
2025-05-14,22.73,21.97,23.65,16.32,15.71,17.02,22.96,22.3,23.51,8.79,8.23,9.23,,,,
2025-05-15,22.64,21.9,23.54,16.29,15.72,16.97,22.96,22.3,23.51,8.81,8.22,9.28,,,,
2025-05-16,22.56,21.83,23.44,16.27,15.72,16.92,22.96,22.3,23.52,8.84,8.24,9.31,,,,
2025-05-17,22.48,21.77,23.35,16.24,15.7,16.88,22.95,22.29,23.52,8.86,8.27,9.36,,,,
2025-05-18,22.41,21.72,23.26,16.22,15.65,16.83,22.94,22.28,23.55,8.88,8.29,9.4,,,,
2025-05-19,22.34,21.66,23.16,16.2,15.6,16.81,22.93,22.27,23.58,8.9,8.32,9.43,22.0,14.0,23.0,10.0
2025-05-20,22.27,21.62,23.06,16.18,15.6,16.79,22.92,22.25,23.57,8.93,8.33,9.48,,,,
2025-05-21,22.21,21.59,22.97,16.16,15.59,16.75,22.9,22.23,23.57,8.95,8.34,9.53,22.0,17.0,23.0,8.0
2025-05-22,22.15,21.55,22.9,16.14,15.59,16.71,22.88,22.16,23.59,8.98,8.38,9.55,,,,
2025-05-23,22.09,21.51,22.83,16.13,15.59,16.69,22.86,22.14,23.58,9.0,8.43,9.58,,,,
2025-05-24,22.04,21.49,22.75,16.13,15.58,16.67,22.83,22.07,23.57,9.03,8.46,9.6,,,,
2025-05-25,21.99,21.44,22.68,16.12,15.59,16.66,22.8,22.0,23.57,9.05,8.46,9.64,,,,
2025-05-26,21.95,21.37,22.61,16.12,15.6,16.64,22.77,21.95,23.56,9.08,8.46,9.66,,,,
2025-05-27,21.91,21.3,22.55,16.13,15.61,16.64,22.74,21.92,23.53,9.11,8.5,9.69,20.0,16.0,22.0,11.0
2025-05-28,21.87,21.27,22.49,16.14,15.62,16.63,22.7,21.89,23.51,9.14,8.56,9.74,,,,
2025-05-29,21.83,21.18,22.45,16.16,15.65,16.65,22.67,21.86,23.48,9.16,8.58,9.77,,,,
2025-05-30,21.8,21.15,22.42,16.18,15.68,16.66,22.63,21.82,23.46,9.19,8.61,9.78,,,,
2025-05-31,21.77,21.13,22.37,16.2,15.72,16.69,22.59,21.8,23.42,9.22,8.65,9.8,,,,
2025-06-01,21.75,21.12,22.33,16.23,15.76,16.71,22.55,21.75,23.38,9.25,8.68,9.82,,,,
2025-06-02,21.72,21.1,22.31,16.26,15.8,16.72,22.5,21.71,23.33,9.28,8.7,9.84,21.0,16.0,26.0,8.0
2025-06-03,21.71,21.09,22.29,16.3,15.83,16.77,22.46,21.68,23.31,9.31,8.74,9.85,,,,
2025-06-04,21.69,21.08,22.27,16.33,15.84,16.8,22.42,21.64,23.24,9.33,8.78,9.88,,,,
2025-06-05,21.67,21.08,22.27,16.37,15.87,16.85,22.38,21.62,23.21,9.36,8.82,9.91,,,,
2025-06-06,21.66,21.07,22.29,16.41,15.94,16.89,22.34,21.6,23.18,9.39,8.86,9.95,,,,
2025-06-07,21.65,21.05,22.3,16.45,16.0,16.94,22.31,21.57,23.13,9.41,8.87,9.98,,,,
2025-06-08,21.63,21.05,22.29,16.48,16.03,16.98,22.27,21.54,23.11,9.44,8.89,10.01,,,,
2025-06-09,21.62,21.04,22.28,16.52,16.07,17.02,22.24,21.51,23.09,9.46,8.91,10.02,20.0,16.0,21.0,11.0
2025-06-10,21.61,21.04,22.26,16.55,16.11,17.05,22.21,21.49,23.07,9.49,8.94,10.04,,,,
2025-06-11,21.6,21.02,22.24,16.58,16.12,17.08,22.18,21.46,23.04,9.52,8.96,10.09,,,,
2025-06-12,21.59,20.99,22.23,16.61,16.11,17.1,22.16,21.46,23.01,9.54,8.97,10.1,24.0,17.0,21.0,8.0
2025-06-13,21.58,20.96,22.24,16.64,16.17,17.13,22.14,21.46,22.99,9.56,8.99,10.11,,,,
2025-06-14,21.57,20.96,22.24,16.67,16.2,17.15,22.11,21.45,22.96,9.59,9.01,10.13,,,,
2025-06-15,21.56,20.93,22.23,16.69,16.22,17.16,22.09,21.44,22.93,9.61,9.03,10.16,,,,
2025-06-16,21.55,20.92,22.21,16.71,16.25,17.2,22.08,21.45,22.9,9.63,9.05,10.19,22.0,17.0,21.0,9.0
2025-06-17,21.54,20.9,22.2,16.73,16.26,17.22,22.06,21.44,22.87,9.66,9.08,10.22,,,,
2025-06-18,21.53,20.88,22.2,16.75,16.26,17.24,22.04,21.43,22.84,9.68,9.1,10.23,,,,
2025-06-19,21.52,20.86,22.21,16.77,16.26,17.27,22.03,21.45,22.82,9.7,9.13,10.25,,,,
2025-06-20,21.51,20.84,22.21,16.79,16.28,17.3,22.02,21.45,22.79,9.72,9.15,10.26,,,,
2025-06-21,21.5,20.82,22.21,16.8,16.29,17.32,22.01,21.45,22.75,9.74,9.18,10.27,,,,
2025-06-22,21.5,20.82,22.21,16.81,16.27,17.33,22.0,21.46,22.7,9.76,9.2,10.28,,,,
2025-06-23,21.49,20.81,22.18,16.82,16.25,17.35,21.99,21.47,22.65,9.78,9.22,10.29,22.0,16.0,22.0,10.0
2025-06-24,21.49,20.81,22.16,16.82,16.23,17.35,21.98,21.48,22.59,9.79,9.22,10.28,,,,
2025-06-25,21.49,20.83,22.15,16.82,16.22,17.35,21.97,21.5,22.53,9.8,9.26,10.3,,,,
2025-06-26,21.49,20.86,22.14,16.82,16.21,17.34,21.96,21.51,22.47,9.82,9.26,10.32,,,,
2025-06-27,21.49,20.88,22.15,16.82,16.2,17.33,21.95,21.52,22.44,9.82,9.28,10.31,,,,
2025-06-28,21.49,20.88,22.14,16.81,16.19,17.33,21.94,21.54,22.38,9.83,9.3,10.28,,,,
2025-06-29,21.49,20.89,22.14,16.8,16.17,17.31,21.92,21.51,22.34,9.84,9.3,10.27,,,,
2025-06-30,21.48,20.91,22.13,16.8,16.16,17.29,21.91,21.48,22.3,9.84,9.34,10.26,22.0,18.0,21.5,10.0
2025-07-01,21.48,20.92,22.13,16.79,16.15,17.27,21.9,21.5,22.27,9.85,9.36,10.24,,,,
2025-07-02,21.47,20.92,22.1,16.78,16.16,17.29,21.89,21.49,22.24,9.85,9.33,10.24,,,,
2025-07-03,21.46,20.91,22.1,16.77,16.16,17.29,21.88,21.47,22.23,9.86,9.34,10.24,,,,
2025-07-04,21.45,20.9,22.08,16.76,16.13,17.28,21.87,21.43,22.21,9.86,9.35,10.24,,,,
2025-07-05,21.44,20.9,22.08,16.75,16.11,17.27,21.86,21.43,22.19,9.87,9.33,10.24,,,,
2025-07-06,21.42,20.88,22.09,16.74,16.1,17.26,21.85,21.4,22.18,9.87,9.35,10.23,,,,
2025-07-07,21.4,20.87,22.08,16.72,16.09,17.26,21.84,21.36,22.18,9.87,9.36,10.23,20.0,18.0,22.0,11.0
2025-07-08,21.38,20.86,22.03,16.71,16.08,17.26,21.83,21.33,22.18,9.87,9.36,10.23,,,,
2025-07-09,21.36,20.85,22.02,16.7,16.05,17.23,21.83,21.31,22.17,9.87,9.36,10.23,,,,
2025-07-10,21.33,20.82,22.02,16.68,16.0,17.23,21.82,21.29,22.17,9.87,9.33,10.22,,,,
2025-07-11,21.31,20.76,22.0,16.67,15.98,17.22,21.82,21.28,22.2,9.86,9.31,10.22,,,,
2025-07-12,21.28,20.78,22.0,16.65,15.98,17.21,21.82,21.27,22.23,9.86,9.32,10.22,,,,
2025-07-13,21.25,20.74,21.99,16.63,15.96,17.2,21.81,21.27,22.22,9.86,9.31,10.22,,,,
2025-07-14,21.22,20.67,21.95,16.61,15.93,17.18,21.8,21.27,22.21,9.85,9.29,10.21,20.0,15.0,23.0,10.0
2025-07-15,21.18,20.65,21.94,16.59,15.92,17.15,21.79,21.25,22.2,9.85,9.27,10.21,,,,
2025-07-16,21.15,20.63,21.9,16.56,15.88,17.13,21.78,21.25,22.21,9.84,9.25,10.21,,,,
2025-07-17,21.12,20.61,21.85,16.54,15.87,17.1,21.77,21.24,22.21,9.83,9.23,10.21,,,,
2025-07-18,21.08,20.56,21.8,16.51,15.86,17.06,21.76,21.22,22.2,9.82,9.22,10.21,,,,
2025-07-19,21.05,20.51,21.76,16.48,15.83,17.02,21.75,21.2,22.2,9.81,9.22,10.22,,,,
2025-07-20,21.02,20.48,21.74,16.45,15.81,16.99,21.73,21.19,22.2,9.8,9.22,10.21,,,,
2025-07-21,21.0,20.44,21.72,16.42,15.8,16.97,21.72,21.18,22.19,9.79,9.23,10.21,21.0,17.0,23.0,11.0
2025-07-22,20.97,20.43,21.69,16.39,15.79,16.89,21.71,21.18,22.17,9.78,9.24,10.2,,,,
2025-07-23,20.94,20.41,21.64,16.36,15.79,16.86,21.7,21.19,22.18,9.76,9.23,10.19,22.0,16.0,23.0,10.0
2025-07-24,20.92,20.39,21.62,16.33,15.79,16.83,21.69,21.17,22.19,9.75,9.22,10.18,,,,
2025-07-25,20.89,20.37,21.6,16.3,15.77,16.8,21.69,21.16,22.17,9.73,9.21,10.17,,,,
2025-07-26,20.87,20.35,21.53,16.26,15.75,16.76,21.68,21.15,22.16,9.72,9.21,10.15,,,,
2025-07-27,20.85,20.32,21.52,16.23,15.73,16.7,21.67,21.13,22.16,9.71,9.2,10.14,,,,
2025-07-28,20.83,20.3,21.51,16.2,15.71,16.64,21.67,21.13,22.17,9.69,9.19,10.12,21.0,15.0,21.0,8.0
2025-07-29,20.81,20.28,21.49,16.16,15.71,16.6,21.66,21.14,22.16,9.68,9.18,10.1,,,,
2025-07-30,20.8,20.27,21.49,16.13,15.7,16.55,21.65,21.12,22.15,9.67,9.17,10.09,23.0,17.0,20.0,9.0
2025-07-31,20.78,20.25,21.48,16.1,15.7,16.5,21.64,21.11,22.15,9.65,9.17,10.07,,,,
2025-08-01,20.77,20.23,21.46,16.07,15.68,16.46,21.63,21.07,22.17,9.64,9.17,10.05,,,,
2025-08-02,20.76,20.22,21.43,16.04,15.67,16.42,21.62,21.04,22.18,9.62,9.19,10.04,,,,
2025-08-03,20.76,20.2,21.41,16.02,15.65,16.4,21.61,21.03,22.19,9.61,9.19,10.02,,,,
2025-08-04,20.75,20.2,21.39,15.99,15.62,16.38,21.59,21.01,22.18,9.6,9.19,10.01,19.0,16.0,21.0,10.0
2025-08-05,20.74,20.2,21.38,15.97,15.61,16.34,21.58,21.0,22.19,9.59,9.18,9.99,,,,
2025-08-06,20.74,20.2,21.37,15.96,15.6,16.32,21.57,20.98,22.18,9.58,9.18,9.98,,,,
2025-08-07,20.73,20.21,21.35,15.95,15.61,16.31,21.55,20.96,22.18,9.58,9.18,9.98,,,,
2025-08-08,20.73,20.2,21.33,15.94,15.62,16.29,21.54,20.95,22.18,9.57,9.18,9.97,,,,
2025-08-09,20.72,20.19,21.33,15.93,15.61,16.28,21.53,20.92,22.17,9.57,9.18,9.96,,,,
2025-08-10,20.71,20.19,21.31,15.92,15.61,16.28,21.51,20.9,22.16,9.57,9.18,9.96,,,,
2025-08-11,20.7,20.18,21.29,15.92,15.61,16.26,21.5,20.91,22.16,9.57,9.18,9.96,20.0,16.0,21.0,9.0
2025-08-12,20.69,20.17,21.28,15.91,15.61,16.24,21.49,20.9,22.15,9.57,9.19,9.95,,,,
2025-08-13,20.67,20.17,21.25,15.91,15.63,16.23,21.48,20.9,22.14,9.57,9.19,9.95,,,,
2025-08-14,20.65,20.17,21.23,15.9,15.64,16.23,21.47,20.89,22.14,9.58,9.2,9.94,,,,
2025-08-15,20.63,20.18,21.2,15.9,15.64,16.22,21.46,20.89,22.16,9.59,9.22,9.94,,,,
2025-08-16,20.61,20.19,21.18,15.89,15.63,16.21,21.46,20.89,22.13,9.6,9.24,9.95,,,,
2025-08-17,20.59,20.17,21.14,15.88,15.62,16.2,21.45,20.87,22.11,9.61,9.26,9.95,,,,
2025-08-18,20.57,20.15,21.07,15.87,15.6,16.2,21.44,20.84,22.08,9.63,9.27,9.97,20.5,15.5,21.0,9.5
2025-08-19,20.54,20.12,21.05,15.85,15.58,16.17,21.44,20.81,22.06,9.64,9.28,9.98,,,,
2025-08-20,20.52,20.12,21.04,15.84,15.56,16.15,21.43,20.81,22.04,9.66,9.31,10.0,,,,
2025-08-21,20.49,20.12,20.98,15.82,15.54,16.14,21.43,20.78,22.02,9.68,9.33,10.02,,,,
2025-08-22,20.47,20.12,20.92,15.79,15.52,16.12,21.42,20.77,22.0,9.7,9.36,10.04,,,,
2025-08-23,20.45,20.1,20.86,15.77,15.5,16.1,21.41,20.75,22.01,9.73,9.38,10.08,,,,
2025-08-24,20.43,20.09,20.83,15.75,15.47,16.09,21.4,20.72,21.98,9.75,9.4,10.1,,,,
2025-08-25,20.4,20.07,20.8,15.72,15.4,16.07,21.4,20.69,21.98,9.77,9.43,10.12,,,,
2025-08-26,20.39,20.07,20.77,15.7,15.34,16.07,21.39,20.66,22.03,9.8,9.45,10.14,20.0,16.0,24.0,10.0
2025-08-27,20.37,20.05,20.73,15.68,15.3,16.07,21.38,20.64,22.03,9.83,9.46,10.16,,,,
2025-08-28,20.35,20.03,20.71,15.66,15.27,16.06,21.37,20.61,22.03,9.86,9.48,10.19,,,,
2025-08-29,20.34,20.02,20.69,15.63,15.24,16.04,21.36,20.59,22.03,9.88,9.5,10.23,,,,
2025-08-30,20.33,20.0,20.68,15.61,15.21,16.04,21.35,20.57,22.02,9.91,9.53,10.28,,,,
2025-08-31,20.32,19.97,20.67,15.59,15.18,16.03,21.34,20.55,22.03,9.94,9.56,10.31,,,,
2025-09-01,20.3,19.96,20.67,15.57,15.16,16.02,21.33,20.56,22.02,9.97,9.59,10.32,21.0,16.0,20.0,10.0
2025-09-02,20.29,19.94,20.66,15.55,15.13,16.0,21.32,20.57,22.05,9.99,9.61,10.37,,,,
2025-09-03,20.28,19.92,20.63,15.53,15.1,16.0,21.31,20.56,22.06,10.02,9.63,10.42,21.0,15.0,21.0,9.0
2025-09-04,20.27,19.9,20.64,15.52,15.06,15.99,21.3,20.56,22.06,10.05,9.65,10.45,,,,
2025-09-05,20.26,19.88,20.62,15.5,15.03,15.98,21.29,20.54,22.07,10.07,9.66,10.49,,,,
2025-09-06,20.25,19.86,20.61,15.48,14.99,15.97,21.29,20.53,22.09,10.1,9.68,10.52,,,,
2025-09-07,20.24,19.83,20.6,15.46,14.95,15.97,21.29,20.53,22.11,10.13,9.7,10.57,,,,
2025-09-08,20.22,19.79,20.6,15.44,14.93,15.96,21.29,20.55,22.15,10.16,9.72,10.59,20.0,17.0,23.0,11.0
2025-09-09,20.21,19.76,20.6,15.42,14.88,15.95,21.29,20.54,22.2,10.2,9.75,10.61,,,,
2025-09-10,20.19,19.71,20.58,15.4,14.84,15.93,21.29,20.55,22.23,10.23,9.79,10.64,,,,
2025-09-11,20.17,19.67,20.55,15.38,14.79,15.91,21.3,20.57,22.27,10.27,9.83,10.69,,,,
2025-09-12,20.14,19.62,20.54,15.35,14.74,15.91,21.31,20.59,22.26,10.31,9.86,10.72,,,,
2025-09-13,20.12,19.57,20.53,15.33,14.71,15.89,21.32,20.6,22.31,10.35,9.88,10.75,,,,
2025-09-14,20.1,19.54,20.52,15.3,14.66,15.89,21.34,20.65,22.34,10.39,9.91,10.83,,,,
2025-09-15,20.08,19.5,20.52,15.27,14.62,15.89,21.35,20.66,22.42,10.44,9.97,10.91,19.0,15.0,22.0,11.0
2025-09-16,20.06,19.48,20.52,15.24,14.58,15.87,21.37,20.68,22.49,10.49,9.99,10.99,,,,
2025-09-17,20.03,19.46,20.48,15.21,14.54,15.84,21.38,20.69,22.51,10.54,10.04,11.08,,,,
2025-09-18,20.02,19.44,20.48,15.18,14.5,15.82,21.4,20.68,22.54,10.6,10.08,11.18,,,,
2025-09-19,20.0,19.4,20.5,15.14,14.45,15.8,21.42,20.68,22.56,10.65,10.12,11.28,,,,
2025-09-20,19.98,19.37,20.49,15.11,14.41,15.81,21.44,20.71,22.58,10.71,10.15,11.36,,,,
2025-09-21,19.96,19.34,20.48,15.07,14.38,15.78,21.46,20.72,22.61,10.77,10.18,11.42,,,,
2025-09-22,19.94,19.31,20.48,15.04,14.35,15.72,21.47,20.72,22.65,10.84,10.24,11.53,21.0,13.0,20.0,11.0
2025-09-23,19.93,19.3,20.45,15.0,14.31,15.69,21.49,20.7,22.67,10.9,10.29,11.63,,,,
2025-09-24,19.91,19.28,20.49,14.96,14.26,15.66,21.51,20.73,22.71,10.97,10.3,11.72,,,,
2025-09-25,19.89,19.25,20.49,14.92,14.25,15.63,21.53,20.73,22.74,11.04,10.34,11.79,21.0,15.0,19.0,9.0
2025-09-26,19.88,19.22,20.49,14.89,14.2,15.6,21.55,20.74,22.77,11.12,10.38,11.9,,,,
2025-09-27,19.86,19.19,20.48,14.85,14.18,15.58,21.57,20.73,22.77,11.19,10.43,12.02,,,,
2025-09-28,19.84,19.15,20.49,14.82,14.13,15.54,21.59,20.74,22.77,11.27,10.5,12.1,,,,
2025-09-29,19.82,19.12,20.49,14.78,14.09,15.52,21.61,20.76,22.81,11.34,10.54,12.21,19.0,17.0,20.0,11.0
2025-09-30,19.8,19.09,20.49,14.75,14.02,15.49,21.63,20.77,22.86,11.42,10.59,12.29,,,,
2025-10-01,19.78,19.07,20.49,14.72,13.98,15.44,21.65,20.77,22.88,11.51,10.62,12.36,,,,
2025-10-02,19.76,19.06,20.5,14.69,13.96,15.41,21.67,20.79,22.91,11.59,10.7,12.51,,,,
2025-10-03,19.74,19.03,20.49,14.67,13.95,15.38,21.69,20.78,22.93,11.67,10.76,12.61,,,,
2025-10-04,19.72,19.0,20.47,14.64,13.93,15.36,21.71,20.76,22.95,11.75,10.82,12.72,,,,
2025-10-05,19.7,18.97,20.45,14.62,13.9,15.34,21.73,20.75,22.96,11.83,10.88,12.82,,,,
2025-10-06,19.68,18.93,20.42,14.59,13.88,15.3,21.75,20.78,22.95,11.92,11.0,12.87,18.0,14.0,24.0,12.0
2025-10-07,19.66,18.91,20.4,14.57,13.86,15.27,21.77,20.79,22.96,12.0,11.07,12.99,,,,
2025-10-08,19.64,18.87,20.38,14.55,13.83,15.25,21.78,20.81,22.96,12.09,11.14,13.09,,,,
2025-10-09,19.63,18.85,20.38,14.53,13.77,15.22,21.8,20.81,22.94,12.17,11.2,13.16,,,,
2025-10-10,19.61,18.84,20.36,14.51,13.75,15.16,21.8,20.81,22.91,12.25,11.24,13.24,,,,
2025-10-11,19.6,18.83,20.34,14.49,13.73,15.1,21.81,20.8,22.88,12.34,11.33,13.33,,,,
2025-10-12,19.59,18.84,20.35,14.47,13.68,15.07,21.81,20.8,22.87,12.42,11.4,13.42,,,,
2025-10-13,19.59,18.83,20.35,14.45,13.68,15.03,21.81,20.79,22.85,12.51,11.51,13.5,19.0,13.0,24.0,13.0
2025-10-14,19.58,18.83,20.35,14.42,13.69,15.01,21.81,20.78,22.8,12.61,11.62,13.57,,,,
2025-10-15,19.58,18.84,20.38,14.4,13.67,15.01,21.81,20.77,22.79,12.7,11.75,13.67,,,,
2025-10-16,19.58,18.84,20.41,14.38,13.64,14.99,21.8,20.76,22.74,12.8,11.89,13.8,,,,
2025-10-17,19.58,18.85,20.43,14.35,13.62,14.95,21.79,20.75,22.73,12.91,12.05,13.9,,,,
2025-10-18,19.59,18.86,20.44,14.33,13.62,14.9,21.78,20.75,22.72,13.01,12.15,13.93,,,,
2025-10-19,19.59,18.87,20.46,14.3,13.62,14.84,21.76,20.76,22.71,13.12,12.29,13.96,,,,
2025-10-20,19.6,18.87,20.47,14.27,13.62,14.8,21.74,20.74,22.68,13.23,12.35,14.01,22.0,14.0,22.0,14.0
2025-10-21,19.62,18.86,20.5,14.24,13.59,14.75,21.72,20.74,22.66,13.34,12.46,14.14,,,,
2025-10-22,19.63,18.89,20.5,14.21,13.56,14.72,21.69,20.71,22.63,13.45,12.61,14.25,,,,
2025-10-23,19.65,18.9,20.52,14.18,13.54,14.69,21.66,20.63,22.58,13.56,12.78,14.4,,,,
2025-10-24,19.66,18.9,20.54,14.16,13.54,14.64,21.63,20.55,22.54,13.67,12.85,14.47,,,,
2025-10-25,19.68,18.88,20.57,14.13,13.55,14.6,21.58,20.51,22.49,13.77,12.95,14.64,,,,
2025-10-26,19.7,18.9,20.59,14.1,13.55,14.57,21.54,20.46,22.44,13.88,13.03,14.75,,,,
2025-10-27,19.73,18.95,20.62,14.07,13.55,14.51,21.48,20.41,22.39,13.97,13.1,14.86,18.0,15.0,23.0,15.0
2025-10-28,19.75,18.94,20.64,14.05,13.51,14.48,21.42,20.35,22.35,14.07,13.21,14.95,,,,
2025-10-29,19.77,18.97,20.66,14.02,13.48,14.45,21.36,20.3,22.25,14.15,13.28,15.02,,,,
2025-10-30,19.8,19.01,20.68,14.0,13.48,14.43,21.28,20.24,22.19,14.23,13.33,15.07,,,,
2025-10-31,19.82,19.03,20.69,13.98,13.5,14.4,21.21,20.18,22.07,14.3,13.41,15.12,,,,
2025-11-01,19.84,19.05,20.68,13.97,13.49,14.38,21.13,20.15,21.97,14.36,13.45,15.2,,,,
2025-11-02,19.86,19.09,20.67,13.96,13.48,14.36,21.04,20.08,21.87,14.41,13.5,15.28,,,,
2025-11-03,19.88,19.12,20.69,13.96,13.49,14.36,20.96,20.03,21.77,14.45,13.52,15.36,19.0,15.0,22.0,14.0
2025-11-04,19.89,19.14,20.66,13.95,13.51,14.35,20.88,19.97,21.65,14.49,13.54,15.42,,,,
2025-11-05,19.91,19.16,20.64,13.96,13.52,14.36,20.79,19.91,21.55,14.52,13.57,15.49,,,,
2025-11-06,19.92,19.2,20.61,13.96,13.52,14.35,20.72,19.86,21.48,14.55,13.59,15.51,,,,
2025-11-07,19.93,19.21,20.61,13.97,13.54,14.36,20.64,19.8,21.42,14.57,13.61,15.56,,,,
2025-11-08,19.93,19.24,20.59,13.97,13.55,14.37,20.56,19.73,21.36,14.59,13.63,15.57,,,,
2025-11-09,19.93,19.26,20.6,13.98,13.57,14.37,20.49,19.68,21.29,14.6,13.65,15.55,,,,
2025-11-10,19.93,19.27,20.58,13.99,13.59,14.37,20.43,19.63,21.16,14.62,13.66,15.56,20.0,13.0,20.0,15.0
2025-11-11,19.93,19.27,20.56,14.0,13.6,14.38,20.36,19.61,21.09,14.63,13.66,15.58,,,,
2025-11-12,19.93,19.3,20.53,14.01,13.62,14.39,20.3,19.62,21.03,14.64,13.68,15.59,,,,
2025-11-13,19.92,19.33,20.5,14.02,13.64,14.39,20.25,19.58,20.96,14.66,13.69,15.58,,,,
2025-11-14,19.91,19.36,20.49,14.02,13.66,14.39,20.2,19.55,20.92,14.67,13.7,15.58,20.0,14.0,19.0,12.0
2025-11-15,19.9,19.39,20.47,14.03,13.68,14.39,20.15,19.54,20.87,14.68,13.71,15.58,,,,
2025-11-16,19.9,19.4,20.43,14.04,13.7,14.38,20.11,19.53,20.8,14.69,13.72,15.61,,,,
2025-11-17,19.89,19.42,20.42,14.04,13.7,14.38,20.07,19.52,20.73,14.7,13.72,15.57,22.0,13.0,19.0,18.0
2025-11-18,19.88,19.43,20.4,14.05,13.71,14.37,20.04,19.52,20.69,14.71,13.74,15.55,,,,
2025-11-19,19.87,19.43,20.38,14.05,13.72,14.37,20.01,19.5,20.67,14.72,13.75,15.57,,,,
2025-11-20,19.87,19.42,20.4,14.05,13.73,14.37,19.99,19.52,20.65,14.73,13.76,15.59,,,,
2025-11-21,19.86,19.43,20.39,14.05,13.73,14.36,19.97,19.52,20.62,14.74,13.77,15.62,,,,
2025-11-22,19.86,19.44,20.39,14.06,13.73,14.36,19.96,19.54,20.59,14.75,13.78,15.63,,,,
2025-11-23,19.86,19.44,20.39,14.06,13.74,14.36,19.95,19.5,20.56,14.76,13.79,15.65,,,,
2025-11-24,19.85,19.43,20.4,14.06,13.74,14.36,19.94,19.5,20.52,14.78,13.8,15.66,20.0,14.0,19.0,16.0
2025-11-25,19.85,19.43,20.41,14.06,13.73,14.35,19.93,19.49,20.5,14.79,13.8,15.67,,,,
2025-11-26,19.86,19.44,20.42,14.06,13.72,14.35,19.92,19.5,20.5,14.8,13.82,15.67,,,,
2025-11-27,19.86,19.44,20.43,14.06,13.72,14.35,19.92,19.49,20.51,14.81,13.81,15.66,,,,
2025-11-28,19.86,19.45,20.44,14.06,13.72,14.35,19.91,19.47,20.5,14.81,13.8,15.67,,,,
2025-11-29,19.87,19.46,20.44,14.07,13.72,14.35,19.91,19.45,20.49,14.81,13.8,15.68,,,,
2025-11-30,19.88,19.46,20.44,14.07,13.72,14.34,19.91,19.45,20.54,14.81,13.8,15.68,,,,
2025-12-01,19.89,19.47,20.43,14.07,13.71,14.33,19.92,19.44,20.55,14.81,13.78,15.68,19.5,14.0,20.0,14.5
2025-12-02,19.9,19.48,20.41,14.07,13.72,14.33,19.93,19.43,20.59,14.8,13.78,15.66,,,,
2025-12-03,19.91,19.49,20.4,14.07,13.72,14.32,19.94,19.43,20.64,14.79,13.79,15.65,20.0,14.0,19.0,13.0
2025-12-04,19.92,19.5,20.44,14.08,13.72,14.32,19.95,19.42,20.67,14.77,13.79,15.63,,,,
2025-12-05,19.93,19.51,20.43,14.08,13.73,14.32,19.97,19.42,20.69,14.75,13.79,15.61,,,,
2025-12-06,19.94,19.52,20.42,14.08,13.75,14.32,19.99,19.41,20.76,14.73,13.79,15.6,,,,
2025-12-07,19.96,19.52,20.43,14.09,13.77,14.33,20.01,19.4,20.84,14.7,13.75,15.58,,,,
2025-12-08,19.97,19.52,20.44,14.09,13.79,14.33,20.04,19.38,20.91,14.67,13.74,15.55,20.0,15.0,20.0,14.0
2025-12-09,19.99,19.52,20.47,14.1,13.81,14.33,20.07,19.39,21.05,14.63,13.73,15.5,,,,
2025-12-10,20.0,19.52,20.49,14.11,13.83,14.34,20.11,19.38,21.15,14.6,13.71,15.47,,,,
2025-12-11,20.02,19.53,20.5,14.11,13.83,14.35,20.15,19.39,21.21,14.56,13.7,15.44,,,,
2025-12-12,20.03,19.53,20.55,14.12,13.85,14.36,20.19,19.41,21.27,14.52,13.69,15.39,,,,
2025-12-13,20.05,19.54,20.59,14.13,13.86,14.36,20.23,19.41,21.39,14.48,13.68,15.33,,,,
2025-12-14,20.07,19.54,20.62,14.13,13.87,14.36,20.28,19.4,21.5,14.44,13.67,15.29,,,,
2025-12-15,20.09,19.55,20.64,14.14,13.87,14.37,20.33,19.4,21.56,14.41,13.66,15.26,18.0,15.0,20.0,17.0
2025-12-16,20.11,19.55,20.66,14.14,13.87,14.37,20.38,19.41,21.62,14.37,13.62,15.21,,,,
2025-12-17,20.13,19.57,20.68,14.15,13.87,14.38,20.43,19.44,21.68,14.33,13.59,15.19,,,,
2025-12-18,20.15,19.59,20.7,14.15,13.86,14.4,20.48,19.44,21.73,14.3,13.58,15.18,,,,
2025-12-19,20.18,19.6,20.72,14.15,13.85,14.41,20.53,19.42,21.81,14.27,13.56,15.17,,,,
2025-12-20,20.2,19.64,20.73,14.15,13.84,14.43,20.58,19.43,21.93,14.24,13.55,15.16,,,,
2025-12-21,20.23,19.66,20.77,14.15,13.84,14.44,20.63,19.48,21.97,14.22,13.52,15.12,,,,
2025-12-22,20.26,19.67,20.8,14.15,13.83,14.45,20.69,19.51,22.02,14.2,13.51,15.1,20.0,14.0,24.0,15.0
2025-12-23,20.3,19.69,20.84,14.14,13.82,14.47,20.74,19.52,22.09,14.17,13.51,15.1,,,,
2025-12-24,20.33,19.72,20.87,14.14,13.81,14.47,20.79,19.54,22.17,14.15,13.49,15.09,,,,
2025-12-25,20.37,19.75,20.9,14.13,13.79,14.47,20.84,19.6,22.25,14.14,13.5,15.06,,,,
2025-12-26,20.41,19.77,20.92,14.12,13.77,14.46,20.9,19.62,22.3,14.12,13.46,15.03,,,,
2025-12-27,20.45,19.78,20.97,14.11,13.75,14.46,20.95,19.64,22.38,14.11,13.43,15.02,,,,
2025-12-28,20.49,19.85,21.01,14.1,13.73,14.44,21.0,19.67,22.45,14.11,13.41,15.02,,,,
2025-12-29,20.53,19.9,21.06,14.09,13.72,14.44,21.05,19.7,22.53,14.1,13.37,15.02,,,,
2025-12-30,20.58,19.94,21.11,14.07,13.71,14.43,21.09,19.73,22.6,14.1,13.37,15.02,,,,
2025-12-31,20.63,19.97,21.15,14.06,13.7,14.43,21.13,19.78,22.62,14.1,13.37,15.04,,,,
2026-01-01,20.67,20.02,21.2,14.04,13.67,14.43,21.17,19.79,22.69,14.1,13.35,15.06,21.0,14.0,18.0,13.0
2026-01-02,20.73,20.07,21.26,14.02,13.64,14.42,21.2,19.82,22.74,14.1,13.35,15.04,,,,
2026-01-03,20.78,20.12,21.3,14.0,13.6,14.4,21.23,19.86,22.75,14.11,13.35,15.0,21.0,14.0,18.0,13.0
2026-01-04,20.83,20.16,21.36,13.98,13.57,14.38,21.25,19.88,22.77,14.11,13.35,14.97,,,,
2026-01-05,20.89,20.21,21.41,13.95,13.55,14.35,21.26,19.9,22.78,14.11,13.35,14.97,22.0,13.0,25.0,13.0
2026-01-06,20.94,20.29,21.46,13.93,13.54,14.31,21.27,19.92,22.73,14.11,13.35,15.01,,,,
2026-01-07,21.0,20.38,21.49,13.9,13.53,14.28,21.27,19.94,22.72,14.11,13.36,15.04,,,,
2026-01-08,21.05,20.46,21.54,13.88,13.52,14.27,21.26,19.95,22.7,14.11,13.36,15.06,,,,
2026-01-09,21.11,20.57,21.58,13.85,13.5,14.26,21.25,19.96,22.65,14.11,13.36,15.06,,,,
2026-01-10,21.16,20.67,21.6,13.83,13.47,14.23,21.23,19.96,22.59,14.11,13.36,15.05,,,,
2026-01-11,21.21,20.74,21.63,13.81,13.45,14.23,21.21,19.95,22.52,14.11,13.37,15.01,,,,
2026-01-12,21.26,20.81,21.65,13.79,13.43,14.23,21.19,19.97,22.5,14.12,13.38,14.99,21.0,15.0,23.0,13.0
2026-01-13,21.31,20.86,21.69,13.78,13.41,14.21,21.16,19.98,22.47,14.12,13.39,15.0,,,,
2026-01-14,21.36,20.97,21.71,13.77,13.42,14.18,21.13,19.96,22.46,14.14,13.39,15.05,,,,
2026-01-15,21.4,21.02,21.77,13.75,13.41,14.16,21.09,19.93,22.42,14.15,13.4,15.1,,,,
2026-01-16,21.45,21.07,21.84,13.75,13.41,14.14,21.06,19.92,22.35,14.17,13.41,15.15,,,,
2026-01-17,21.49,21.11,21.87,13.74,13.41,14.13,21.02,19.88,22.35,14.2,13.41,15.21,,,,
2026-01-18,21.53,21.13,21.88,13.74,13.4,14.12,20.99,19.87,22.3,14.23,13.4,15.26,,,,
2026-01-19,21.57,21.16,21.92,13.74,13.4,14.13,20.95,19.86,22.18,14.27,13.39,15.33,22.0,13.0,22.0,16.0
2026-01-20,21.6,21.21,21.97,13.73,13.4,14.14,20.91,19.86,22.06,14.32,13.4,15.39,,,,
2026-01-21,21.64,21.25,22.01,13.74,13.4,14.16,20.87,19.82,21.95,14.37,13.43,15.46,,,,
2026-01-22,21.67,21.3,22.06,13.74,13.4,14.16,20.83,19.81,21.83,14.42,13.45,15.58,,,,
2026-01-23,21.7,21.33,22.1,13.74,13.4,14.16,20.8,19.79,21.78,14.48,13.52,15.69,,,,
2026-01-24,21.73,21.35,22.15,13.75,13.39,14.19,20.76,19.78,21.72,14.55,13.57,15.78,,,,
2026-01-25,21.76,21.39,22.19,13.75,13.4,14.21,20.72,19.77,21.69,14.62,13.59,15.87,,,,
2026-01-26,21.78,21.41,22.19,13.75,13.4,14.22,20.69,19.77,21.65,14.69,13.62,15.96,21.0,14.0,21.0,13.0
2026-01-27,21.81,21.43,22.19,13.75,13.4,14.22,20.65,19.76,21.61,14.77,13.65,16.01,,,,
2026-01-28,21.83,21.45,22.2,13.75,13.39,14.21,20.61,19.74,21.57,14.85,13.69,16.04,,,,
2026-01-29,21.85,21.48,22.21,13.75,13.38,14.21,20.57,19.75,21.55,14.93,13.77,16.12,,,,
2026-01-30,21.87,21.5,22.24,13.75,13.35,14.21,20.53,19.75,21.45,15.02,13.83,16.19,,,,
2026-01-31,21.89,21.51,22.27,13.74,13.33,14.22,20.48,19.69,21.38,15.1,13.88,16.26,,,,
2026-02-01,21.91,21.52,22.29,13.74,13.29,14.21,20.43,19.66,21.28,15.19,13.95,16.4,,,,
2026-02-02,21.93,21.55,22.31,13.73,13.28,14.19,20.39,19.64,21.21,15.27,13.99,16.45,22.0,13.0,21.0,18.0
2026-02-03,21.95,21.56,22.33,13.72,13.27,14.17,20.33,19.61,21.11,15.35,14.11,16.57,,,,
2026-02-04,21.97,21.57,22.37,13.71,13.23,14.18,20.28,19.59,21.01,15.43,14.13,16.64,,,,
2026-02-05,21.99,21.57,22.4,13.7,13.2,14.18,20.23,19.57,20.93,15.5,14.16,16.72,,,,
2026-02-06,22.0,21.57,22.43,13.68,13.16,14.18,20.17,19.56,20.82,15.57,14.21,16.79,22.0,13.0,19.0,13.0
2026-02-07,22.02,21.56,22.47,13.67,13.13,14.18,20.11,19.51,20.75,15.63,14.27,16.85,,,,
2026-02-08,22.04,21.56,22.49,13.66,13.09,14.18,20.06,19.46,20.66,15.68,14.32,16.86,,,,
2026-02-09,22.05,21.55,22.6,13.64,13.06,14.18,20.01,19.42,20.57,15.73,14.37,16.89,23.0,14.0,20.0,14.0
2026-02-10,22.06,21.55,22.63,13.63,13.03,14.18,19.95,19.4,20.51,15.78,14.4,16.93,,,,
2026-02-11,22.08,21.53,22.65,13.62,12.99,14.18,19.91,19.36,20.47,15.81,14.43,16.99,,,,
2026-02-12,22.09,21.51,22.67,13.61,12.96,14.17,19.86,19.32,20.42,15.85,14.48,17.01,,,,
2026-02-13,22.1,21.5,22.69,13.6,12.89,14.17,19.82,19.3,20.39,15.88,14.53,17.04,,,,
2026-02-14,22.11,21.49,22.71,13.59,12.86,14.17,19.78,19.29,20.36,15.92,14.56,17.07,,,,
2026-02-15,22.12,21.48,22.72,13.58,12.83,14.18,19.74,19.25,20.33,15.95,14.59,17.12,,,,
2026-02-16,22.12,21.47,22.72,13.58,12.79,14.18,19.7,19.22,20.29,15.98,14.63,17.17,22.0,15.0,18.0,19.0
2026-02-17,22.12,21.46,22.74,13.58,12.78,14.19,19.67,19.19,20.25,16.01,14.66,17.21,,,,
2026-02-18,22.12,21.43,22.74,13.59,12.75,14.23,19.63,19.17,20.2,16.05,14.69,17.27,,,,
2026-02-19,22.12,21.41,22.76,13.59,12.73,14.28,19.6,19.15,20.14,16.08,14.74,17.31,,,,
2026-02-20,22.12,21.38,22.78,13.6,12.74,14.31,19.57,19.1,20.1,16.11,14.81,17.34,,,,
2026-02-21,22.11,21.36,22.8,13.61,12.77,14.35,19.54,19.06,20.03,16.15,14.86,17.36,,,,
2026-02-22,22.1,21.34,22.81,13.63,12.78,14.4,19.51,19.01,19.97,16.19,14.9,17.39,,,,
2026-02-23,22.09,21.29,22.8,13.64,12.81,14.45,19.48,18.96,19.94,16.23,14.97,17.44,23.0,14.0,20.0,17.0
2026-02-24,22.07,21.25,22.8,13.66,12.8,14.49,19.45,18.93,19.92,16.27,15.04,17.48,,,,
2026-02-25,22.06,21.22,22.82,13.68,12.77,14.52,19.42,18.9,19.88,16.32,15.09,17.49,,,,
2026-02-26,22.04,21.19,22.84,13.69,12.76,14.55,19.4,18.88,19.85,16.36,15.15,17.51,,,,
2026-02-27,22.02,21.15,22.86,13.71,12.74,14.58,19.37,18.86,19.82,16.41,15.24,17.5,,,,
2026-02-28,22.0,21.11,22.87,13.73,12.72,14.61,19.34,18.85,19.78,16.45,15.34,17.5,22.0,15.0,20.0,15.0
2026-03-01,21.98,21.06,22.87,13.75,12.69,14.63,19.32,18.86,19.74,16.5,15.4,17.55,,,,
2026-03-02,21.96,21.01,22.87,13.77,12.68,14.67,19.29,18.87,19.7,16.54,15.45,17.56,20.0,11.0,19.0,18.0
2026-03-03,21.93,20.96,22.87,13.79,12.72,14.72,19.27,18.84,19.69,16.58,15.51,17.56,,,,
2026-03-04,21.91,20.92,22.86,13.81,12.73,14.74,19.24,18.82,19.67,16.61,15.57,17.59,,,,
2026-03-05,21.88,20.88,22.87,13.83,12.76,14.76,19.23,18.8,19.64,16.64,15.64,17.6,24.0,13.0,19.0,16.0
2026-03-06,21.85,20.83,22.88,13.85,12.79,14.79,19.21,18.78,19.61,16.66,15.65,17.58,,,,
2026-03-07,21.82,20.8,22.88,13.87,12.82,14.82,19.19,18.77,19.59,16.68,15.7,17.56,,,,
2026-03-08,21.79,20.77,22.86,13.88,12.82,14.82,19.18,18.77,19.59,16.69,15.72,17.56,,,,
2026-03-09,21.75,20.71,22.87,13.9,12.81,14.85,19.17,18.74,19.59,16.69,15.74,17.54,,,,
2026-03-10,21.72,20.63,22.85,13.91,12.81,14.87,19.16,18.72,19.59,16.69,15.77,17.49,,,,
2026-03-11,21.69,20.58,22.81,13.92,12.8,14.88,19.15,18.73,19.58,16.68,15.73,17.43,,,,
2026-03-12,21.66,20.56,22.8,13.93,12.8,14.88,19.14,18.73,19.58,16.66,15.7,17.47,,,,
2026-03-13,21.62,20.53,22.78,13.94,12.8,14.89,19.14,18.73,19.58,16.63,15.65,17.42,,,,
2026-03-14,21.59,20.5,22.76,13.94,12.8,14.88,19.13,18.74,19.58,16.6,15.58,17.41,,,,
2026-03-15,21.56,20.45,22.73,13.94,12.8,14.87,19.13,18.74,19.59,16.56,15.47,17.39,,,,
2026-03-16,21.52,20.42,22.68,13.95,12.8,14.86,19.13,18.76,19.57,16.52,15.41,17.35,,,,
2026-03-17,21.49,20.4,22.6,13.95,12.81,14.86,19.13,18.76,19.56,16.47,15.26,17.34,,,,
2026-03-18,21.46,20.38,22.53,13.95,12.87,14.86,19.12,18.76,19.55,16.42,15.13,17.32,,,,
2026-03-19,21.43,20.36,22.46,13.95,12.86,14.85,19.12,18.76,19.55,16.36,15.01,17.3,,,,
2026-03-20,21.4,20.36,22.43,13.95,12.86,14.83,19.12,18.76,19.56,16.31,14.92,17.26,,,,
2026-03-21,21.36,20.34,22.37,13.96,12.85,14.81,19.11,18.76,19.56,16.26,14.87,17.22,,,,
2026-03-22,21.33,20.32,22.33,13.96,12.86,14.8,19.11,18.77,19.56,16.21,14.86,17.2,,,,
2026-03-23,21.3,20.3,22.28,13.97,12.86,14.8,19.1,18.77,19.55,16.16,14.8,17.19,19.0,16.0,19.0,18.0
2026-03-24,21.26,20.29,22.24,13.98,12.9,14.79,19.09,18.76,19.53,16.12,14.75,17.17,,,,
2026-03-25,21.23,20.25,22.19,13.99,12.94,14.77,19.08,18.74,19.53,16.08,14.71,17.14,,,,
2026-03-26,21.19,20.25,22.14,14.0,12.95,14.77,19.07,18.73,19.53,16.04,14.63,17.13,,,,
2026-03-27,21.16,20.26,22.05,14.01,12.97,14.76,19.06,18.72,19.53,16.01,14.5,17.12,,,,
2026-03-28,21.12,20.26,22.0,14.03,12.96,14.77,19.05,18.71,19.53,15.98,14.46,17.14,,,,
2026-03-29,21.09,20.26,21.94,14.04,12.95,14.79,19.04,18.69,19.53,15.94,14.4,17.13,,,,
2026-03-30,21.05,20.27,21.9,14.06,12.99,14.81,19.04,18.67,19.53,15.91,14.38,17.1,22.0,14.0,18.0,17.0
2026-03-31,21.01,20.27,21.83,14.06,12.98,14.81,19.04,18.66,19.53,15.88,14.35,17.07,,,,
2026-04-01,20.98,20.23,21.76,14.07,12.97,14.83,19.04,18.66,19.54,15.85,14.3,17.07,,,,
2026-04-02,20.95,20.17,21.7,14.07,12.99,14.86,19.05,18.66,19.57,15.82,14.29,17.04,,,,
2026-04-03,20.91,20.1,21.64,14.06,12.96,14.85,19.06,18.66,19.61,15.78,14.23,16.94,,,,
2026-04-04,20.88,20.05,21.58,14.04,12.96,14.82,19.08,18.68,19.67,15.75,14.13,16.87,,,,
2026-04-05,20.85,20.06,21.49,14.02,12.95,14.82,19.11,18.72,19.72,15.71,14.11,16.79,,,,
2026-04-06,20.83,20.02,21.41,14.0,12.93,14.8,19.14,18.76,19.81,15.67,14.07,16.74,,,,
2026-04-07,20.8,20.0,21.33,13.96,12.95,14.8,19.17,18.77,19.91,15.63,14.03,16.67,,,,
2026-04-08,20.78,20.0,21.32,13.92,12.97,14.76,19.2,18.8,19.99,15.59,14.04,16.6,,,,
2026-04-09,20.76,20.04,21.25,13.88,12.95,14.74,19.24,18.83,20.05,15.55,14.05,16.57,21.0,15.0,20.0,12.0
2026-04-10,20.75,20.08,21.24,13.83,12.88,14.69,19.27,18.84,20.12,15.51,14.06,16.52,,,,
2026-04-11,20.74,20.1,21.2,13.78,12.87,14.66,19.31,18.84,20.18,15.47,14.03,16.45,,,,
2026-04-12,20.73,20.1,21.19,13.73,12.82,14.61,19.35,18.86,20.23,15.43,14.01,16.39,,,,
2026-04-13,20.72,20.08,21.19,13.68,12.8,14.55,19.39,18.87,20.28,15.39,14.0,16.35,21.0,13.0,19.0,16.0
2026-04-14,20.72,20.07,21.19,13.63,12.75,14.48,19.42,18.88,20.32,15.34,14.0,16.32,,,,
2026-04-15,20.72,20.05,21.19,13.58,12.68,14.42,19.46,18.88,20.38,15.3,14.01,16.31,,,,
2026-04-16,20.71,20.06,21.19,13.53,12.59,14.38,19.5,18.89,20.46,15.26,13.99,16.28,,,,
2026-04-17,20.71,20.08,21.18,13.48,12.5,14.32,19.54,18.91,20.53,15.21,13.9,16.26,,,,
2026-04-18,20.71,20.1,21.16,13.43,12.47,14.25,19.57,18.94,20.58,15.17,13.84,16.24,,,,
2026-04-19,20.7,20.09,21.14,13.38,12.44,14.22,19.61,18.95,20.6,15.13,13.79,16.19,,,,
2026-04-20,20.7,20.09,21.15,13.33,12.4,14.18,19.64,18.97,20.65,15.09,13.78,16.11,21.0,13.0,19.0,16.0
2026-04-21,20.7,20.09,21.14,13.28,12.38,14.13,19.68,18.99,20.7,15.05,13.74,16.04,,,,
2026-04-22,20.69,20.09,21.14,13.23,12.3,14.11,19.72,18.99,20.74,15.01,13.69,16.0,,,,
2026-04-23,20.68,20.08,21.14,13.18,12.27,14.07,19.75,19.0,20.8,14.97,13.67,15.98,,,,
2026-04-24,20.68,20.07,21.14,13.13,12.21,14.03,19.78,19.0,20.87,14.94,13.66,15.95,,,,
2026-04-25,20.67,20.06,21.14,13.09,12.18,13.99,19.82,19.01,20.93,14.91,13.65,15.91,,,,
2026-04-26,20.66,20.04,21.13,13.04,12.11,13.96,19.85,19.02,20.97,14.88,13.66,15.88,,,,
2026-04-27,20.64,20.0,21.13,13.0,12.04,13.93,19.89,19.03,21.02,14.86,13.65,15.85,,,,
2026-04-28,20.63,19.97,21.11,12.96,11.97,13.9,19.92,19.04,21.05,14.84,13.67,15.84,,,,
2026-04-29,20.61,19.92,21.1,12.92,11.92,13.87,19.95,19.06,21.07,14.83,13.69,15.82,,,,
2026-04-30,20.59,19.88,21.09,12.88,11.87,13.84,19.98,19.08,21.11,14.82,13.69,15.79,,,,
2026-05-01,20.57,19.84,21.07,12.84,11.83,13.82,20.01,19.11,21.17,14.82,13.67,15.78,,,,
2026-05-02,20.55,19.82,21.05,12.8,11.81,13.79,20.04,19.12,21.19,14.81,13.69,15.76,,,,
2026-05-03,20.53,19.83,21.04,12.76,11.78,13.75,20.08,19.14,21.24,14.82,13.79,15.71,,,,
2026-05-04,20.51,19.82,21.03,12.72,11.75,13.72,20.11,19.15,21.27,14.82,13.83,15.69,,,,
2026-05-05,20.48,19.8,21.02,12.68,11.73,13.66,20.14,19.14,21.29,14.82,13.85,15.66,19.0,13.0,20.0,15.0
2026-05-06,20.46,19.79,21.01,12.64,11.7,13.62,20.17,19.14,21.32,14.83,13.89,15.65,,,,
2026-05-07,20.44,19.77,21.0,12.6,11.65,13.57,20.2,19.14,21.34,14.84,13.94,15.62,21.0,11.0,22.0,14.0