date,Con,Con (low),Con (high),Lab,Lab (low),Lab (high),Ukip,Ukip (low),Ukip (high),Grn,Grn (low),Grn (high),Con (poll),Lab (poll),Ukip (poll),Grn (poll)
2024-07-04,33.26,31.96,34.47,12.08,11.68,12.5,7.83,7.38,8.19,,,,35.0,13.0,7.0,
2024-07-05,33.2,31.91,34.41,12.1,11.69,12.51,7.83,7.37,8.17,,,,,,,
2024-07-06,33.14,31.86,34.36,12.11,11.71,12.51,7.82,7.37,8.16,,,,,,,
2024-07-07,33.08,31.8,34.3,12.12,11.73,12.53,7.81,7.36,8.15,,,,,,,
2024-07-08,33.02,31.75,34.22,12.13,11.74,12.55,7.8,7.36,8.14,,,,,,,
2024-07-09,32.96,31.7,34.15,12.14,11.76,12.56,7.8,7.36,8.12,,,,,,,
2024-07-10,32.91,31.64,34.1,12.15,11.77,12.56,7.79,7.36,8.11,,,,,,,
2024-07-11,32.85,31.59,34.05,12.16,11.79,12.57,7.78,7.36,8.1,,,,39.0,11.0,9.0,
2024-07-12,32.8,31.55,34.0,12.17,11.79,12.57,7.78,7.37,8.09,,,,,,,
2024-07-13,32.75,31.51,33.95,12.18,11.8,12.58,7.77,7.37,8.09,,,,,,,
2024-07-14,32.7,31.47,33.9,12.19,11.82,12.58,7.76,7.38,8.08,,,,,,,
2024-07-15,32.65,31.43,33.85,12.2,11.83,12.59,7.76,7.38,8.07,,,,,,,
2024-07-16,32.6,31.39,33.79,12.21,11.85,12.6,7.75,7.38,8.07,,,,,,,
2024-07-17,32.55,31.35,33.74,12.22,11.86,12.61,7.74,7.39,8.05,,,,,,,
2024-07-18,32.5,31.32,33.69,12.23,11.86,12.62,7.74,7.38,8.03,,,,,,,
2024-07-19,32.45,31.29,33.63,12.24,11.88,12.63,7.73,7.38,8.02,,,,,,,
2024-07-20,32.41,31.27,33.58,12.25,11.89,12.64,7.73,7.38,8.01,,,,,,,
2024-07-21,32.36,31.23,33.52,12.26,11.9,12.65,7.72,7.38,8.0,,,,,,,
2024-07-22,32.32,31.19,33.47,12.26,11.91,12.66,7.72,7.38,8.0,,,,,,,
2024-07-23,32.27,31.15,33.42,12.27,11.92,12.67,7.71,7.38,7.99,,,,,,,
2024-07-24,32.23,31.12,33.36,12.28,11.92,12.67,7.71,7.37,7.99,,,,,,,
2024-07-25,32.19,31.09,33.31,12.28,11.93,12.67,7.7,7.37,7.98,,,,36.0,11.0,7.0,
2024-07-26,32.15,31.06,33.26,12.29,11.94,12.68,7.7,7.37,7.97,,,,,,,
2024-07-27,32.1,31.03,33.2,12.3,11.95,12.69,7.69,7.37,7.96,,,,,,,
2024-07-28,32.06,31.0,33.15,12.3,11.95,12.69,7.69,7.37,7.95,,,,,,,
2024-07-29,32.02,30.96,33.1,12.31,11.96,12.7,7.68,7.37,7.95,,,,,,,
2024-07-30,31.99,30.93,33.05,12.31,11.96,12.7,7.68,7.37,7.95,,,,34.0,12.0,9.0,
2024-07-31,31.95,30.9,33.0,12.32,11.97,12.7,7.68,7.37,7.94,,,,,,,
2024-08-01,31.91,30.87,32.94,12.32,11.98,12.71,7.67,7.36,7.94,,,,,,,
2024-08-02,31.87,30.84,32.89,12.33,11.99,12.72,7.67,7.36,7.93,,,,,,,
2024-08-03,31.84,30.82,32.85,12.33,11.99,12.72,7.67,7.36,7.92,,,,,,,
2024-08-04,31.8,30.79,32.82,12.34,12.0,12.72,7.66,7.36,7.92,,,,,,,
2024-08-05,31.76,30.77,32.77,12.34,12.01,12.72,7.66,7.36,7.91,,,,33.0,12.0,8.0,
2024-08-06,31.73,30.74,32.72,12.35,12.01,12.72,7.66,7.36,7.91,,,,,,,
2024-08-07,31.7,30.71,32.69,12.35,12.02,12.72,7.65,7.36,7.9,,,,33.0,11.0,8.0,
2024-08-08,31.66,30.69,32.66,12.35,12.02,12.72,7.65,7.36,7.9,,,,,,,
2024-08-09,31.63,30.66,32.62,12.36,12.03,12.73,7.65,7.36,7.89,,,,,,,
2024-08-10,31.6,30.64,32.59,12.36,12.03,12.73,7.65,7.35,7.89,,,,,,,
2024-08-11,31.56,30.61,32.55,12.36,12.04,12.73,7.64,7.35,7.88,,,,,,,
2024-08-12,31.53,30.59,32.51,12.37,12.04,12.73,7.64,7.35,7.88,,,,,,,
2024-08-13,31.5,30.56,32.48,12.37,12.05,12.74,7.64,7.35,7.88,,,,,,,
2024-08-14,31.46,30.53,32.43,12.37,12.05,12.74,7.64,7.35,7.87,,,,,,,
2024-08-15,31.43,30.51,32.39,12.37,12.06,12.74,7.64,7.35,7.87,,,,,,,
2024-08-16,31.4,30.49,32.35,12.38,12.06,12.73,7.63,7.35,7.87,,,,,,,
2024-08-17,31.37,30.47,32.31,12.38,12.06,12.73,7.63,7.36,7.86,,,,,,,
2024-08-18,31.34,30.45,32.28,12.38,12.06,12.74,7.63,7.36,7.86,,,,,,,
2024-08-19,31.3,30.43,32.24,12.38,12.06,12.74,7.63,7.36,7.86,,,,,,,
2024-08-20,31.27,30.4,32.21,12.38,12.07,12.75,7.63,7.36,7.86,,,,,,,
2024-08-21,31.24,30.38,32.18,12.39,12.07,12.75,7.63,7.37,7.85,,,,,,,
2024-08-22,31.21,30.35,32.15,12.39,12.07,12.75,7.63,7.37,7.85,,,,,,,
2024-08-23,31.18,30.32,32.11,12.39,12.07,12.75,7.63,7.37,7.85,,,,,,,
2024-08-24,31.14,30.29,32.08,12.39,12.08,12.75,7.63,7.37,7.85,,,,,,,
2024-08-25,31.11,30.26,32.04,12.39,12.08,12.75,7.63,7.38,7.84,,,,,,,
2024-08-26,31.08,30.24,32.01,12.39,12.09,12.74,7.63,7.38,7.84,,,,,,,
2024-08-27,31.05,30.21,31.97,12.39,12.09,12.74,7.62,7.38,7.84,,,,,,,
2024-08-28,31.02,30.19,31.93,12.39,12.09,12.74,7.62,7.38,7.84,,,,,,,
2024-08-29,30.98,30.17,31.9,12.39,12.1,12.73,7.62,7.39,7.84,,,,30.0,12.0,8.0,
2024-08-30,30.95,30.14,31.86,12.4,12.1,12.73,7.62,7.39,7.83,,,,,,,
2024-08-31,30.92,30.12,31.82,12.4,12.11,12.73,7.62,7.39,7.83,,,,,,,
2024-09-01,30.89,30.09,31.78,12.4,12.11,12.73,7.62,7.39,7.83,,,,,,,
2024-09-02,30.86,30.06,31.74,12.4,12.11,12.72,7.62,7.39,7.83,,,,,,,
2024-09-03,30.82,30.03,31.69,12.4,12.11,12.72,7.62,7.39,7.83,,,,,,,
2024-09-04,30.79,30.0,31.65,12.4,12.11,12.72,7.62,7.4,7.82,,,,,,,
2024-09-05,30.76,29.98,31.6,12.4,12.11,12.72,7.62,7.4,7.82,,,,,,,
2024-09-06,30.72,29.95,31.56,12.4,12.11,12.73,7.62,7.4,7.82,,,,,,,
2024-09-07,30.69,29.93,31.51,12.4,12.11,12.73,7.62,7.4,7.82,,,,,,,
2024-09-08,30.66,29.9,31.48,12.4,12.12,12.73,7.62,7.4,7.82,,,,,,,
2024-09-09,30.63,29.88,31.46,12.4,12.12,12.72,7.62,7.41,7.82,,,,,,,
2024-09-10,30.59,29.85,31.42,12.4,12.12,12.72,7.62,7.41,7.82,,,,29.0,14.0,8.0,3.0
2024-09-11,30.56,29.8,31.38,12.4,12.11,12.72,7.62,7.41,7.81,,,,,,,
2024-09-12,30.53,29.78,31.34,12.4,12.11,12.72,7.62,7.41,7.81,,,,,,,
2024-09-13,30.49,29.76,31.31,12.4,12.11,12.72,7.62,7.41,7.81,,,,,,,
2024-09-14,30.46,29.73,31.28,12.4,12.11,12.72,7.62,7.41,7.81,,,,,,,
2024-09-15,30.43,29.7,31.24,12.4,12.11,12.72,7.62,7.41,7.81,,,,,,,
2024-09-16,30.39,29.66,31.2,12.4,12.11,12.72,7.62,7.4,7.81,,,,,,,
2024-09-17,30.36,29.62,31.16,12.4,12.12,12.72,7.62,7.41,7.8,,,,,,,
2024-09-18,30.33,29.58,31.12,12.4,12.12,12.72,7.62,7.41,7.8,,,,,,,
2024-09-19,30.29,29.54,31.08,12.39,12.12,12.72,7.63,7.41,7.8,,,,33.0,13.0,7.0,
2024-09-20,30.26,29.5,31.03,12.39,12.12,12.72,7.63,7.41,7.8,,,,,,,
2024-09-21,30.22,29.48,30.99,12.39,12.12,12.72,7.63,7.41,7.8,,,,,,,
2024-09-22,30.18,29.45,30.95,12.39,12.12,12.72,7.63,7.41,7.8,,,,,,,
2024-09-23,30.15,29.43,30.9,12.39,12.12,12.72,7.63,7.42,7.8,,,,,,,
2024-09-24,30.11,29.4,30.84,12.39,12.12,12.72,7.63,7.42,7.81,,,,30.0,13.0,8.0,
2024-09-25,30.07,29.38,30.79,12.39,12.12,12.71,7.63,7.42,7.81,,,,32.0,13.0,7.0,
2024-09-26,30.03,29.34,30.74,12.39,12.12,12.7,7.63,7.43,7.81,,,,,,,
2024-09-27,29.99,29.31,30.69,12.39,12.13,12.7,7.64,7.43,7.81,,,,,,,
2024-09-28,29.95,29.28,30.66,12.39,12.12,12.7,7.64,7.44,7.81,,,,,,,
2024-09-29,29.91,29.25,30.6,12.39,12.12,12.7,7.64,7.44,7.81,,,,,,,
2024-09-30,29.86,29.21,30.55,12.39,12.13,12.7,7.64,7.44,7.82,,,,,,,
2024-10-01,29.82,29.16,30.49,12.39,12.13,12.7,7.65,7.44,7.82,,,,31.0,13.0,7.0,
2024-10-02,29.77,29.12,30.43,12.39,12.13,12.7,7.65,7.45,7.82,,,,30.0,13.0,7.0,
2024-10-03,29.73,29.09,30.37,12.39,12.13,12.7,7.65,7.45,7.83,,,,31.0,11.0,8.0,
2024-10-04,29.68,29.05,30.32,12.38,12.12,12.7,7.66,7.46,7.83,,,,,,,
2024-10-05,29.63,29.0,30.27,12.38,12.12,12.7,7.66,7.46,7.84,,,,29.0,11.0,7.0,
2024-10-06,29.58,28.96,30.22,12.38,12.12,12.69,7.66,7.47,7.85,,,,,,,
2024-10-07,29.53,28.92,30.17,12.38,12.12,12.69,7.67,7.47,7.85,,,,29.0,14.0,8.0,
2024-10-08,29.48,28.87,30.12,12.38,12.12,12.68,7.67,7.48,7.86,,,,,,,
2024-10-09,29.43,28.81,30.04,12.38,12.12,12.67,7.68,7.49,7.87,,,,27.0,13.0,7.0,
2024-10-10,29.37,28.75,29.97,12.38,12.12,12.66,7.68,7.49,7.87,,,,29.0,12.0,7.0,
2024-10-11,29.32,28.69,29.92,12.38,12.12,12.65,7.68,7.49,7.88,,,,29.0,14.0,7.0,
2024-10-12,29.26,28.63,29.88,12.38,12.12,12.65,7.69,7.5,7.88,,,,,,,
2024-10-13,29.2,28.57,29.83,12.38,12.12,12.65,7.69,7.5,7.89,,,,,,,
2024-10-14,29.15,28.52,29.79,12.38,12.12,12.65,7.7,7.51,7.89,,,,,,,
2024-10-15,29.09,28.47,29.73,12.38,12.11,12.65,7.7,7.52,7.89,,,,,,,
2024-10-16,29.03,28.42,29.67,12.38,12.11,12.65,7.71,7.52,7.89,,,,31.0,12.0,8.0,
2024-10-17,28.97,28.37,29.61,12.38,12.11,12.65,7.72,7.53,7.9,,,,,,,
2024-10-18,28.91,28.32,29.55,12.38,12.12,12.65,7.72,7.53,7.9,,,,,,,
2024-10-19,28.85,28.27,29.49,12.38,12.12,12.65,7.73,7.54,7.9,,,,,,,
2024-10-20,28.79,28.21,29.43,12.39,12.12,12.65,7.73,7.54,7.91,,,,,,,
2024-10-21,28.73,28.15,29.36,12.39,12.12,12.65,7.74,7.55,7.92,,,,,,,
2024-10-22,28.67,28.1,29.3,12.39,12.12,12.65,7.74,7.55,7.92,,,,,,,
2024-10-23,28.62,28.04,29.24,12.39,12.12,12.65,7.75,7.56,7.93,,,,,,,
2024-10-24,28.56,27.99,29.17,12.39,12.12,12.66,7.75,7.56,7.94,,,,,,,
2024-10-25,28.5,27.93,29.12,12.39,12.12,12.66,7.76,7.57,7.94,,,,,,,
2024-10-26,28.44,27.87,29.07,12.39,12.12,12.66,7.77,7.57,7.95,,,,,,,
2024-10-27,28.38,27.81,28.99,12.39,12.12,12.66,7.77,7.57,7.95,,,,,,,
2024-10-28,28.32,27.74,28.92,12.4,12.13,12.67,7.78,7.58,7.96,,,,,,,
2024-10-29,28.27,27.67,28.86,12.4,12.13,12.66,7.78,7.58,7.97,,,,,,,
2024-10-30,28.21,27.62,28.81,12.4,12.13,12.67,7.79,7.59,7.98,,,,28.0,13.0,8.0,
2024-10-31,28.16,27.57,28.75,12.4,12.13,12.67,7.79,7.6,7.98,,,,,,,
2024-11-01,28.1,27.51,28.7,12.4,12.13,12.67,7.8,7.6,7.98,,,,,,,
2024-11-02,28.05,27.45,28.64,12.4,12.13,12.67,7.8,7.6,7.99,,,,,,,
2024-11-03,27.99,27.41,28.59,12.41,12.14,12.67,7.81,7.61,8.0,,,,,,,
2024-11-04,27.94,27.36,28.54,12.41,12.14,12.67,7.82,7.61,8.01,,,,,,,
2024-11-05,27.89,27.32,28.49,12.41,12.14,12.67,7.82,7.61,8.01,,,,,,,
2024-11-06,27.84,27.27,28.43,12.41,12.14,12.67,7.83,7.62,8.02,,,,29.0,13.0,7.0,
2024-11-07,27.79,27.22,28.38,12.42,12.14,12.67,7.83,7.63,8.03,,,,,,,
2024-11-08,27.74,27.17,28.33,12.42,12.14,12.67,7.84,7.63,8.04,,,,,,,
2024-11-09,27.69,27.13,28.28,12.42,12.15,12.67,7.84,7.63,8.04,,,,27.0,11.0,8.0,
2024-11-10,27.64,27.09,28.24,12.43,12.16,12.67,7.85,7.64,8.05,,,,,,,
2024-11-11,27.59,27.05,28.19,12.43,12.17,12.67,7.85,7.64,8.05,,,,30.0,12.0,8.0,
2024-11-12,27.54,27.02,28.15,12.43,12.18,12.66,7.86,7.65,8.06,,,,,,,
2024-11-13,27.5,26.98,28.09,12.44,12.19,12.66,7.87,7.65,8.07,,,,28.0,13.0,7.0,
2024-11-14,27.45,26.95,28.05,12.44,12.19,12.66,7.87,7.66,8.08,,,,,,,
2024-11-15,27.41,26.91,28.0,12.44,12.2,12.66,7.88,7.66,8.09,,,,,,,
2024-11-16,27.36,26.87,27.96,12.45,12.21,12.65,7.88,7.67,8.09,,,,,,,
2024-11-17,27.32,26.83,27.91,12.45,12.21,12.66,7.89,7.67,8.1,,,,,,,
2024-11-18,27.28,26.78,27.87,12.46,12.21,12.66,7.89,7.68,8.11,,,,,,,
2024-11-19,27.24,26.73,27.83,12.46,12.22,12.66,7.9,7.68,8.12,,,,,,,
2024-11-20,27.2,26.69,27.78,12.46,12.22,12.66,7.9,7.69,8.13,,,,,,,
2024-11-21,27.16,26.65,27.74,12.47,12.22,12.67,7.91,7.69,8.13,,,,,,,
2024-11-22,27.12,26.62,27.7,12.47,12.22,12.68,7.91,7.7,8.14,,,,,,,
2024-11-23,27.08,26.59,27.66,12.48,12.23,12.68,7.92,7.7,8.14,,,,,,,
2024-11-24,27.04,26.56,27.62,12.48,12.23,12.68,7.93,7.71,8.15,,,,,,,
2024-11-25,27.0,26.53,27.58,12.49,12.24,12.68,7.93,7.72,8.15,,,,,,,
2024-11-26,26.97,26.49,27.53,12.49,12.25,12.68,7.94,7.72,8.16,,,,,,,
2024-11-27,26.93,26.45,27.49,12.49,12.26,12.68,7.94,7.72,8.16,,,,,,,
2024-11-28,26.89,26.41,27.46,12.5,12.26,12.68,7.95,7.73,8.17,,,,,,,
2024-11-29,26.86,26.37,27.42,12.5,12.27,12.69,7.95,7.74,8.18,,,,25.0,12.0,9.0,
2024-11-30,26.82,26.34,27.39,12.51,12.27,12.69,7.96,7.74,8.19,,,,,,,
2024-12-01,26.79,26.3,27.35,12.51,12.27,12.7,7.96,7.75,8.19,,,,,,,
2024-12-02,26.76,26.26,27.31,12.52,12.28,12.7,7.97,7.76,8.2,,,,,,,
2024-12-03,26.72,26.23,27.27,12.52,12.29,12.71,7.98,7.77,8.21,,,,,,,
2024-12-04,26.69,26.19,27.23,12.53,12.29,12.72,7.98,7.77,8.21,,,,23.0,11.0,9.0,
2024-12-05,26.66,26.16,27.19,12.53,12.3,12.72,7.99,7.78,8.22,,,,,,,
2024-12-06,26.62,26.12,27.16,12.54,12.3,12.72,7.99,7.78,8.23,,,,,,,
2024-12-07,26.59,26.09,27.12,12.54,12.3,12.73,8.0,7.79,8.23,,,,,,,
2024-12-08,26.56,26.06,27.08,12.55,12.3,12.73,8.0,7.8,8.24,,,,,,,
2024-12-09,26.52,26.03,27.03,12.56,12.31,12.74,8.01,7.8,8.25,,,,,,,
2024-12-10,26.49,26.0,27.0,12.56,12.32,12.75,8.02,7.81,8.25,,,,,,,
2024-12-11,26.46,25.98,26.97,12.57,12.33,12.76,8.02,7.81,8.26,,,,,,,
2024-12-12,26.43,25.96,26.93,12.57,12.34,12.77,8.03,7.82,8.27,,,,,,,
2024-12-13,26.4,25.93,26.89,12.58,12.35,12.77,8.04,7.82,8.28,,,,,,,
2024-12-14,26.37,25.91,26.85,12.58,12.36,12.78,8.04,7.83,8.28,,,,,,,
2024-12-15,26.34,25.88,26.81,12.59,12.37,12.79,8.05,7.83,8.29,,,,,,,
2024-12-16,26.31,25.85,26.78,12.6,12.37,12.8,8.05,7.84,8.3,,,,30.0,11.0,7.0,
2024-12-17,26.28,25.82,26.74,12.6,12.38,12.81,8.06,7.85,8.3,,,,,,,
2024-12-18,26.25,25.79,26.7,12.61,12.38,12.82,8.07,7.86,8.31,,,,27.0,12.0,7.0,
2024-12-19,26.22,25.77,26.66,12.62,12.38,12.83,8.07,7.87,8.32,,,,,,,
2024-12-20,26.19,25.76,26.63,12.62,12.39,12.84,8.08,7.87,8.33,,,,,,,
2024-12-21,26.16,25.74,26.61,12.63,12.39,12.85,8.09,7.88,8.33,,,,,,,
2024-12-22,26.13,25.73,26.56,12.64,12.4,12.86,8.09,7.88,8.34,,,,,,,
2024-12-23,26.1,25.71,26.52,12.64,12.4,12.87,8.1,7.88,8.35,,,,,,,
2024-12-24,26.07,25.68,26.48,12.65,12.41,12.87,8.11,7.89,8.35,,,,,,,
2024-12-25,26.04,25.65,26.45,12.66,12.42,12.88,8.11,7.89,8.36,,,,,,,
2024-12-26,26.01,25.62,26.41,12.67,12.42,12.89,8.12,7.9,8.37,,,,,,,
2024-12-27,25.99,25.6,26.37,12.67,12.43,12.9,8.13,7.91,8.38,,,,,,,
2024-12-28,25.96,25.56,26.34,12.68,12.43,12.9,8.14,7.91,8.39,,,,,,,
2024-12-29,25.93,25.52,26.31,12.69,12.44,12.91,8.14,7.92,8.39,,,,,,,
2024-12-30,25.91,25.49,26.29,12.7,12.44,12.93,8.15,7.93,8.4,,,,,,,
2024-12-31,25.88,25.46,26.26,12.71,12.45,12.94,8.16,7.93,8.41,,,,,,,
2025-01-01,25.85,25.42,26.23,12.72,12.46,12.95,8.16,7.94,8.42,,,,,,,
2025-01-02,25.83,25.39,26.2,12.72,12.47,12.95,8.17,7.94,8.42,,,,,,,
2025-01-03,25.8,25.37,26.17,12.73,12.48,12.96,8.18,7.95,8.43,,,,30.0,12.0,9.0,
2025-01-04,25.78,25.36,26.14,12.74,12.49,12.97,8.19,7.96,8.44,,,,,,,
2025-01-05,25.75,25.34,26.11,12.75,12.5,12.98,8.19,7.97,8.44,,,,,,,
2025-01-06,25.73,25.33,26.07,12.76,12.51,12.99,8.2,7.97,8.45,,,,,,,
2025-01-07,25.7,25.31,26.04,12.77,12.52,13.0,8.21,7.98,8.45,,,,,,,
2025-01-08,25.68,25.29,26.0,12.78,12.53,13.01,8.22,7.99,8.46,,,,25.5,11.5,9.0,
2025-01-09,25.65,25.26,25.97,12.79,12.54,13.02,8.22,8.0,8.47,,,,,,,
2025-01-10,25.63,25.24,25.96,12.8,12.55,13.03,8.23,8.01,8.47,,,,27.5,11.5,9.0,
2025-01-11,25.61,25.22,25.93,12.81,12.56,13.04,8.24,8.01,8.48,,,,,,,
2025-01-12,25.58,25.2,25.9,12.82,12.57,13.05,8.25,8.02,8.49,,,,26.0,14.0,8.0,
2025-01-13,25.56,25.18,25.88,12.83,12.58,13.06,8.25,8.02,8.5,,,,25.0,13.0,8.0,
2025-01-14,25.54,25.15,25.85,12.84,12.59,13.07,8.26,8.03,8.5,,,,,,,
2025-01-15,25.52,25.14,25.83,12.85,12.6,13.08,8.27,8.03,8.51,,,,25.0,12.0,8.5,
2025-01-16,25.5,25.12,25.81,12.86,12.61,13.09,8.28,8.03,8.52,,,,,,,
2025-01-17,25.47,25.1,25.79,12.87,12.62,13.1,8.28,8.04,8.52,,,,26.5,11.5,7.5,
2025-01-18,25.45,25.08,25.76,12.88,12.64,13.11,8.29,8.05,8.53,,,,,,,
2025-01-19,25.43,25.06,25.74,12.89,12.65,13.12,8.3,8.05,8.53,,,,26.0,14.0,9.0,
2025-01-20,25.41,25.04,25.72,12.9,12.66,13.13,8.31,8.06,8.54,,,,,,,
2025-01-21,25.39,25.02,25.7,12.91,12.68,13.14,8.31,8.07,8.55,,,,,,,
2025-01-22,25.37,25.0,25.68,12.92,12.69,13.15,8.32,8.07,8.55,,,,24.0,12.7,8.0,
2025-01-23,25.35,24.98,25.66,12.93,12.7,13.16,8.33,8.08,8.56,,,,28.0,11.0,8.0,
2025-01-24,25.33,24.95,25.64,12.94,12.71,13.17,8.33,8.09,8.57,,,,25.0,13.0,7.0,
2025-01-25,25.31,24.93,25.62,12.95,12.72,13.18,8.34,8.1,8.57,,,,,,,
2025-01-26,25.29,24.91,25.6,12.96,12.73,13.19,8.35,8.1,8.58,,,,27.0,14.0,9.0,
2025-01-27,25.27,24.89,25.59,12.98,12.74,13.2,8.36,8.11,8.59,,,,25.0,13.0,7.0,
2025-01-28,25.25,24.88,25.57,12.99,12.76,13.22,8.36,8.12,8.59,,,,26.0,13.5,8.0,
2025-01-29,25.23,24.86,25.55,13.0,12.77,13.23,8.37,8.13,8.6,,,,24.5,11.5,8.5,
2025-01-30,25.22,24.85,25.53,13.01,12.78,13.24,8.38,8.14,8.61,,,,,,,
2025-01-31,25.2,24.84,25.52,13.02,12.79,13.25,8.38,8.14,8.61,,,,,,,
2025-02-01,25.18,24.82,25.5,13.03,12.8,13.26,8.39,8.15,8.62,,,,,,,
2025-02-02,25.16,24.8,25.48,13.04,12.82,13.27,8.4,8.16,8.62,,,,24.0,14.0,9.0,
2025-02-03,25.14,24.78,25.46,13.05,12.83,13.28,8.4,8.17,8.63,,,,24.0,13.0,6.0,
2025-02-04,25.12,24.76,25.44,13.07,12.84,13.29,8.41,8.18,8.64,,,,,,,
2025-02-05,25.11,24.75,25.41,13.08,12.85,13.3,8.42,8.18,8.64,,,,25.0,13.0,10.0,
2025-02-06,25.09,24.73,25.39,13.09,12.86,13.32,8.42,8.19,8.65,,,,26.5,13.0,7.0,
2025-02-07,25.07,24.71,25.37,13.1,12.87,13.33,8.43,8.19,8.66,,,,27.0,11.0,8.0,
2025-02-08,25.05,24.7,25.35,13.11,12.89,13.34,8.44,8.2,8.66,,,,,,,
2025-02-09,25.03,24.69,25.33,13.12,12.9,13.35,8.44,8.2,8.67,,,,,,,
2025-02-10,25.01,24.68,25.31,13.13,12.92,13.36,8.45,8.21,8.68,,,,25.0,14.0,9.0,
2025-02-11,24.99,24.66,25.29,13.15,12.93,13.37,8.46,8.22,8.69,,,,,,,
2025-02-12,24.98,24.65,25.27,13.16,12.94,13.38,8.46,8.23,8.69,,,,23.0,12.0,9.0,
2025-02-13,24.96,24.64,25.25,13.17,12.95,13.39,8.47,8.23,8.7,,,,26.0,12.0,8.0,
2025-02-14,24.94,24.62,25.24,13.18,12.96,13.41,8.48,8.24,8.71,,,,,,,
2025-02-15,24.92,24.6,25.22,13.19,12.98,13.42,8.48,8.24,8.71,,,,,,,
2025-02-16,24.9,24.58,25.2,13.2,12.99,13.43,8.49,8.25,8.72,,,,,,,
2025-02-17,24.89,24.57,25.18,13.22,13.0,13.44,8.49,8.26,8.72,,,,25.0,14.0,9.0,
2025-02-18,24.87,24.55,25.16,13.23,13.01,13.45,8.5,8.27,8.73,,,,,,,
2025-02-19,24.85,24.54,25.14,13.24,13.02,13.46,8.51,8.27,8.73,,,,,,,
2025-02-20,24.83,24.52,25.13,13.25,13.02,13.47,8.51,8.28,8.74,,,,,,,
2025-02-21,24.81,24.5,25.11,13.26,13.04,13.49,8.52,8.29,8.74,,,,28.0,12.0,8.0,
2025-02-22,24.79,24.48,25.09,13.27,13.05,13.5,8.53,8.3,8.75,,,,,,,
2025-02-23,24.78,24.46,25.07,13.29,13.06,13.51,8.53,8.3,8.76,,,,,,,
2025-02-24,24.76,24.44,25.05,13.3,13.07,13.53,8.54,8.31,8.77,,,,23.7,16.0,8.0,
2025-02-25,24.74,24.43,25.03,13.31,13.08,13.54,8.55,8.32,8.78,,,,,,,
2025-02-26,24.72,24.41,25.02,13.32,13.09,13.55,8.55,8.33,8.78,,,,24.5,12.5,9.0,
2025-02-27,24.71,24.39,25.0,13.33,13.1,13.57,8.56,8.33,8.79,,,,26.0,13.0,8.0,
2025-02-28,24.69,24.38,24.98,13.34,13.11,13.58,8.57,8.34,8.79,,,,,,,
2025-03-01,24.67,24.36,24.97,13.35,13.12,13.6,8.57,8.34,8.8,,,,,,,
2025-03-02,24.65,24.35,24.95,13.37,13.13,13.61,8.58,8.35,8.8,,,,26.0,13.0,7.0,
2025-03-03,24.64,24.34,24.93,13.38,13.14,13.63,8.59,8.35,8.81,,,,26.0,14.0,9.0,
2025-03-04,24.62,24.32,24.91,13.39,13.15,13.64,8.59,8.36,8.82,,,,,,,
2025-03-05,24.6,24.3,24.9,13.4,13.16,13.65,8.6,8.37,8.82,,,,25.0,12.0,10.0,
2025-03-06,24.59,24.29,24.88,13.41,13.17,13.66,8.61,8.38,8.83,,,,,,,
2025-03-07,24.57,24.27,24.86,13.42,13.18,13.67,8.61,8.38,8.83,,,,28.0,12.0,8.0,
2025-03-08,24.55,24.25,24.85,13.43,13.19,13.68,8.62,8.39,8.84,,,,,,,
2025-03-09,24.53,24.24,24.83,13.44,13.2,13.69,8.63,8.39,8.85,,,,,,,
2025-03-10,24.52,24.22,24.82,13.45,13.21,13.7,8.63,8.4,8.85,,,,25.0,14.0,8.0,
2025-03-11,24.5,24.21,24.81,13.47,13.22,13.72,8.64,8.41,8.86,,,,,,,
2025-03-12,24.48,24.19,24.79,13.48,13.23,13.73,8.65,8.42,8.87,,,,,,,
2025-03-13,24.47,24.18,24.76,13.49,13.24,13.74,8.65,8.43,8.87,,,,,,,
2025-03-14,24.45,24.16,24.74,13.5,13.25,13.75,8.66,8.44,8.88,,,,,,,
2025-03-15,24.43,24.14,24.73,13.51,13.26,13.76,8.67,8.45,8.88,,,,,,,
2025-03-16,24.42,24.13,24.72,13.52,13.27,13.77,8.67,8.46,8.88,,,,,,,
2025-03-17,24.4,24.11,24.7,13.53,13.28,13.78,8.68,8.46,8.89,,,,25.3,12.3,8.3,
2025-03-18,24.38,24.1,24.69,13.54,13.29,13.8,8.69,8.47,8.9,,,,,,,
2025-03-19,24.37,24.08,24.67,13.55,13.3,13.81,8.69,8.48,8.91,,,,22.0,14.0,11.0,
2025-03-20,24.35,24.07,24.66,13.56,13.31,13.82,8.7,8.49,8.91,,,,27.0,14.0,7.0,
2025-03-21,24.33,24.06,24.64,13.57,13.32,13.83,8.71,8.49,8.92,,,,26.0,13.0,8.0,
2025-03-22,24.32,24.04,24.62,13.59,13.33,13.85,8.72,8.5,8.93,,,,,,,
2025-03-23,24.3,24.03,24.6,13.6,13.34,13.86,8.72,8.5,8.94,,,,,,,
2025-03-24,24.28,24.01,24.58,13.61,13.35,13.87,8.73,8.51,8.94,,,,23.0,16.0,10.0,
2025-03-25,24.27,24.0,24.56,13.62,13.37,13.89,8.74,8.51,8.95,,,,,,,
2025-03-26,24.25,23.99,24.54,13.63,13.38,13.9,8.74,8.52,8.96,,,,23.0,12.0,11.0,
2025-03-27,24.23,23.97,24.53,13.64,13.38,13.91,8.75,8.53,8.96,,,,25.5,14.0,8.0,
2025-03-28,24.22,23.95,24.51,13.65,13.4,13.92,8.76,8.54,8.97,,,,26.0,12.0,8.0,
2025-03-29,24.2,23.93,24.49,13.66,13.41,13.93,8.77,8.55,8.98,,,,,,,
2025-03-30,24.18,23.92,24.47,13.67,13.42,13.94,8.77,8.56,8.99,,,,,,,
2025-03-31,24.17,23.9,24.45,13.68,13.44,13.95,8.78,8.57,9.0,,,,22.5,13.5,9.0,
2025-04-01,24.15,23.88,24.44,13.69,13.44,13.96,8.79,8.58,9.01,,,,,,,
2025-04-02,24.13,23.87,24.42,13.7,13.45,13.97,8.8,8.59,9.02,,,,22.0,13.0,11.0,
2025-04-03,24.12,23.85,24.4,13.71,13.46,13.98,8.8,8.6,9.03,,,,24.0,13.0,8.0,
2025-04-04,24.1,23.84,24.39,13.72,13.47,13.99,8.81,8.61,9.04,,,,,,,
2025-04-05,24.09,23.82,24.37,13.73,13.48,14.0,8.82,8.62,9.05,,,,,,,
2025-04-06,24.07,23.8,24.35,13.74,13.49,14.01,8.83,8.62,9.06,,,,,,,
2025-04-07,24.05,23.79,24.33,13.76,13.49,14.02,8.84,8.63,9.06,,,,24.0,17.0,8.0,
2025-04-08,24.04,23.77,24.31,13.77,13.5,14.03,8.84,8.64,9.07,,,,,,,
2025-04-09,24.02,23.76,24.29,13.78,13.51,14.04,8.85,8.65,9.08,,,,22.0,14.0,11.0,
2025-04-10,24.0,23.74,24.28,13.79,13.53,14.05,8.86,8.66,9.09,,,,,,,
2025-04-11,23.98,23.73,24.26,13.8,13.54,14.06,8.87,8.66,9.1,,,,25.5,13.5,7.0,
2025-04-12,23.97,23.71,24.24,13.81,13.55,14.07,8.88,8.67,9.11,,,,,,,
2025-04-13,23.95,23.7,24.22,13.82,13.56,14.08,8.88,8.67,9.12,,,,,,,
2025-04-14,23.93,23.69,24.2,13.83,13.57,14.09,8.89,8.68,9.13,,,,24.0,13.7,9.3,
2025-04-15,23.92,23.67,24.18,13.84,13.58,14.1,8.9,8.69,9.14,,,,,,,
2025-04-16,23.9,23.65,24.16,13.85,13.6,14.1,8.91,8.7,9.14,,,,22.0,14.0,11.0,
2025-04-17,23.88,23.63,24.14,13.86,13.61,14.11,8.92,8.71,9.15,,,,,,,
2025-04-18,23.87,23.62,24.13,13.86,13.62,14.12,8.92,8.72,9.16,,,,,,,
2025-04-19,23.85,23.6,24.11,13.87,13.63,14.12,8.93,8.73,9.17,,,,,,,
2025-04-20,23.83,23.59,24.09,13.88,13.64,14.13,8.94,8.73,9.18,,,,,,,
2025-04-21,23.82,23.57,24.07,13.89,13.65,14.14,8.95,8.74,9.19,,,,23.0,14.0,8.0,
2025-04-22,23.8,23.55,24.06,13.9,13.67,14.15,8.96,8.74,9.2,,,,23.0,16.0,10.0,
2025-04-23,23.78,23.54,24.04,13.91,13.68,14.16,8.96,8.75,9.21,,,,20.0,14.0,13.0,
2025-04-24,23.76,23.52,24.02,13.92,13.69,14.16,8.97,8.75,9.21,,,,25.0,14.0,8.0,
2025-04-25,23.75,23.5,24.0,13.93,13.7,14.17,8.98,8.76,9.22,,,,25.0,12.5,9.0,
2025-04-26,23.73,23.48,23.98,13.94,13.71,14.18,8.99,8.77,9.23,,,,,,,
2025-04-27,23.71,23.47,23.96,13.94,13.72,14.18,8.99,8.78,9.24,,,,24.0,15.0,8.0,
2025-04-28,23.69,23.45,23.94,13.95,13.73,14.19,9.0,8.79,9.25,,,,23.0,15.0,9.0,
2025-04-29,23.68,23.43,23.92,13.96,13.73,14.2,9.01,8.8,9.26,,,,,,,
2025-04-30,23.66,23.42,23.9,13.97,13.74,14.2,9.02,8.81,9.27,,,,21.0,13.0,11.0,
2025-05-01,23.64,23.41,23.88,13.97,13.75,14.21,9.02,8.82,9.27,,,,20.0,17.0,11.0,
2025-05-02,23.62,23.4,23.87,13.98,13.75,14.21,9.03,8.82,9.28,,,,26.0,12.5,8.0,
2025-05-03,23.61,23.38,23.86,13.99,13.76,14.22,9.04,8.83,9.29,,,,,,,
2025-05-04,23.59,23.37,23.84,13.99,13.77,14.22,9.04,8.83,9.29,,,,23.0,15.0,8.0,
2025-05-05,23.57,23.35,23.83,14.0,13.77,14.22,9.05,8.84,9.3,,,,,,,
2025-05-06,23.55,23.33,23.81,14.0,13.78,14.23,9.06,8.84,9.31,,,,22.0,16.0,10.0,
2025-05-07,23.54,23.32,23.8,14.01,13.78,14.23,9.06,8.85,9.31,,,,,,,
2025-05-08,23.52,23.3,23.78,14.01,13.79,14.23,9.07,8.85,9.31,,,,22.5,13.5,8.5,
2025-05-09,23.5,23.28,23.75,14.02,13.79,14.23,9.07,8.86,9.32,,,,24.0,14.0,9.0,
2025-05-10,23.48,23.26,23.73,14.02,13.79,14.24,9.08,8.87,9.32,,,,,,,
2025-05-11,23.47,23.25,23.71,14.03,13.8,14.24,9.08,8.87,9.33,,,,,,,
2025-05-12,23.45,23.23,23.69,14.03,13.8,14.25,9.09,8.88,9.33,,,,24.0,15.0,8.5,
2025-05-13,23.43,23.22,23.67,14.04,13.81,14.25,9.09,8.88,9.34,,,,,,,
2025-05-14,23.41,23.2,23.65,14.04,13.81,14.26,9.1,8.89,9.34,,,,,,,
2025-05-15,23.39,23.19,23.63,14.04,13.82,14.26,9.1,8.89,9.35,,,,22.0,15.0,9.0,
2025-05-16,23.38,23.16,23.61,14.05,13.82,14.26,9.11,8.89,9.35,,,,25.0,13.0,10.0,
2025-05-17,23.36,23.15,23.59,14.05,13.83,14.26,9.11,8.89,9.36,,,,,,,
2025-05-18,23.34,23.12,23.57,14.05,13.84,14.26,9.12,8.9,9.36,,,,,,,
2025-05-19,23.32,23.1,23.55,14.06,13.84,14.26,9.12,8.9,9.36,,,,22.0,15.5,9.0,
2025-05-20,23.3,23.08,23.53,14.06,13.84,14.26,9.12,8.91,9.37,,,,,,,
2025-05-21,23.28,23.06,23.51,14.06,13.85,14.26,9.13,8.91,9.37,,,,21.0,14.0,11.0,
2025-05-22,23.26,23.04,23.49,14.06,13.85,14.26,9.13,8.91,9.37,,,,22.0,16.0,9.0,
2025-05-23,23.24,23.02,23.47,14.06,13.85,14.27,9.13,8.92,9.37,,,,,,,
2025-05-24,23.22,23.01,23.45,14.07,13.85,14.27,9.13,8.92,9.37,,,,,,,
2025-05-25,23.2,22.99,23.43,14.07,13.85,14.27,9.14,8.92,9.37,,,,,,,
2025-05-26,23.18,22.97,23.4,14.07,13.86,14.28,9.14,8.92,9.38,,,,21.0,15.0,11.0,
2025-05-27,23.17,22.96,23.38,14.07,13.86,14.28,9.14,8.93,9.38,,,,23.0,14.0,9.0,
2025-05-28,23.15,22.94,23.36,14.07,13.86,14.28,9.14,8.93,9.38,,,,23.0,13.0,10.0,
2025-05-29,23.13,22.92,23.34,14.07,13.86,14.28,9.15,8.93,9.38,,,,22.0,16.0,9.0,
2025-05-30,23.11,22.9,23.31,14.07,13.86,14.28,9.15,8.94,9.38,,,,25.0,11.0,10.0,
2025-05-31,23.09,22.88,23.29,14.07,13.86,14.28,9.15,8.93,9.39,,,,,,,
2025-06-01,23.07,22.86,23.27,14.07,13.86,14.28,9.15,8.93,9.39,,,,,,,
2025-06-02,23.05,22.83,23.25,14.07,13.86,14.28,9.16,8.94,9.39,,,,23.0,14.7,8.3,
2025-06-03,23.02,22.8,23.24,14.07,13.86,14.28,9.16,8.94,9.39,,,,,,,
2025-06-04,23.0,22.77,23.22,14.07,13.86,14.28,9.16,8.94,9.39,,,,22.0,15.0,11.0,
2025-06-05,22.98,22.74,23.19,14.07,13.86,14.28,9.16,8.94,9.39,,,,23.0,15.0,8.0,
2025-06-06,22.96,22.72,23.17,14.07,13.85,14.28,9.17,8.94,9.4,,,,,,,
2025-06-07,22.94,22.71,23.15,14.07,13.85,14.28,9.17,8.94,9.41,,,,,,,
2025-06-08,22.92,22.69,23.13,14.07,13.85,14.28,9.17,8.94,9.41,,,,,,,
2025-06-09,22.9,22.67,23.11,14.07,13.85,14.28,9.17,8.94,9.42,,,,23.5,14.5,8.5,
2025-06-10,22.88,22.65,23.09,14.07,13.85,14.28,9.17,8.94,9.42,,,,,,,
2025-06-11,22.86,22.62,23.07,14.07,13.84,14.28,9.18,8.95,9.42,,,,24.0,13.0,11.0,
2025-06-12,22.84,22.6,23.04,14.06,13.84,14.27,9.18,8.95,9.42,,,,,,,
2025-06-13,22.82,22.58,23.03,14.06,13.84,14.27,9.18,8.95,9.42,,,,24.0,12.0,9.0,
2025-06-14,22.8,22.56,23.01,14.06,13.83,14.26,9.18,8.95,9.42,,,,,,,
2025-06-15,22.78,22.53,22.99,14.06,13.83,14.26,9.19,8.95,9.42,,,,,,,
2025-06-16,22.75,22.51,22.97,14.06,13.83,14.25,9.19,8.95,9.42,,,,24.0,15.0,10.0,
2025-06-17,22.73,22.49,22.95,14.06,13.83,14.25,9.19,8.95,9.43,,,,22.0,13.0,9.0,
2025-06-18,22.71,22.47,22.93,14.05,13.83,14.24,9.2,8.95,9.43,,,,23.0,15.0,11.0,
2025-06-19,22.69,22.45,22.91,14.05,13.83,14.24,9.2,8.95,9.43,,,,,,,
2025-06-20,22.67,22.43,22.9,14.05,13.82,14.24,9.2,8.95,9.43,,,,,,,
2025-06-21,22.65,22.4,22.88,14.05,13.81,14.24,9.2,8.95,9.44,,,,,,,
2025-06-22,22.63,22.38,22.87,14.04,13.81,14.24,9.21,8.96,9.44,,,,,,,
2025-06-23,22.61,22.36,22.85,14.04,13.8,14.23,9.21,8.96,9.45,,,,23.0,15.0,9.5,
2025-06-24,22.58,22.34,22.82,14.04,13.8,14.23,9.21,8.96,9.45,,,,27.0,12.0,7.0,
2025-06-25,22.56,22.32,22.8,14.03,13.8,14.23,9.22,8.96,9.45,,,,22.0,13.0,11.0,
2025-06-26,22.54,22.3,22.77,14.03,13.8,14.23,9.22,8.97,9.45,,,,23.0,16.0,8.0,
2025-06-27,22.52,22.28,22.76,14.03,13.8,14.23,9.23,8.97,9.45,,,,25.0,12.0,9.0,
2025-06-28,22.5,22.26,22.74,14.02,13.8,14.22,9.23,8.97,9.46,,,,,,,
2025-06-29,22.48,22.24,22.72,14.02,13.8,14.22,9.23,8.98,9.46,,,,,,,
2025-06-30,22.46,22.21,22.71,14.02,13.79,14.22,9.24,8.99,9.47,,,,24.0,16.0,10.0,
2025-07-01,22.43,22.19,22.69,14.01,13.79,14.21,9.24,8.99,9.47,,,,,,,
2025-07-02,22.41,22.17,22.67,14.01,13.79,14.2,9.25,9.0,9.48,,,,22.0,15.0,11.0,
2025-07-03,22.39,22.15,22.64,14.01,13.79,14.2,9.25,9.0,9.49,,,,,,,
2025-07-04,22.37,22.13,22.62,14.0,13.78,14.19,9.26,9.01,9.5,,,,,,,
2025-07-05,22.35,22.11,22.6,14.0,13.78,14.18,9.27,9.02,9.5,,,,,,,
2025-07-06,22.32,22.09,22.57,13.99,13.78,14.18,9.27,9.02,9.51,,,,23.0,16.0,6.0,
2025-07-07,22.3,22.06,22.55,13.99,13.77,14.18,9.28,9.03,9.52,,,,24.0,14.5,9.0,
2025-07-08,22.28,22.04,22.53,13.98,13.77,14.18,9.28,9.04,9.53,,,,,,,
2025-07-09,22.26,22.01,22.51,13.98,13.76,14.17,9.29,9.04,9.54,,,,22.0,13.0,9.0,
2025-07-10,22.24,21.98,22.49,13.97,13.76,14.17,9.3,9.05,9.55,,,,,,,
2025-07-11,22.21,21.95,22.47,13.97,13.75,14.16,9.31,9.05,9.56,,,,24.0,13.0,9.0,
2025-07-12,22.19,21.92,22.45,13.96,13.75,14.16,9.31,9.06,9.57,,,,,,,
2025-07-13,22.17,21.89,22.42,13.96,13.75,14.15,9.32,9.07,9.58,,,,,,,
2025-07-14,22.15,21.87,22.4,13.95,13.74,14.14,9.33,9.08,9.6,,,,22.0,16.0,12.0,
2025-07-15,22.12,21.84,22.38,13.95,13.73,14.14,9.34,9.09,9.61,,,,,,,
2025-07-16,22.1,21.81,22.37,13.94,13.73,14.13,9.35,9.09,9.62,,,,20.0,13.0,12.0,
2025-07-17,22.08,21.79,22.35,13.94,13.72,14.12,9.36,9.11,9.64,,,,,,,
2025-07-18,22.05,21.77,22.34,13.93,13.71,14.12,9.37,9.12,9.65,,,,23.0,14.0,9.0,
2025-07-19,22.03,21.75,22.32,13.93,13.7,14.11,9.38,9.13,9.67,,,,,,,
2025-07-20,22.01,21.73,22.3,13.92,13.7,14.11,9.39,9.14,9.68,,,,22.0,15.0,8.0,
2025-07-21,21.98,21.71,22.28,13.92,13.69,14.1,9.4,9.16,9.7,,,,23.0,15.0,11.0,
2025-07-22,21.96,21.67,22.25,13.91,13.69,14.1,9.42,9.17,9.71,,,,,,,
2025-07-23,21.94,21.64,22.23,13.91,13.68,14.09,9.43,9.18,9.73,,,,20.0,14.0,10.0,
2025-07-24,21.91,21.61,22.21,13.9,13.68,14.08,9.44,9.19,9.74,,,,,,,
2025-07-25,21.89,21.57,22.18,13.89,13.68,14.08,9.45,9.2,9.75,,,,25.0,13.0,8.0,
2025-07-26,21.86,21.55,22.16,13.89,13.67,14.08,9.47,9.22,9.76,,,,,,,
2025-07-27,21.84,21.53,22.13,13.88,13.66,14.08,9.48,9.23,9.78,,,,,,,
2025-07-28,21.82,21.5,22.11,13.88,13.66,14.07,9.5,9.25,9.8,,,,22.0,14.0,11.0,
2025-07-29,21.79,21.48,22.08,13.87,13.65,14.07,9.51,9.26,9.82,,,,,,,
2025-07-30,21.77,21.46,22.06,13.86,13.64,14.06,9.53,9.27,9.84,,,,20.0,13.0,10.0,
2025-07-31,21.74,21.43,22.03,13.86,13.64,14.06,9.54,9.29,9.86,,,,23.0,13.0,8.0,
2025-08-01,21.72,21.41,22.01,13.85,13.63,14.05,9.56,9.31,9.89,,,,,,,
2025-08-02,21.69,21.39,21.98,13.85,13.62,14.04,9.57,9.32,9.91,,,,,,,
2025-08-03,21.67,21.37,21.95,13.84,13.61,14.03,9.59,9.34,9.93,,,,22.0,14.0,6.5,
2025-08-04,21.64,21.34,21.93,13.83,13.6,14.03,9.61,9.35,9.95,,,,21.0,15.0,11.0,
2025-08-05,21.62,21.31,21.91,13.83,13.59,14.02,9.62,9.37,9.96,,,,,,,
2025-08-06,21.59,21.28,21.89,13.82,13.58,14.01,9.64,9.39,9.99,,,,20.0,12.0,9.0,
2025-08-07,21.57,21.25,21.87,13.82,13.57,14.0,9.66,9.4,10.01,,,,,,,
2025-08-08,21.54,21.22,21.84,13.81,13.56,14.0,9.68,9.42,10.03,,,,22.0,13.0,9.0,
2025-08-09,21.52,21.19,21.82,13.8,13.56,13.99,9.7,9.44,10.05,,,,,,,
2025-08-10,21.49,21.16,21.79,13.8,13.55,13.99,9.72,9.46,10.07,,,,,,,
2025-08-11,21.47,21.13,21.76,13.79,13.54,13.98,9.74,9.47,10.1,,,,21.5,14.5,8.0,
2025-08-12,21.44,21.1,21.73,13.78,13.54,13.98,9.76,9.49,10.12,,,,,,,
2025-08-13,21.42,21.08,21.71,13.78,13.53,13.97,9.78,9.51,10.15,,,,,,,
2025-08-14,21.39,21.05,21.69,13.77,13.53,13.97,9.8,9.52,10.17,,,,19.0,12.0,10.0,
2025-08-15,21.36,21.03,21.67,13.76,13.52,13.96,9.82,9.54,10.19,,,,,,,
2025-08-16,21.34,21.01,21.64,13.76,13.51,13.96,9.84,9.55,10.21,,,,,,,
2025-08-17,21.31,20.99,21.61,13.75,13.5,13.95,9.86,9.56,10.23,,,,,,,
2025-08-18,21.29,20.96,21.58,13.74,13.5,13.94,9.88,9.58,10.25,,,,21.0,14.0,9.0,
2025-08-19,21.26,20.93,21.55,13.74,13.49,13.93,9.91,9.61,10.28,,,,24.0,14.0,8.0,
2025-08-20,21.23,20.9,21.52,13.73,13.48,13.92,9.93,9.63,10.3,,,,18.0,12.0,10.0,
2025-08-21,21.21,20.88,21.5,13.73,13.48,13.91,9.95,9.65,10.33,,,,,,,
2025-08-22,21.18,20.85,21.48,13.72,13.47,13.91,9.98,9.67,10.35,,,,23.0,14.0,9.0,
2025-08-23,21.15,20.83,21.45,13.71,13.46,13.9,10.0,9.68,10.38,,,,,,,
2025-08-24,21.13,20.8,21.43,13.71,13.46,13.9,10.02,9.7,10.4,,,,,,,
2025-08-25,21.1,20.77,21.41,13.7,13.46,13.89,10.05,9.71,10.42,,,,,,,
2025-08-26,21.08,20.75,21.39,13.69,13.46,13.88,10.07,9.73,10.44,,,,21.0,15.0,9.0,
2025-08-27,21.05,20.72,21.36,13.69,13.45,13.88,10.1,9.75,10.47,,,,18.0,13.0,10.0,
2025-08-28,21.02,20.69,21.34,13.68,13.45,13.87,10.12,9.77,10.5,,,,20.0,13.0,7.0,
2025-08-29,21.0,20.67,21.32,13.67,13.44,13.86,10.15,9.79,10.53,,,,,,,
2025-08-30,20.97,20.65,21.29,13.67,13.44,13.86,10.18,9.81,10.55,,,,,,,
2025-08-31,20.94,20.62,21.26,13.66,13.43,13.85,10.2,9.84,10.58,,,,21.0,13.5,6.5,
2025-09-01,20.91,20.59,21.23,13.65,13.42,13.85,10.23,9.87,10.61,,,,20.5,14.0,9.0,
2025-09-02,20.89,20.57,21.2,13.65,13.41,13.85,10.25,9.9,10.64,,,,24.0,11.0,8.0,
2025-09-03,20.86,20.54,21.17,13.64,13.4,13.85,10.28,9.92,10.66,,,,19.0,13.0,11.0,
2025-09-04,20.83,20.52,21.14,13.63,13.4,13.85,10.31,9.93,10.69,,,,21.0,14.0,10.0,
2025-09-05,20.81,20.49,21.11,13.63,13.39,13.84,10.33,9.95,10.72,,,,23.0,12.0,10.0,
2025-09-06,20.78,20.47,21.08,13.62,13.39,13.83,10.36,9.97,10.75,,,,,,,
2025-09-07,20.75,20.44,21.06,13.61,13.38,13.82,10.39,9.98,10.79,,,,,,,
2025-09-08,20.73,20.41,21.03,13.61,13.38,13.81,10.42,10.0,10.82,,,,21.5,14.0,10.0,
2025-09-09,20.7,20.38,21.01,13.6,13.37,13.8,10.44,10.02,10.86,,,,,,,
2025-09-10,20.67,20.35,20.98,13.59,13.37,13.8,10.47,10.04,10.89,,,,19.0,12.0,12.0,
2025-09-11,20.65,20.32,20.95,13.59,13.36,13.79,10.5,10.07,10.93,,,,,,,
2025-09-12,20.62,20.29,20.93,13.58,13.35,13.78,10.53,10.1,10.97,,,,,,,
2025-09-13,20.59,20.25,20.9,13.57,13.34,13.77,10.56,10.13,11.0,,,,,,,
2025-09-14,20.57,20.22,20.87,13.57,13.34,13.76,10.59,10.15,11.04,,,,,,,
2025-09-15,20.54,20.19,20.84,13.56,13.33,13.75,10.62,10.19,11.08,,,,21.0,14.5,9.0,
2025-09-16,20.51,20.16,20.81,13.55,13.33,13.75,10.64,10.21,11.11,,,,,,,
2025-09-17,20.49,20.13,20.79,13.55,13.32,13.74,10.67,10.23,11.15,,,,22.0,12.0,12.0,
2025-09-18,20.46,20.11,20.76,13.54,13.32,13.74,10.7,10.26,11.19,,,,16.0,13.0,12.0,
2025-09-19,20.43,20.08,20.74,13.53,13.31,13.73,10.73,10.28,11.21,,,,,,,
2025-09-20,20.41,20.05,20.71,13.53,13.3,13.72,10.76,10.3,11.24,,,,,,,
2025-09-21,20.38,20.02,20.69,13.52,13.3,13.72,10.79,10.33,11.27,,,,,,,
2025-09-22,20.35,19.99,20.66,13.52,13.29,13.71,10.82,10.35,11.31,,,,21.0,14.0,12.0,
2025-09-23,20.33,19.97,20.63,13.51,13.29,13.71,10.85,10.38,11.35,,,,,,,
2025-09-24,20.3,19.94,20.6,13.5,13.28,13.71,10.88,10.41,11.39,,,,19.0,15.5,11.5,
2025-09-25,20.28,19.92,20.58,13.5,13.28,13.7,10.91,10.43,11.42,,,,22.0,11.0,8.0,
2025-09-26,20.25,19.9,20.55,13.49,13.27,13.7,10.94,10.46,11.45,,,,22.0,14.0,7.0,
2025-09-27,20.22,19.87,20.53,13.48,13.27,13.69,10.98,10.5,11.48,,,,,,,
2025-09-28,20.2,19.84,20.51,13.48,13.26,13.68,11.01,10.53,11.51,,,,,,,
2025-09-29,20.17,19.81,20.49,13.47,13.25,13.68,11.04,10.56,11.54,,,,21.3,14.7,10.0,
2025-09-30,20.15,19.78,20.46,13.46,13.25,13.67,11.07,10.6,11.57,,,,,,,
2025-10-01,20.12,19.75,20.44,13.46,13.24,13.67,11.1,10.63,11.6,,,,20.0,13.0,10.5,
2025-10-02,20.09,19.72,20.42,13.45,13.23,13.67,11.14,10.66,11.63,,,,,,,
2025-10-03,20.07,19.7,20.39,13.45,13.22,13.66,11.17,10.69,11.66,,,,21.0,12.5,9.5,
2025-10-04,20.04,19.67,20.36,13.44,13.22,13.66,11.2,10.72,11.7,,,,,,,
2025-10-05,20.02,19.64,20.33,13.43,13.21,13.65,11.23,10.75,11.72,,,,20.0,14.0,8.0,
2025-10-06,19.99,19.62,20.31,13.43,13.2,13.64,11.27,10.78,11.75,,,,20.0,15.5,10.0,
2025-10-07,19.97,19.59,20.28,13.42,13.19,13.64,11.3,10.82,11.78,,,,,,,
2025-10-08,19.94,19.56,20.26,13.41,13.18,13.63,11.34,10.85,11.82,,,,17.0,12.0,15.0,
2025-10-09,19.92,19.54,20.24,13.41,13.18,13.63,11.37,10.89,11.85,,,,,,,
2025-10-10,19.89,19.51,20.22,13.4,13.17,13.62,11.41,10.93,11.9,,,,22.0,11.0,10.0,
2025-10-11,19.87,19.49,20.2,13.39,13.16,13.61,11.44,10.97,11.94,,,,,,,
2025-10-12,19.84,19.47,20.17,13.39,13.15,13.61,11.48,11.0,11.97,,,,,,,
2025-10-13,19.82,19.45,20.14,13.38,13.14,13.6,11.51,11.03,12.01,,,,,,,
2025-10-14,19.8,19.43,20.12,13.38,13.13,13.6,11.55,11.06,12.04,,,,20.0,16.0,13.0,
2025-10-15,19.77,19.41,20.09,13.37,13.12,13.59,11.58,11.09,12.07,,,,15.0,12.0,15.0,
2025-10-16,19.75,19.39,20.07,13.36,13.12,13.58,11.62,11.13,12.11,,,,,,,
2025-10-17,19.73,19.37,20.04,13.36,13.11,13.58,11.66,11.16,12.15,,,,21.0,13.0,9.0,
2025-10-18,19.7,19.35,20.02,13.35,13.1,13.57,11.69,11.2,12.18,,,,,,,
2025-10-19,19.68,19.33,20.0,13.35,13.09,13.56,11.73,11.24,12.22,,,,,,,
2025-10-20,19.66,19.31,19.98,13.34,13.08,13.56,11.77,11.28,12.26,,,,21.0,14.0,12.5,
2025-10-21,19.64,19.29,19.96,13.33,13.07,13.55,11.8,11.32,12.29,,,,,,,
2025-10-22,19.62,19.27,19.94,13.33,13.07,13.54,11.84,11.37,12.33,,,,16.0,12.0,15.0,
2025-10-23,19.59,19.25,19.91,13.32,13.06,13.54,11.88,11.41,12.37,,,,19.0,16.0,12.0,
2025-10-24,19.57,19.23,19.89,13.31,13.05,13.53,11.92,11.46,12.41,,,,20.0,12.0,12.0,
2025-10-25,19.55,19.21,19.86,13.31,13.05,13.52,11.95,11.5,12.46,,,,,,,
2025-10-26,19.53,19.19,19.84,13.3,13.04,13.52,11.99,11.55,12.49,,,,,,,
2025-10-27,19.51,19.17,19.82,13.3,13.04,13.51,12.03,11.6,12.52,,,,19.0,13.5,13.5,
2025-10-28,19.49,19.15,19.8,13.29,13.03,13.5,12.07,11.65,12.56,,,,,,,
2025-10-29,19.47,19.13,19.79,13.28,13.03,13.49,12.11,11.69,12.59,,,,16.0,12.0,17.0,
2025-10-30,19.45,19.11,19.77,13.28,13.02,13.49,12.15,11.73,12.64,,,,,,,
2025-10-31,19.43,19.1,19.76,13.27,13.02,13.48,12.18,11.77,12.68,,,,,,,
2025-11-01,19.42,19.08,19.73,13.26,13.01,13.47,12.22,11.81,12.71,,,,,,,
2025-11-02,19.4,19.06,19.71,13.26,13.0,13.47,12.26,11.85,12.75,,,,,,,
2025-11-03,19.38,19.05,19.69,13.25,13.0,13.46,12.3,11.89,12.78,,,,19.0,14.0,14.0,
2025-11-04,19.36,19.03,19.67,13.24,13.0,13.46,12.34,11.93,12.82,,,,,,,
2025-11-05,19.34,19.01,19.66,13.24,12.99,13.45,12.37,11.97,12.85,,,,18.0,12.0,15.0,
2025-11-06,19.33,18.99,19.64,13.23,12.99,13.45,12.41,12.0,12.89,,,,15.0,11.0,18.0,
2025-11-07,19.31,18.97,19.63,13.23,12.98,13.44,12.45,12.04,12.92,,,,20.0,12.0,11.0,
2025-11-08,19.29,18.96,19.61,13.22,12.98,13.43,12.49,12.07,12.96,,,,,,,
2025-11-09,19.28,18.94,19.59,13.21,12.97,13.43,12.53,12.11,12.99,,,,,,,
2025-11-10,19.26,18.92,19.58,13.21,12.96,13.42,12.57,12.15,13.03,,,,19.0,14.0,15.0,
2025-11-11,19.24,18.9,19.56,13.2,12.96,13.42,12.6,12.19,13.07,,,,,,,
2025-11-12,19.23,18.89,19.55,13.19,12.95,13.41,12.64,12.22,13.11,,,,,,,
2025-11-13,19.21,18.87,19.53,13.18,12.95,13.4,12.68,12.26,13.15,,,,,,,
2025-11-14,19.2,18.86,19.51,13.18,12.94,13.4,12.72,12.3,13.18,,,,,,,
2025-11-15,19.18,18.84,19.5,13.17,12.93,13.39,12.75,12.34,13.22,,,,,,,
2025-11-16,19.17,18.83,19.49,13.16,12.93,13.39,12.79,12.38,13.26,,,,,,,
2025-11-17,19.15,18.81,19.48,13.16,12.92,13.38,12.83,12.41,13.3,,,,19.5,13.5,14.0,
2025-11-18,19.14,18.8,19.47,13.15,12.92,13.37,12.86,12.45,13.34,,,,,,,
2025-11-19,19.13,18.78,19.45,13.14,12.91,13.36,12.9,12.48,13.36,,,,,,,
2025-11-20,19.11,18.76,19.44,13.13,12.91,13.35,12.94,12.52,13.4,,,,,,,
2025-11-21,19.1,18.75,19.43,13.13,12.9,13.34,12.97,12.56,13.45,,,,19.0,13.0,12.0,
2025-11-22,19.09,18.73,19.41,13.12,12.89,13.33,13.01,12.6,13.48,,,,,,,
2025-11-23,19.07,18.71,19.39,13.11,12.87,13.32,13.05,12.64,13.52,,,,,,,
2025-11-24,19.06,18.7,19.38,13.1,12.87,13.32,13.08,12.68,13.56,,,,19.7,14.7,14.0,
2025-11-25,19.05,18.7,19.36,13.1,12.86,13.31,13.12,12.72,13.6,,,,,,,
2025-11-26,19.04,18.7,19.35,13.09,12.86,13.31,13.15,12.75,13.64,,,,15.0,12.0,17.0,
2025-11-27,19.02,18.69,19.33,13.08,12.85,13.31,13.19,12.79,13.67,,,,,,,
2025-11-28,19.01,18.67,19.32,13.07,12.84,13.3,13.22,12.83,13.71,,,,21.0,11.0,13.0,
2025-11-29,19.0,18.67,19.31,13.06,12.83,13.29,13.26,12.86,13.74,,,,,,,
2025-11-30,18.99,18.66,19.3,13.06,12.82,13.28,13.29,12.9,13.78,,,,,,,
2025-12-01,18.98,18.65,19.29,13.05,12.81,13.27,13.33,12.93,13.82,,,,20.2,12.8,12.5,
2025-12-02,18.97,18.64,19.28,13.04,12.8,13.27,13.36,12.97,13.85,,,,,,,
2025-12-03,18.96,18.63,19.27,13.03,12.79,13.26,13.39,13.0,13.89,,,,14.0,11.0,18.0,
2025-12-04,18.95,18.62,19.26,13.02,12.78,13.25,13.43,13.03,13.92,,,,,,,
2025-12-05,18.94,18.61,19.26,13.02,12.77,13.24,13.46,13.06,13.95,,,,,,,
2025-12-06,18.93,18.6,19.25,13.01,12.76,13.23,13.49,13.1,13.99,,,,,,,
2025-12-07,18.92,18.59,19.24,13.0,12.75,13.22,13.53,13.13,14.03,,,,,,,
2025-12-08,18.91,18.58,19.23,12.99,12.75,13.22,13.56,13.17,14.06,,,,19.5,14.0,12.5,
2025-12-09,18.9,18.57,19.22,12.98,12.74,13.21,13.59,13.2,14.1,,,,,,,
2025-12-10,18.89,18.55,19.21,12.97,12.73,13.2,13.62,13.24,14.13,,,,14.0,12.0,18.0,
2025-12-11,18.88,18.54,19.2,12.96,12.73,13.2,13.66,13.27,14.17,,,,,,,
2025-12-12,18.87,18.52,19.19,12.96,12.72,13.19,13.69,13.31,14.2,,,,20.0,13.0,12.0,
2025-12-13,18.86,18.51,19.18,12.95,12.72,13.19,13.72,13.34,14.23,,,,,,,
2025-12-14,18.85,18.5,19.18,12.94,12.71,13.18,13.75,13.38,14.26,,,,,,,
2025-12-15,18.84,18.49,19.17,12.93,12.7,13.18,13.78,13.4,14.3,,,,18.0,14.0,17.0,
2025-12-16,18.84,18.49,19.16,12.92,12.69,13.17,13.81,13.42,14.33,,,,,,,
2025-12-17,18.83,18.47,19.15,12.91,12.68,13.17,13.84,13.45,14.36,,,,14.0,11.0,17.0,
2025-12-18,18.82,18.47,19.14,12.9,12.67,13.15,13.87,13.48,14.39,,,,,,,
2025-12-19,18.81,18.46,19.14,12.89,12.66,13.14,13.9,13.51,14.42,,,,,,,
2025-12-20,18.8,18.45,19.13,12.89,12.66,13.13,13.93,13.53,14.44,,,,,,,
2025-12-21,18.8,18.44,19.13,12.88,12.65,13.12,13.96,13.56,14.48,,,,,,,
2025-12-22,18.79,18.44,19.12,12.87,12.65,13.12,13.99,13.59,14.51,,,,20.0,15.0,15.0,
2025-12-23,18.78,18.43,19.11,12.86,12.64,13.11,14.02,13.63,14.54,,,,21.0,13.0,9.0,
2025-12-24,18.78,18.43,19.11,12.85,12.63,13.1,14.05,13.66,14.57,,,,14.0,12.0,17.0,
2025-12-25,18.77,18.42,19.1,12.84,12.62,13.09,14.07,13.69,14.6,,,,,,,
2025-12-26,18.76,18.41,19.09,12.83,12.62,13.08,14.1,13.72,14.63,,,,,,,
2025-12-27,18.76,18.4,19.09,12.82,12.6,13.07,14.13,13.74,14.66,,,,,,,
2025-12-28,18.75,18.39,19.09,12.81,12.59,13.06,14.15,13.77,14.69,,,,,,,
2025-12-29,18.75,18.39,19.09,12.8,12.58,13.05,14.18,13.79,14.72,,,,,,,
2025-12-30,18.74,18.38,19.09,12.8,12.57,13.04,14.21,13.82,14.74,,,,,,,
2025-12-31,18.74,18.38,19.09,12.79,12.57,13.04,14.23,13.84,14.77,,,,15.0,12.0,17.0,
2026-01-01,18.73,18.38,19.08,12.78,12.56,13.03,14.26,13.86,14.79,,,,18.0,13.0,14.0,
2026-01-02,18.73,18.37,19.07,12.77,12.55,13.02,14.28,13.89,14.81,,,,,,,
2026-01-03,18.72,18.36,19.06,12.76,12.54,13.01,14.31,13.92,14.82,,,,,,,
2026-01-04,18.72,18.35,19.06,12.75,12.53,13.01,14.33,13.94,14.84,,,,17.0,16.0,15.0,
2026-01-05,18.71,18.35,19.05,12.74,12.53,13.0,14.36,13.97,14.86,,,,19.0,12.0,10.0,
2026-01-06,18.71,18.34,19.04,12.73,12.52,13.0,14.38,13.99,14.88,,,,,,,
2026-01-07,18.7,18.34,19.03,12.72,12.51,12.99,14.41,14.01,14.9,,,,,,,
2026-01-08,18.7,18.33,19.03,12.71,12.5,12.98,14.43,14.04,14.91,,,,15.0,12.0,17.0,
2026-01-09,18.7,18.33,19.02,12.71,12.49,12.97,14.45,14.06,14.93,,,,20.0,12.0,13.0,
2026-01-10,18.69,18.33,19.01,12.7,12.47,12.97,14.47,14.09,14.95,,,,,,,
2026-01-11,18.69,18.32,19.01,12.69,12.46,12.96,14.5,14.1,14.97,,,,19.0,11.0,12.0,
2026-01-12,18.68,18.32,19.01,12.68,12.46,12.96,14.52,14.13,15.0,,,,19.0,16.0,14.0,
2026-01-13,18.68,18.32,19.01,12.67,12.45,12.95,14.54,14.15,15.01,,,,19.0,12.0,12.0,
2026-01-14,18.68,18.31,19.01,12.66,12.44,12.94,14.56,14.17,15.03,,,,17.0,11.7,15.7,
2026-01-15,18.68,18.31,19.0,12.65,12.43,12.93,14.58,14.19,15.06,,,,19.0,15.0,13.0,
2026-01-16,18.67,18.31,19.0,12.65,12.42,12.92,14.6,14.21,15.07,,,,,,,
2026-01-17,18.67,18.31,19.0,12.64,12.41,12.91,14.62,14.22,15.08,,,,,,,
2026-01-18,18.67,18.31,19.0,12.63,12.4,12.9,14.64,14.24,15.09,,,,,,,
2026-01-19,18.67,18.31,19.0,12.62,12.39,12.9,14.66,14.26,15.1,,,,19.4,13.2,14.6,
2026-01-20,18.67,18.31,18.99,12.61,12.38,12.89,14.67,14.27,15.12,,,,,,,
2026-01-21,18.66,18.3,18.99,12.6,12.37,12.88,14.69,14.29,15.13,,,,14.0,11.0,17.0,
2026-01-22,18.66,18.3,18.98,12.6,12.37,12.87,14.71,14.31,15.14,,,,,,,
2026-01-23,18.66,18.3,18.98,12.59,12.36,12.87,14.72,14.33,15.15,,,,22.0,13.0,11.0,
2026-01-24,18.66,18.29,18.98,12.58,12.35,12.86,14.74,14.34,15.16,,,,,,,
2026-01-25,18.66,18.29,18.98,12.57,12.34,12.85,14.76,14.35,15.17,,,,22.0,13.0,10.0,
2026-01-26,18.66,18.29,18.98,12.57,12.33,12.84,14.77,14.36,15.19,,,,21.0,14.0,16.0,
2026-01-27,18.66,18.28,18.98,12.56,12.33,12.83,14.79,14.37,15.2,,,,22.0,12.0,12.0,
2026-01-28,18.65,18.28,18.98,12.55,12.32,12.83,14.8,14.38,15.22,,,,17.0,11.0,19.0,
2026-01-29,18.65,18.28,18.98,12.55,12.31,12.82,14.82,14.39,15.23,,,,19.0,11.5,12.5,
2026-01-30,18.65,18.28,18.97,12.54,12.3,12.82,14.83,14.4,15.24,,,,,,,
2026-01-31,18.65,18.27,18.97,12.53,12.29,12.81,14.84,14.41,15.26,,,,,,,
2026-02-01,18.65,18.27,18.97,12.53,12.28,12.8,14.86,14.43,15.27,,,,17.0,14.0,14.0,
2026-02-02,18.65,18.27,18.97,12.52,12.28,12.79,14.87,14.45,15.28,,,,19.7,14.0,14.7,
2026-02-03,18.65,18.27,18.97,12.51,12.27,12.79,14.88,14.47,15.3,,,,,,,
2026-02-04,18.65,18.27,18.97,12.51,12.27,12.78,14.9,14.48,15.32,,,,16.0,11.0,18.0,
2026-02-05,18.65,18.28,18.97,12.5,12.26,12.78,14.91,14.5,15.35,,,,,,,
2026-02-06,18.65,18.28,18.97,12.49,12.26,12.77,14.92,14.5,15.36,,,,23.0,10.0,13.0,
2026-02-07,18.65,18.29,18.97,12.49,12.26,12.77,14.94,14.51,15.37,,,,,,,
2026-02-08,18.65,18.29,18.96,12.48,12.25,12.76,14.95,14.52,15.37,,,,,,,
2026-02-09,18.65,18.29,18.96,12.48,12.25,12.75,14.96,14.53,15.38,,,,19.0,14.0,16.0,
2026-02-10,18.64,18.29,18.96,12.47,12.25,12.75,14.97,14.54,15.39,,,,23.0,12.0,10.0,
2026-02-11,18.64,18.29,18.96,12.46,12.24,12.74,14.98,14.55,15.4,,,,16.0,11.0,18.0,
2026-02-12,18.64,18.28,18.96,12.46,12.24,12.73,14.99,14.57,15.41,,,,17.0,14.0,15.0,
2026-02-13,18.64,18.28,18.95,12.45,12.23,12.72,15.01,14.58,15.42,,,,21.5,11.5,12.0,
2026-02-14,18.64,18.28,18.95,12.45,12.23,12.72,15.02,14.6,15.44,,,,,,,
2026-02-15,18.64,18.28,18.95,12.44,12.22,12.71,15.03,14.62,15.45,,,,19.0,13.0,17.0,
2026-02-16,18.64,18.28,18.95,12.44,12.22,12.71,15.04,14.63,15.46,,,,,,,
2026-02-17,18.64,18.28,18.94,12.43,12.21,12.71,15.05,14.65,15.48,,,,,,,
2026-02-18,18.64,18.28,18.94,12.43,12.2,12.7,15.06,14.67,15.49,,,,16.0,10.0,18.0,
2026-02-19,18.64,18.28,18.94,12.42,12.19,12.7,15.07,14.68,15.5,,,,,,,
2026-02-20,18.64,18.28,18.94,12.42,12.19,12.69,15.08,14.69,15.51,,,,,,,
2026-02-21,18.64,18.28,18.94,12.41,12.18,12.69,15.09,14.69,15.53,,,,,,,
2026-02-22,18.64,18.27,18.94,12.41,12.17,12.68,15.1,14.69,15.54,,,,18.0,14.0,17.0,
2026-02-23,18.64,18.27,18.95,12.4,12.17,12.68,15.11,14.71,15.55,,,,22.0,14.0,11.0,
2026-02-24,18.64,18.27,18.95,12.4,12.16,12.67,15.12,14.71,15.56,,,,,,,
2026-02-25,18.64,18.27,18.96,12.4,12.15,12.66,15.13,14.71,15.57,,,,15.0,12.0,18.0,
2026-02-26,18.64,18.27,18.96,12.39,12.15,12.66,15.14,14.72,15.59,,,,,,,
2026-02-27,18.64,18.27,18.96,12.39,12.15,12.65,15.15,14.73,15.6,,,,18.0,12.0,13.0,
2026-02-28,18.64,18.27,18.97,12.38,12.15,12.64,15.16,14.75,15.61,,,,,,,
2026-03-01,18.64,18.26,18.97,12.38,12.15,12.64,15.17,14.76,15.62,,,,,,,
2026-03-02,18.64,18.26,18.97,12.37,12.14,12.63,15.18,14.76,15.63,,,,16.0,14.0,21.0,
2026-03-03,18.64,18.26,18.97,12.37,12.14,12.63,15.19,14.77,15.64,,,,,,,
2026-03-04,18.63,18.26,18.97,12.36,12.14,12.62,15.2,14.77,15.65,,,,,,,
2026-03-05,18.63,18.26,18.97,12.36,12.13,12.62,15.21,14.78,15.66,,,,20.3,11.3,13.3,
2026-03-06,18.63,18.26,18.97,12.36,12.13,12.61,15.22,14.79,15.66,,,,18.0,10.0,17.5,
2026-03-07,18.63,18.26,18.97,12.35,12.13,12.61,15.23,14.8,15.67,,,,,,,
2026-03-08,18.63,18.26,18.97,12.35,12.12,12.6,15.24,14.82,15.68,,,,,,,
2026-03-09,18.63,18.26,18.97,12.34,12.12,12.59,15.25,14.83,15.69,,,,22.0,13.0,11.0,
2026-03-10,18.63,18.26,18.97,12.34,12.11,12.59,15.26,14.84,15.7,,,,18.5,14.0,16.0,
2026-03-11,18.63,18.26,18.97,12.34,12.11,12.58,15.27,14.85,15.71,,,,21.0,9.0,17.0,
2026-03-12,18.63,18.26,18.97,12.33,12.11,12.58,15.28,14.86,15.73,,,,17.0,14.0,17.0,
2026-03-13,18.63,18.26,18.97,12.33,12.1,12.57,15.29,14.87,15.74,,,,,,,
2026-03-14,18.63,18.26,18.97,12.32,12.1,12.57,15.3,14.88,15.75,,,,,,,
2026-03-15,18.63,18.26,18.97,12.32,12.09,12.56,15.31,14.89,15.77,,,,,,,
2026-03-16,18.63,18.26,18.97,12.32,12.09,12.56,15.32,14.91,15.77,,,,18.5,13.0,16.0,
2026-03-17,18.63,18.26,18.97,12.31,12.08,12.56,15.33,14.92,15.78,,,,,,,
2026-03-18,18.63,18.26,18.96,12.31,12.07,12.55,15.34,14.93,15.79,,,,16.0,11.0,19.0,
2026-03-19,18.63,18.25,18.96,12.31,12.07,12.54,15.35,14.93,15.8,,,,,,,
2026-03-20,18.63,18.25,18.96,12.3,12.06,12.54,15.36,14.94,15.8,,,,21.0,12.0,15.0,
2026-03-21,18.63,18.24,18.97,12.3,12.06,12.53,15.37,14.94,15.82,,,,,,,
2026-03-22,18.63,18.24,18.97,12.29,12.05,12.53,15.38,14.95,15.83,,,,,,,
2026-03-23,18.63,18.24,18.97,12.29,12.04,12.52,15.39,14.96,15.84,,,,18.5,13.5,19.0,
2026-03-24,18.63,18.23,18.97,12.29,12.04,12.52,15.4,14.97,15.85,,,,,,,
2026-03-25,18.63,18.22,18.97,12.28,12.03,12.52,15.41,14.98,15.85,,,,16.0,10.0,19.0,
2026-03-26,18.63,18.22,18.96,12.28,12.03,12.52,15.42,14.99,15.86,,,,19.0,12.0,16.0,
2026-03-27,18.63,18.21,18.96,12.27,12.03,12.51,15.43,15.0,15.87,,,,16.0,12.0,20.0,
2026-03-28,18.63,18.21,18.96,12.27,12.02,12.51,15.44,15.01,15.88,,,,,,,
2026-03-29,18.62,18.2,18.95,12.27,12.01,12.5,15.45,15.03,15.89,,,,,,,
2026-03-30,18.62,18.19,18.96,12.26,12.01,12.5,15.46,15.05,15.9,,,,18.5,11.5,15.5,
2026-03-31,18.62,18.19,18.96,12.26,12.0,12.49,15.47,15.06,15.92,,,,,,,
2026-04-01,18.62,18.18,18.96,12.25,12.0,12.49,15.49,15.07,15.93,,,,,,,
2026-04-02,18.62,18.18,18.96,12.25,12.0,12.48,15.5,15.07,15.95,,,,15.0,10.0,20.0,
2026-04-03,18.62,18.18,18.96,12.24,11.99,12.48,15.51,15.08,15.95,,,,,,,
2026-04-04,18.61,18.17,18.96,12.24,11.99,12.48,15.52,15.09,15.97,,,,,,,
2026-04-05,18.61,18.17,18.96,12.24,11.98,12.48,15.53,15.1,15.99,,,,,,,
2026-04-06,18.61,18.17,18.96,12.23,11.98,12.48,15.55,15.1,16.01,,,,,,,
2026-04-07,18.61,18.16,18.96,12.23,11.98,12.48,15.56,15.11,16.02,,,,18.0,12.5,14.0,
2026-04-08,18.6,18.16,18.95,12.22,11.97,12.48,15.57,15.11,16.03,,,,16.0,11.0,20.0,
2026-04-09,18.6,18.16,18.95,12.22,11.97,12.47,15.58,15.12,16.05,,,,21.0,11.0,14.0,
2026-04-10,18.6,18.15,18.95,12.22,11.97,12.47,15.59,15.13,16.07,,,,,,,
2026-04-11,18.6,18.14,18.94,12.21,11.96,12.46,15.61,15.14,16.09,,,,,,,
2026-04-12,18.59,18.14,18.94,12.21,11.96,12.46,15.62,15.15,16.11,,,,22.0,13.0,15.0,
2026-04-13,18.59,18.13,18.93,12.2,11.95,12.46,15.63,15.16,16.12,,,,19.0,12.5,15.5,
2026-04-14,18.59,18.12,18.93,12.2,11.95,12.46,15.65,15.17,16.14,,,,,,,
2026-04-15,18.58,18.12,18.93,12.19,11.95,12.45,15.66,15.19,16.15,,,,16.0,11.0,20.0,
2026-04-16,18.58,18.11,18.93,12.19,11.94,12.45,15.67,15.2,16.16,,,,21.0,11.0,15.0,
2026-04-17,18.57,18.1,18.92,12.19,11.94,12.45,15.68,15.2,16.17,,,,22.0,11.0,15.0,
2026-04-18,18.57,18.1,18.92,12.18,11.94,12.45,15.7,15.21,16.18,,,,,,,
2026-04-19,18.57,18.09,18.92,12.18,11.93,12.44,15.71,15.22,16.19,,,,,,,
2026-04-20,18.56,18.09,18.93,12.17,11.93,12.44,15.72,15.22,16.21,,,,18.0,12.5,14.5,
2026-04-21,18.56,18.08,18.92,12.17,11.93,12.44,15.73,15.23,16.22,,,,,,,
2026-04-22,18.55,18.08,18.92,12.17,11.92,12.44,15.74,15.24,16.24,,,,,,,
2026-04-23,18.55,18.08,18.91,12.16,11.92,12.44,15.76,15.25,16.25,,,,15.0,11.0,21.0,
2026-04-24,18.54,18.07,18.9,12.16,11.92,12.43,15.77,15.26,16.27,,,,18.0,12.5,15.5,
2026-04-25,18.54,18.07,18.9,12.16,11.91,12.43,15.78,15.26,16.28,,,,,,,
2026-04-26,18.53,18.06,18.91,12.15,11.91,12.43,15.79,15.27,16.3,,,,,,,
2026-04-27,18.53,18.05,18.9,12.15,11.91,12.43,15.8,15.29,16.31,,,,18.7,11.7,16.0,
2026-04-28,18.52,18.04,18.9,12.14,11.91,12.43,15.81,15.3,16.33,,,,,,,
2026-04-29,18.52,18.04,18.9,12.14,11.9,12.42,15.82,15.32,16.35,,,,17.0,11.0,20.0,
2026-04-30,18.51,18.03,18.89,12.14,11.9,12.41,15.83,15.33,16.37,,,,19.0,12.0,16.0,
2026-05-01,18.51,18.03,18.89,12.14,11.9,12.41,15.84,15.34,16.38,,,,19.0,12.0,15.0,
2026-05-02,18.5,18.02,18.88,12.13,11.9,12.41,15.85,15.36,16.39,,,,,,,
2026-05-03,18.5,18.01,18.88,12.13,11.89,12.41,15.86,15.36,16.4,,,,,,,
2026-05-04,18.49,18.01,18.88,12.13,11.89,12.41,15.87,15.35,16.41,,,,21.0,12.0,12.0,
2026-05-05,18.49,18.0,18.87,12.13,11.89,12.41,15.87,15.35,16.42,,,,18.0,14.0,15.0,
2026-05-06,18.48,17.99,18.87,12.12,11.89,12.41,15.88,15.35,16.43,,,,,,,
2026-05-07,18.48,17.98,18.87,12.12,11.89,12.41,15.89,15.34,16.45,,,,,,,
2026-05-08,18.47,17.97,18.86,12.12,11.88,12.42,15.9,15.34,16.46,,,,19.0,11.0,16.0,
2026-05-09,18.47,17.97,18.86,12.12,11.88,12.42,15.9,15.34,16.47,,,,,,,
2026-05-10,18.46,17.96,18.86,12.12,11.88,12.42,15.91,15.35,16.48,,,,18.0,14.0,12.0,
2026-05-11,18.46,17.95,18.86,12.12,11.88,12.41,15.91,15.37,16.49,,,,16.0,13.0,16.0,
2026-05-12,18.45,17.94,18.85,12.11,11.88,12.41,15.92,15.38,16.5,,,,21.0,14.0,11.0,
2026-05-13,18.45,17.93,18.84,12.11,11.87,12.41,15.92,15.39,16.52,,,,15.0,13.0,18.0,
2026-05-14,18.44,17.92,18.84,12.11,11.87,12.41,15.93,15.41,16.53,,,,,,,
2026-05-15,18.44,17.92,18.83,12.11,11.87,12.41,15.93,15.42,16.53,,,,17.0,12.0,16.0,
2026-05-16,18.43,17.91,18.82,12.11,11.87,12.41,15.93,15.43,16.53,,,,,,,
2026-05-17,18.43,17.91,18.82,12.11,11.87,12.41,15.94,15.44,16.53,,,,,,,
2026-05-18,18.42,17.9,18.81,12.11,11.87,12.41,15.94,15.45,16.54,,,,17.0,14.0,15.0,