date,Con,Con (low),Con (high),Lab,Lab (low),Lab (high),LDem,LDem (low),LDem (high),Grn,Grn (low),Grn (high),SNP,SNP (low),SNP (high),PC,PC (low),PC (high),Reform,Reform (low),Reform (high),Con (poll),Lab (poll),LDem (poll),Grn (poll),SNP (poll),PC (poll),Reform (poll)
2025-01-13,20.72,19.96,21.48,21.4,19.94,22.48,11.52,10.99,12.2,7.7,7.07,8.31,,,,,,,32.03,30.89,34.0,21.0,25.0,11.0,6.0,,,31.0
2025-01-14,20.73,19.96,21.48,21.37,19.91,22.42,11.52,10.99,12.2,7.71,7.06,8.31,,,,,,,32.04,30.91,34.01,,,,,,,
2025-01-15,20.74,19.96,21.48,21.34,19.89,22.38,11.52,10.98,12.21,7.71,7.05,8.31,,,,,,,32.05,30.92,34.0,,,,,,,
2025-01-16,20.76,19.97,21.48,21.31,19.88,22.36,11.53,10.98,12.21,7.71,7.06,8.31,,,,,,,32.06,30.93,33.98,,,,,,,
2025-01-17,20.77,19.98,21.49,21.28,19.88,22.34,11.53,10.98,12.21,7.72,7.07,8.3,,,,,,,32.07,30.95,33.97,,,,,,,
2025-01-18,20.78,20.0,21.51,21.25,19.87,22.29,11.53,10.97,12.21,7.72,7.08,8.3,,,,,,,32.07,30.96,33.96,,,,,,,
2025-01-19,20.79,20.01,21.53,21.22,19.86,22.23,11.53,10.96,12.22,7.72,7.1,8.3,,,,,,,32.08,30.95,33.94,,,,,,,
2025-01-20,20.81,20.03,21.55,21.19,19.86,22.2,11.53,10.96,12.23,7.73,7.12,8.31,,,,,,,32.08,30.94,33.92,19.0,23.0,11.0,9.0,,,30.0
2025-01-21,20.82,20.04,21.55,21.16,19.85,22.16,11.53,10.96,12.24,7.73,7.13,8.32,,,,,,,32.08,30.94,33.9,,,,,,,
2025-01-22,20.83,20.07,21.55,21.13,19.84,22.12,11.53,10.96,12.25,7.74,7.14,8.33,,,,,,,32.09,30.93,33.89,,,,,,,
2025-01-23,20.85,20.09,21.55,21.1,19.83,22.09,11.53,10.96,12.26,7.74,7.15,8.34,,,,,,,32.09,30.93,33.88,,,,,,,
2025-01-24,20.86,20.1,21.55,21.07,19.82,22.05,11.53,10.95,12.26,7.75,7.17,8.36,,,,,,,32.09,30.95,33.88,,,,,,,
2025-01-25,20.87,20.12,21.56,21.04,19.81,22.02,11.54,10.95,12.27,7.76,7.18,8.37,,,,,,,32.09,30.96,33.87,,,,,,,
2025-01-26,20.88,20.14,21.58,21.02,19.8,21.98,11.54,10.96,12.26,7.76,7.19,8.38,,,,,,,32.09,30.98,33.85,,,,,,,
2025-01-27,20.9,20.16,21.59,20.99,19.79,21.94,11.54,10.96,12.25,7.77,7.21,8.39,,,,,,,32.09,30.99,33.84,22.0,22.0,11.0,7.0,,,32.0
2025-01-28,20.91,20.2,21.59,20.96,19.78,21.9,11.54,10.96,12.23,7.78,7.23,8.4,,,,,,,32.09,31.01,33.83,,,,,,,
2025-01-29,20.92,20.23,21.59,20.93,19.76,21.86,11.54,10.96,12.22,7.79,7.24,8.41,,,,,,,32.08,31.02,33.83,,,,,,,
2025-01-30,20.93,20.24,21.59,20.9,19.75,21.82,11.54,10.96,12.21,7.8,7.25,8.43,,,,,,,32.08,31.03,33.82,,,,,,,
2025-01-31,20.94,20.25,21.6,20.87,19.73,21.78,11.55,10.97,12.2,7.8,7.27,8.45,,,,,,,32.08,31.03,33.81,,,,,,,
2025-02-01,20.96,20.27,21.61,20.84,19.72,21.76,11.55,10.98,12.19,7.81,7.28,8.47,,,,,,,32.08,31.04,33.8,,,,,,,
2025-02-02,20.97,20.29,21.61,20.81,19.7,21.73,11.55,10.98,12.17,7.82,7.29,8.48,,,,,,,32.07,31.03,33.78,,,,,,,
2025-02-03,20.98,20.32,21.62,20.78,19.69,21.68,11.55,10.99,12.16,7.84,7.31,8.49,,,,,,,32.07,31.02,33.76,22.0,20.0,12.0,9.0,,,30.0
2025-02-04,20.99,20.34,21.63,20.75,19.67,21.61,11.55,10.99,12.15,7.85,7.32,8.51,,,,,,,32.07,31.03,33.74,,,,,,,
2025-02-05,21.0,20.36,21.64,20.72,19.65,21.55,11.56,10.99,12.15,7.86,7.34,8.51,,,,,,,32.07,31.04,33.72,,,,,,,
2025-02-06,21.02,20.38,21.66,20.69,19.63,21.5,11.56,11.0,12.16,7.87,7.36,8.53,,,,,,,32.07,31.05,33.7,,,,,,,
2025-02-07,21.03,20.4,21.67,20.66,19.61,21.47,11.56,11.0,12.16,7.88,7.37,8.55,,,,,,,32.06,31.06,33.68,,,,,,,
2025-02-08,21.04,20.42,21.68,20.62,19.59,21.45,11.56,11.01,12.16,7.89,7.38,8.56,,,,,,,32.06,31.06,33.67,,,,,,,
2025-02-09,21.05,20.43,21.68,20.59,19.57,21.42,11.57,11.0,12.16,7.91,7.39,8.57,,,,,,,32.06,31.06,33.65,,,,,,,
2025-02-10,21.06,20.44,21.69,20.56,19.55,21.37,11.57,11.0,12.16,7.92,7.41,8.58,,,,,,,32.06,31.05,33.63,19.0,22.0,11.0,8.0,,,32.0
2025-02-11,21.07,20.46,21.69,20.53,19.53,21.35,11.57,11.0,12.15,7.93,7.43,8.59,,,,,,,32.06,31.05,33.62,,,,,,,
2025-02-12,21.08,20.47,21.68,20.5,19.51,21.32,11.57,11.01,12.15,7.95,7.45,8.61,,,,,,,32.06,31.05,33.61,,,,,,,
2025-02-13,21.09,20.48,21.68,20.47,19.49,21.28,11.58,11.01,12.15,7.96,7.46,8.62,,,,,,,32.07,31.05,33.59,,,,,,,
2025-02-14,21.1,20.5,21.68,20.43,19.48,21.26,11.58,11.0,12.14,7.97,7.48,8.63,,,,,,,32.07,31.05,33.58,,,,,,,
2025-02-15,21.11,20.51,21.68,20.4,19.46,21.22,11.58,11.0,12.15,7.99,7.51,8.64,,,,,,,32.07,31.05,33.56,,,,,,,
2025-02-16,21.11,20.52,21.68,20.37,19.44,21.2,11.58,11.0,12.15,8.0,7.53,8.65,,,,,,,32.08,31.06,33.54,,,,,,,
2025-02-17,21.12,20.53,21.69,20.34,19.41,21.17,11.58,11.01,12.15,8.01,7.54,8.66,,,,,,,32.08,31.07,33.53,19.0,18.0,12.0,7.0,,,39.0
2025-02-18,21.13,20.55,21.69,20.3,19.39,21.14,11.59,11.01,12.15,8.03,7.55,8.67,,,,,,,32.09,31.08,33.52,,,,,,,
2025-02-19,21.13,20.56,21.7,20.27,19.37,21.1,11.59,11.01,12.16,8.04,7.59,8.68,,,,,,,32.1,31.09,33.51,,,,,,,
2025-02-20,21.14,20.56,21.7,20.24,19.35,21.07,11.59,11.02,12.17,8.06,7.61,8.69,,,,,,,32.11,31.1,33.5,,,,,,,
2025-02-21,21.14,20.57,21.7,20.21,19.32,21.03,11.59,11.02,12.17,8.07,7.63,8.7,,,,,,,32.12,31.11,33.49,,,,,,,
2025-02-22,21.15,20.57,21.71,20.17,19.3,21.0,11.59,11.02,12.17,8.08,7.63,8.7,,,,,,,32.13,31.12,33.49,,,,,,,
2025-02-23,21.15,20.58,21.71,20.14,19.27,20.97,11.6,11.02,12.18,8.1,7.64,8.71,,,,,,,32.15,31.13,33.49,,,,,,,
2025-02-24,21.15,20.58,21.7,20.11,19.25,20.94,11.6,11.02,12.19,8.11,7.64,8.72,,,,,,,32.16,31.15,33.49,22.0,19.0,15.0,8.0,,,31.0
2025-02-25,21.15,20.59,21.68,20.07,19.23,20.88,11.6,11.02,12.2,8.13,7.65,8.73,,,,,,,32.18,31.17,33.49,,,,,,,
2025-02-26,21.15,20.58,21.69,20.04,19.21,20.84,11.6,11.02,12.21,8.14,7.65,8.74,,,,,,,32.2,31.21,33.51,,,,,,,
2025-02-27,21.15,20.57,21.69,20.01,19.19,20.82,11.6,11.02,12.22,8.15,7.67,8.76,,,,,,,32.22,31.24,33.53,,,,,,,
2025-02-28,21.15,20.59,21.7,19.97,19.17,20.76,11.6,11.01,12.22,8.17,7.68,8.77,,,,,,,32.24,31.26,33.53,,,,,,,
2025-03-01,21.14,20.6,21.69,19.94,19.16,20.73,11.6,11.02,12.23,8.18,7.69,8.78,,,,,,,32.27,31.28,33.53,,,,,,,
2025-03-02,21.14,20.61,21.68,19.91,19.15,20.69,11.6,11.01,12.23,8.2,7.71,8.79,,,,,,,32.29,31.29,33.56,,,,,,,
2025-03-03,21.13,20.58,21.68,19.87,19.14,20.66,11.61,11.01,12.23,8.21,7.72,8.8,,,,,,,32.32,31.33,33.58,21.0,21.0,10.0,8.0,,,33.0
2025-03-04,21.12,20.57,21.67,19.84,19.13,20.63,11.61,11.01,12.22,8.22,7.73,8.81,,,,,,,32.35,31.38,33.59,,,,,,,
2025-03-05,21.11,20.57,21.67,19.81,19.13,20.59,11.61,11.01,12.21,8.24,7.73,8.82,,,,,,,32.38,31.41,33.65,,,,,,,
2025-03-06,21.1,20.56,21.66,19.77,19.12,20.54,11.61,11.01,12.22,8.25,7.73,8.83,,,,,,,32.41,31.44,33.67,,,,,,,
2025-03-07,21.09,20.54,21.65,19.74,19.1,20.49,11.61,11.0,12.22,8.27,7.73,8.85,,,,,,,32.44,31.48,33.68,,,,,,,
2025-03-08,21.07,20.54,21.65,19.71,19.07,20.45,11.61,11.0,12.22,8.28,7.74,8.87,,,,,,,32.47,31.52,33.69,,,,,,,
2025-03-09,21.06,20.48,21.65,19.67,19.04,20.4,11.61,11.0,12.23,8.3,7.75,8.88,,,,,,,32.51,31.54,33.7,,,,,,,
2025-03-10,21.04,20.44,21.65,19.64,19.04,20.35,11.61,11.01,12.22,8.31,7.79,8.88,,,,,,,32.55,31.56,33.71,23.0,20.0,11.0,6.0,,,32.0
2025-03-11,21.02,20.41,21.65,19.61,19.03,20.3,11.61,11.01,12.21,8.32,7.8,8.88,,,,,,,32.59,31.59,33.72,,,,,,,
2025-03-12,21.01,20.37,21.62,19.57,19.02,20.25,11.61,11.01,12.22,8.34,7.81,8.89,,,,,,,32.63,31.62,33.73,,,,,,,
2025-03-13,20.99,20.33,21.6,19.54,19.01,20.21,11.61,11.0,12.22,8.35,7.82,8.9,,,,,,,32.67,31.66,33.75,,,,,,,
2025-03-14,20.96,20.29,21.62,19.51,18.98,20.16,11.62,11.0,12.23,8.37,7.84,8.91,,,,,,,32.71,31.69,33.76,,,,,,,
2025-03-15,20.94,20.25,21.62,19.48,18.96,20.1,11.62,11.0,12.23,8.38,7.86,8.92,,,,,,,32.75,31.73,33.79,,,,,,,
2025-03-16,20.92,20.22,21.6,19.44,18.94,20.05,11.62,11.0,12.23,8.39,7.88,8.93,,,,,,,32.8,31.75,33.82,,,,,,,
2025-03-17,20.89,20.19,21.58,19.41,18.89,20.0,11.62,11.0,12.24,8.41,7.89,8.94,,,,,,,32.84,31.77,33.88,22.0,20.0,10.0,10.0,,,32.0
2025-03-18,20.86,20.16,21.56,19.38,18.88,19.96,11.62,10.99,12.24,8.42,7.9,8.96,,,,,,,32.89,31.81,33.95,,,,,,,
2025-03-19,20.84,20.14,21.53,19.35,18.87,19.91,11.62,10.99,12.25,8.44,7.91,8.97,,,,,,,32.94,31.86,34.0,,,,,,,
2025-03-20,20.81,20.1,21.51,19.32,18.83,19.87,11.62,10.98,12.25,8.45,7.92,8.98,,,,,,,32.99,31.9,34.02,,,,,,,
2025-03-21,20.78,20.04,21.5,19.29,18.81,19.83,11.62,10.98,12.26,8.46,7.93,8.99,,,,,,,33.03,31.95,34.05,,,,,,,
2025-03-22,20.74,19.98,21.49,19.26,18.79,19.8,11.63,10.98,12.26,8.48,7.94,9.01,,,,,,,33.08,32.0,34.1,,,,,,,
2025-03-23,20.71,19.94,21.48,19.23,18.78,19.76,11.63,10.98,12.27,8.49,7.95,9.02,,,,,,,33.13,32.05,34.13,,,,,,,
2025-03-24,20.67,19.9,21.46,19.2,18.76,19.73,11.63,10.98,12.28,8.51,7.96,9.04,,,,,,,33.18,32.09,34.21,22.0,18.0,13.0,8.0,,,29.0
2025-03-25,20.64,19.86,21.42,19.18,18.71,19.7,11.63,10.98,12.28,8.52,7.97,9.05,,,,,,,33.24,32.14,34.27,,,,,,,
2025-03-26,20.6,19.81,21.4,19.15,18.7,19.65,11.63,10.99,12.29,8.54,7.98,9.06,,,,,,,33.29,32.18,34.33,,,,,,,
2025-03-27,20.56,19.76,21.4,19.13,18.67,19.62,11.64,10.99,12.29,8.55,8.0,9.08,,,,,,,33.34,32.23,34.37,,,,,,,
2025-03-28,20.52,19.72,21.37,19.1,18.64,19.58,11.64,11.0,12.31,8.56,8.01,9.09,,,,,,,33.39,32.29,34.46,,,,,,,
2025-03-29,20.48,19.65,21.33,19.08,18.61,19.55,11.64,11.0,12.32,8.58,8.03,9.1,,,,,,,33.44,32.33,34.56,,,,,,,
2025-03-30,20.44,19.54,21.29,19.06,18.59,19.52,11.65,11.01,12.31,8.59,8.05,9.11,,,,,,,33.49,32.38,34.58,,,,,,,
2025-03-31,20.4,19.43,21.24,19.03,18.57,19.5,11.65,11.02,12.31,8.61,8.05,9.12,,,,,,,33.54,32.43,34.63,21.0,18.0,11.0,9.0,,,33.0
2025-04-01,20.36,19.36,21.2,19.01,18.57,19.46,11.65,11.02,12.31,8.62,8.06,9.14,,,,,,,33.59,32.48,34.65,,,,,,,
2025-04-02,20.31,19.31,21.16,18.99,18.55,19.44,11.66,11.03,12.31,8.64,8.06,9.15,,,,,,,33.65,32.52,34.71,,,,,,,
2025-04-03,20.27,19.25,21.13,18.97,18.52,19.42,11.66,11.04,12.31,8.65,8.07,9.16,,,,,,,33.7,32.57,34.76,,,,,,,
2025-04-04,20.22,19.19,21.1,18.96,18.5,19.4,11.67,11.06,12.31,8.67,8.09,9.17,,,,,,,33.74,32.62,34.81,,,,,,,
2025-04-05,20.18,19.14,21.07,18.94,18.49,19.38,11.67,11.07,12.31,8.69,8.12,9.19,,,,,,,33.79,32.65,34.87,,,,,,,
2025-04-06,20.13,19.08,21.05,18.92,18.48,19.36,11.68,11.07,12.31,8.7,8.13,9.2,,,,,,,33.84,32.67,34.97,,,,,,,
2025-04-07,20.09,19.03,21.02,18.9,18.46,19.32,11.68,11.08,12.31,8.72,8.14,9.21,,,,,,,33.89,32.71,35.05,22.0,18.0,14.0,9.0,,,31.0
2025-04-08,20.04,18.95,21.0,18.88,18.43,19.3,11.69,11.09,12.31,8.74,8.15,9.23,,,,,,,33.94,32.75,35.11,,,,,,,
2025-04-09,19.99,18.88,20.97,18.87,18.42,19.29,11.7,11.1,12.31,8.75,8.17,9.25,,,,,,,33.98,32.79,35.14,,,,,,,
2025-04-10,19.94,18.83,20.95,18.85,18.42,19.26,11.71,11.11,12.31,8.77,8.18,9.26,,,,,,,34.03,32.83,35.21,,,,,,,
2025-04-11,19.89,18.77,20.93,18.84,18.41,19.25,11.72,11.12,12.31,8.79,8.22,9.28,,,,,,,34.07,32.86,35.29,,,,,,,
2025-04-12,19.84,18.72,20.9,18.82,18.39,19.23,11.72,11.13,12.31,8.8,8.23,9.3,,,,,,,34.12,32.9,35.32,,,,,,,
2025-04-13,19.79,18.67,20.86,18.81,18.37,19.22,11.73,11.14,12.32,8.82,8.24,9.31,,,,,,,34.16,32.94,35.34,,,,,,,
2025-04-14,19.74,18.62,20.83,18.79,18.36,19.21,11.74,11.15,12.33,8.84,8.26,9.33,,,,,,,34.2,32.98,35.36,22.0,18.0,10.0,11.0,,,33.0
2025-04-15,19.69,18.56,20.8,18.78,18.35,19.19,11.76,11.16,12.33,8.85,8.27,9.35,,,,,,,34.25,33.02,35.38,,,,,,,
2025-04-16,19.64,18.5,20.77,18.77,18.34,19.17,11.77,11.17,12.34,8.87,8.28,9.36,,,,,,,34.29,33.06,35.44,,,,,,,
2025-04-17,19.59,18.43,20.74,18.76,18.33,19.16,11.78,11.19,12.35,8.89,8.3,9.38,,,,,,,34.33,33.1,35.5,,,,,,,
2025-04-18,19.53,18.36,20.7,18.74,18.34,19.15,11.79,11.2,12.36,8.9,8.31,9.38,,,,,,,34.37,33.15,35.55,,,,,,,
2025-04-19,19.48,18.32,20.67,18.73,18.36,19.13,11.81,11.22,12.38,8.92,8.34,9.39,,,,,,,34.41,33.19,35.6,,,,,,,
2025-04-20,19.42,18.26,20.63,18.72,18.33,19.12,11.82,11.24,12.4,8.94,8.37,9.41,,,,,,,34.45,33.23,35.65,,,,,,,
2025-04-21,19.37,18.18,20.59,18.71,18.31,19.11,11.83,11.25,12.42,8.95,8.38,9.43,,,,,,,34.49,33.27,35.69,,,,,,,
2025-04-22,19.31,18.11,20.55,18.71,18.3,19.1,11.85,11.27,12.42,8.97,8.39,9.46,,,,,,,34.53,33.31,35.73,21.0,19.0,12.0,8.0,,,34.0
2025-04-23,19.25,18.04,20.51,18.7,18.3,19.09,11.86,11.27,12.43,8.99,8.41,9.47,,,,,,,34.57,33.35,35.78,,,,,,,
2025-04-24,19.19,17.96,20.43,18.69,18.29,19.08,11.88,11.29,12.44,9.0,8.44,9.48,,,,,,,34.61,33.39,35.81,,,,,,,
2025-04-25,19.13,17.9,20.36,18.69,18.28,19.07,11.89,11.3,12.45,9.02,8.46,9.5,,,,,,,34.65,33.43,35.82,,,,,,,
2025-04-26,19.07,17.84,20.33,18.68,18.27,19.07,11.91,11.32,12.47,9.03,8.49,9.52,,,,,,,34.69,33.48,35.83,,,,,,,
2025-04-27,19.01,17.78,20.29,18.68,18.27,19.06,11.92,11.33,12.49,9.05,8.52,9.53,,,,,,,34.73,33.52,35.85,,,,,,,
2025-04-28,18.95,17.71,20.25,18.68,18.28,19.06,11.94,11.35,12.5,9.07,8.53,9.54,,,,,,,34.77,33.58,35.9,20.0,19.0,10.0,8.0,,,35.0
2025-04-29,18.88,17.64,20.2,18.67,18.27,19.05,11.95,11.36,12.52,9.08,8.55,9.55,,,,,,,34.81,33.64,35.94,,,,,,,
2025-04-30,18.82,17.59,20.14,18.67,18.27,19.05,11.97,11.39,12.52,9.1,8.57,9.56,,,,,,,34.86,33.7,35.99,,,,,,,
2025-05-01,18.75,17.53,20.08,18.67,18.26,19.06,11.98,11.41,12.52,9.11,8.59,9.56,,,,,,,34.9,33.73,36.04,,,,,,,
2025-05-02,18.69,17.46,20.02,18.67,18.25,19.05,12.0,11.43,12.55,9.13,8.61,9.56,,,,,,,34.94,33.76,36.09,,,,,,,
2025-05-03,18.62,17.4,19.96,18.67,18.23,19.06,12.02,11.43,12.58,9.14,8.62,9.57,,,,,,,34.98,33.81,36.13,,,,,,,
2025-05-04,18.55,17.34,19.89,18.67,18.23,19.05,12.03,11.43,12.6,9.16,8.62,9.57,,,,,,,35.02,33.87,36.13,,,,,,,
2025-05-05,18.49,17.28,19.82,18.67,18.23,19.06,12.05,11.44,12.63,9.18,8.65,9.57,,,,,,,35.06,33.94,36.16,,,,,,,
2025-05-06,18.42,17.21,19.74,18.67,18.23,19.05,12.07,11.44,12.64,9.19,8.68,9.61,,,,,,,35.11,34.01,36.21,14.0,20.0,12.0,11.0,,,39.0
2025-05-07,18.35,17.15,19.67,18.67,18.24,19.07,12.08,11.45,12.64,9.21,8.7,9.63,,,,,,,35.15,34.06,36.26,,,,,,,
2025-05-08,18.28,17.1,19.6,18.68,18.24,19.09,12.1,11.46,12.64,9.22,8.72,9.64,,,,,,,35.19,34.12,36.31,,,,,,,
2025-05-09,18.22,17.06,19.5,18.68,18.24,19.1,12.11,11.48,12.65,9.24,8.75,9.65,,,,,,,35.23,34.16,36.34,,,,,,,
2025-05-10,18.15,17.0,19.39,18.68,18.24,19.11,12.13,11.48,12.67,9.25,8.78,9.68,,,,,,,35.27,34.19,36.36,,,,,,,
2025-05-11,18.08,16.96,19.29,18.68,18.22,19.11,12.15,11.49,12.68,9.27,8.81,9.71,,,,,,,35.31,34.23,36.38,,,,,,,
2025-05-12,18.01,16.91,19.18,18.68,18.22,19.11,12.16,11.49,12.7,9.28,8.83,9.74,,,,,,,35.35,34.27,36.39,18.0,18.0,11.0,8.0,,,37.0
2025-05-13,17.94,16.87,19.08,18.68,18.2,19.11,12.18,11.52,12.72,9.3,8.85,9.77,,,,,,,35.4,34.31,36.41,,,,,,,
2025-05-14,17.87,16.82,19.0,18.69,18.18,19.12,12.19,11.54,12.72,9.32,8.87,9.8,,,,,,,35.44,34.35,36.42,,,,,,,
2025-05-15,17.8,16.77,18.95,18.69,18.18,19.13,12.2,11.56,12.74,9.33,8.9,9.81,,,,,,,35.48,34.4,36.43,,,,,,,
2025-05-16,17.73,16.71,18.89,18.69,18.17,19.14,12.22,11.58,12.76,9.35,8.92,9.81,,,,,,,35.51,34.45,36.45,,,,,,,
2025-05-17,17.67,16.65,18.81,18.69,18.15,19.16,12.23,11.6,12.77,9.36,8.94,9.83,,,,,,,35.55,34.53,36.48,,,,,,,
2025-05-18,17.6,16.56,18.7,18.7,18.13,19.15,12.24,11.61,12.79,9.38,8.97,9.85,,,,,,,35.59,34.63,36.49,,,,,,,
2025-05-19,17.53,16.5,18.62,18.7,18.11,19.14,12.25,11.64,12.82,9.39,8.98,9.88,,,,,,,35.63,34.67,36.5,15.0,17.0,13.0,9.0,,,39.0
2025-05-20,17.46,16.45,18.53,18.7,18.08,19.14,12.26,11.65,12.85,9.41,9.0,9.91,,,,,,,35.67,34.71,36.51,,,,,,,
2025-05-21,17.4,16.41,18.45,18.7,18.04,19.16,12.27,11.65,12.85,9.43,9.03,9.92,,,,,,,35.7,34.75,36.51,,,,,,,
2025-05-22,17.33,16.36,18.37,18.7,18.02,19.16,12.27,11.66,12.85,9.44,9.04,9.94,,,,,,,35.74,34.81,36.53,,,,,,,
2025-05-23,17.26,16.32,18.27,18.7,18.02,19.18,12.28,11.67,12.85,9.46,9.04,9.96,,,,,,,35.78,34.87,36.56,,,,,,,
2025-05-24,17.2,16.28,18.18,18.7,18.0,19.2,12.29,11.67,12.85,9.48,9.05,9.98,,,,,,,35.81,34.93,36.59,,,,,,,
2025-05-25,17.14,16.25,18.1,18.7,17.98,19.22,12.3,11.68,12.86,9.49,9.07,10.0,,,,,,,35.84,34.99,36.65,,,,,,,
2025-05-26,17.07,16.21,18.02,18.7,17.95,19.23,12.3,11.69,12.88,9.51,9.08,10.02,,,,,,,35.88,35.02,36.7,,,,,,,
2025-05-27,17.01,16.18,17.96,18.7,17.93,19.25,12.31,11.69,12.89,9.52,9.09,10.04,,,,,,,35.91,35.05,36.76,17.0,19.0,12.0,10.0,,,38.0
2025-05-28,16.95,16.15,17.89,18.69,17.91,19.27,12.31,11.7,12.91,9.54,9.11,10.05,,,,,,,35.94,35.09,36.81,,,,,,,
2025-05-29,16.89,16.1,17.82,18.69,17.88,19.28,12.32,11.71,12.91,9.56,9.11,10.07,,,,,,,35.96,35.13,36.84,,,,,,,
2025-05-30,16.84,16.05,17.75,18.69,17.85,19.27,12.32,11.71,12.91,9.57,9.12,10.08,,,,,,,35.99,35.16,36.86,,,,,,,
2025-05-31,16.78,16.01,17.7,18.68,17.82,19.27,12.33,11.72,12.92,9.59,9.15,10.09,,,,,,,36.02,35.18,36.89,,,,,,,
2025-06-01,16.72,15.97,17.64,18.67,17.79,19.27,12.33,11.73,12.92,9.61,9.17,10.11,,,,,,,36.04,35.21,36.91,,,,,,,
2025-06-02,16.67,15.93,17.58,18.67,17.76,19.29,12.34,11.73,12.92,9.62,9.17,10.13,,,,,,,36.07,35.24,36.92,15.0,19.0,14.0,9.0,,,37.0
2025-06-03,16.62,15.89,17.52,18.66,17.74,19.3,12.34,11.74,12.92,9.64,9.17,10.15,,,,,,,36.09,35.28,36.91,,,,,,,
2025-06-04,16.57,15.84,17.46,18.65,17.71,19.32,12.34,11.74,12.92,9.65,9.18,10.17,,,,,,,36.11,35.31,36.9,,,,,,,
2025-06-05,16.52,15.81,17.4,18.64,17.69,19.33,12.35,11.75,12.93,9.67,9.18,10.18,,,,,,,36.13,35.33,36.89,,,,,,,
2025-06-06,16.47,15.77,17.36,18.63,17.66,19.33,12.35,11.76,12.92,9.69,9.2,10.19,,,,,,,36.15,35.35,36.88,,,,,,,
2025-06-07,16.42,15.73,17.29,18.61,17.63,19.32,12.36,11.76,12.93,9.7,9.24,10.2,,,,,,,36.16,35.37,36.91,,,,,,,
2025-06-08,16.38,15.68,17.2,18.6,17.61,19.32,12.36,11.76,12.94,9.72,9.27,10.21,,,,,,,36.18,35.39,36.92,,,,,,,
2025-06-09,16.34,15.65,17.13,18.59,17.58,19.33,12.37,11.77,12.95,9.73,9.28,10.23,,,,,,,36.19,35.41,36.94,18.0,18.0,12.0,10.0,,,37.0
2025-06-10,16.3,15.62,17.08,18.57,17.55,19.34,12.37,11.78,12.95,9.75,9.29,10.24,,,,,,,36.2,35.43,36.94,,,,,,,
2025-06-11,16.26,15.6,17.04,18.55,17.51,19.33,12.38,11.79,12.95,9.76,9.3,10.25,,,,,,,36.21,35.45,36.93,,,,,,,
2025-06-12,16.22,15.54,16.99,18.54,17.49,19.31,12.38,11.81,12.97,9.77,9.3,10.27,,,,,,,36.22,35.47,36.94,,,,,,,
2025-06-13,16.18,15.49,16.95,18.52,17.46,19.29,12.39,11.82,12.99,9.79,9.31,10.29,,,,,,,36.23,35.5,36.95,,,,,,,
2025-06-14,16.15,15.48,16.91,18.5,17.42,19.28,12.39,11.83,12.99,9.8,9.32,10.3,,,,,,,36.24,35.53,36.96,,,,,,,
2025-06-15,16.12,15.46,16.88,18.48,17.4,19.28,12.4,11.82,12.99,9.82,9.34,10.32,,,,,,,36.25,35.56,36.96,,,,,,,
2025-06-16,16.09,15.45,16.83,18.46,17.37,19.28,12.4,11.82,12.99,9.83,9.36,10.32,,,,,,,36.25,35.58,36.96,17.0,18.0,14.0,10.0,,,33.0
2025-06-17,16.06,15.43,16.79,18.44,17.34,19.28,12.41,11.83,12.98,9.84,9.39,10.33,,,,,,,36.25,35.59,36.95,,,,,,,
2025-06-18,16.03,15.42,16.75,18.42,17.31,19.26,12.41,11.84,12.98,9.85,9.4,10.34,,,,,,,36.26,35.59,36.94,,,,,,,
2025-06-19,16.01,15.4,16.71,18.39,17.28,19.25,12.42,11.84,12.99,9.86,9.4,10.36,,,,,,,36.26,35.59,36.92,,,,,,,
2025-06-20,15.98,15.38,16.69,18.37,17.25,19.24,12.42,11.83,12.99,9.88,9.4,10.37,,,,,,,36.26,35.58,36.9,,,,,,,
2025-06-21,15.96,15.37,16.68,18.34,17.22,19.24,12.43,11.82,13.01,9.89,9.4,10.39,,,,,,,36.26,35.58,36.88,,,,,,,
2025-06-22,15.94,15.35,16.66,18.32,17.19,19.23,12.43,11.82,13.03,9.9,9.4,10.4,,,,,,,36.25,35.59,36.87,,,,,,,
2025-06-23,15.93,15.35,16.63,18.29,17.15,19.23,12.44,11.84,13.04,9.91,9.4,10.42,,,,,,,36.25,35.59,36.86,14.0,20.0,15.0,8.0,,,35.0
2025-06-24,15.91,15.35,16.61,18.27,17.12,19.23,12.44,11.83,13.04,9.92,9.41,10.43,,,,,,,36.25,35.6,36.86,,,,,,,
2025-06-25,15.9,15.34,16.59,18.24,17.09,19.21,12.45,11.84,13.04,9.93,9.41,10.43,,,,,,,36.24,35.6,36.85,,,,,,,
2025-06-26,15.88,15.33,16.57,18.22,17.06,19.17,12.45,11.86,13.05,9.94,9.42,10.43,,,,,,,36.24,35.6,36.84,,,,,,,
2025-06-27,15.87,15.32,16.57,18.19,17.02,19.13,12.46,11.87,13.05,9.94,9.43,10.44,,,,,,,36.23,35.61,36.83,,,,,,,
2025-06-28,15.86,15.31,16.54,18.16,16.97,19.09,12.46,11.87,13.05,9.95,9.44,10.44,,,,,,,36.22,35.61,36.82,,,,,,,
2025-06-29,15.85,15.29,16.55,18.14,16.94,19.07,12.46,11.86,13.06,9.96,9.45,10.44,,,,,,,36.22,35.61,36.8,,,,,,,
2025-06-30,15.85,15.28,16.53,18.11,16.91,19.05,12.47,11.86,13.07,9.97,9.46,10.44,,,,,,,36.21,35.61,36.8,15.0,21.0,12.0,10.0,,,36.0
2025-07-01,15.84,15.29,16.52,18.08,16.9,19.03,12.47,11.85,13.07,9.98,9.47,10.44,,,,,,,36.2,35.62,36.78,,,,,,,
2025-07-02,15.84,15.29,16.49,18.06,16.87,19.01,12.47,11.85,13.08,9.98,9.47,10.45,,,,,,,36.19,35.62,36.76,,,,,,,
2025-07-03,15.83,15.28,16.49,18.03,16.84,19.0,12.47,11.85,13.07,9.99,9.48,10.45,,,,,,,36.18,35.62,36.74,,,,,,,
2025-07-04,15.83,15.28,16.5,18.0,16.81,18.98,12.47,11.86,13.07,9.99,9.48,10.45,,,,,,,36.17,35.62,36.72,,,,,,,
2025-07-05,15.83,15.28,16.5,17.97,16.78,18.97,12.47,11.87,13.05,10.0,9.49,10.46,,,,,,,36.17,35.62,36.7,,,,,,,
2025-07-06,15.83,15.28,16.51,17.95,16.75,18.97,12.46,11.87,13.05,10.0,9.49,10.47,,,,,,,36.16,35.62,36.68,,,,,,,
2025-07-07,15.83,15.29,16.51,17.92,16.73,18.96,12.46,11.88,13.04,10.01,9.5,10.48,,,,,,,36.15,35.62,36.66,14.0,22.0,11.0,12.0,,,35.0
2025-07-08,15.83,15.3,16.51,17.89,16.7,18.94,12.46,11.88,13.04,10.01,9.5,10.48,,,,,,,36.14,35.61,36.65,,,,,,,
2025-07-09,15.83,15.3,16.5,17.87,16.67,18.93,12.46,11.87,13.04,10.01,9.51,10.48,,,,,,,36.14,35.61,36.64,,,,,,,
2025-07-10,15.83,15.3,16.48,17.84,16.65,18.91,12.45,11.85,13.03,10.02,9.52,10.48,,,,,,,36.13,35.63,36.63,,,,,,,
2025-07-11,15.83,15.3,16.45,17.81,16.62,18.88,12.45,11.84,13.03,10.02,9.52,10.48,,,,,,,36.13,35.63,36.61,,,,,,,
2025-07-12,15.84,15.3,16.43,17.79,16.59,18.85,12.44,11.83,13.03,10.02,9.52,10.47,,,,,,,36.12,35.61,36.6,,,,,,,
2025-07-13,15.84,15.29,16.42,17.76,16.57,18.83,12.43,11.82,13.02,10.02,9.51,10.47,,,,,,,36.12,35.6,36.6,,,,,,,
2025-07-14,15.84,15.28,16.41,17.74,16.54,18.82,12.43,11.8,13.02,10.02,9.51,10.47,,,,,,,36.12,35.6,36.6,17.0,14.0,14.0,10.0,,,37.0
2025-07-15,15.84,15.27,16.4,17.71,16.52,18.81,12.42,11.78,13.01,10.02,9.51,10.47,,,,,,,36.11,35.59,36.6,,,,,,,
2025-07-16,15.84,15.27,16.41,17.68,16.49,18.8,12.41,11.76,13.01,10.03,9.51,10.47,,,,,,,36.11,35.61,36.62,,,,,,,
2025-07-17,15.85,15.26,16.42,17.66,16.47,18.78,12.4,11.75,13.0,10.03,9.51,10.47,,,,,,,36.11,35.61,36.62,,,,,,,
2025-07-18,15.85,15.26,16.43,17.64,16.44,18.76,12.39,11.74,13.0,10.03,9.51,10.46,,,,,,,36.11,35.61,36.62,,,,,,,
2025-07-19,15.85,15.27,16.44,17.61,16.42,18.73,12.38,11.71,12.99,10.03,9.51,10.47,,,,,,,36.12,35.62,36.63,,,,,,,
2025-07-20,15.85,15.28,16.44,17.59,16.39,18.7,12.37,11.7,12.98,10.03,9.51,10.47,,,,,,,36.12,35.62,36.63,,,,,,,
2025-07-21,15.85,15.29,16.42,17.56,16.38,18.68,12.36,11.69,12.97,10.03,9.52,10.47,,,,,,,36.12,35.63,36.63,13.0,18.0,11.0,12.0,,,36.0
2025-07-22,15.85,15.29,16.41,17.54,16.36,18.66,12.34,11.69,12.97,10.03,9.52,10.47,,,,,,,36.13,35.65,36.64,,,,,,,
2025-07-23,15.85,15.3,16.41,17.52,16.35,18.65,12.33,11.68,12.96,10.03,9.52,10.46,,,,,,,36.14,35.64,36.64,,,,,,,
2025-07-24,15.85,15.31,16.42,17.5,16.34,18.64,12.32,11.68,12.95,10.03,9.53,10.46,,,,,,,36.14,35.66,36.65,,,,,,,
2025-07-25,15.85,15.32,16.42,17.47,16.33,18.6,12.3,11.67,12.94,10.03,9.53,10.46,,,,,,,36.15,35.67,36.66,,,,,,,
2025-07-26,15.85,15.32,16.42,17.45,16.32,18.56,12.29,11.67,12.93,10.03,9.54,10.47,,,,,,,36.16,35.67,36.67,,,,,,,
2025-07-27,15.85,15.32,16.43,17.43,16.32,18.53,12.28,11.65,12.92,10.03,9.55,10.47,,,,,,,36.17,35.67,36.68,,,,,,,
2025-07-28,15.85,15.32,16.42,17.41,16.32,18.52,12.26,11.64,12.9,10.03,9.55,10.47,,,,,,,36.18,35.68,36.69,16.0,18.0,10.0,11.0,,,36.0
2025-07-29,15.85,15.32,16.41,17.39,16.3,18.5,12.25,11.62,12.88,10.03,9.55,10.46,,,,,,,36.19,35.71,36.71,,,,,,,
2025-07-30,15.85,15.31,16.41,17.37,16.3,18.48,12.23,11.6,12.86,10.03,9.55,10.47,,,,,,,36.2,35.73,36.73,,,,,,,
2025-07-31,15.85,15.3,16.41,17.35,16.29,18.45,12.22,11.58,12.83,10.03,9.56,10.47,,,,,,,36.21,35.74,36.75,,,,,,,
2025-08-01,15.85,15.29,16.41,17.32,16.28,18.4,12.2,11.56,12.8,10.03,9.56,10.48,,,,,,,36.23,35.74,36.77,,,,,,,
2025-08-02,15.85,15.28,16.41,17.3,16.26,18.35,12.19,11.56,12.78,10.03,9.57,10.48,,,,,,,36.24,35.75,36.79,,,,,,,
2025-08-03,15.85,15.28,16.4,17.28,16.24,18.3,12.18,11.55,12.77,10.03,9.58,10.48,,,,,,,36.25,35.77,36.81,,,,,,,
2025-08-04,15.85,15.29,16.4,17.26,16.22,18.28,12.16,11.54,12.76,10.03,9.57,10.48,,,,,,,36.27,35.78,36.82,17.0,15.0,13.0,10.0,,,35.0
2025-08-05,15.85,15.29,16.41,17.24,16.21,18.26,12.15,11.54,12.76,10.03,9.58,10.48,,,,,,,36.28,35.79,36.81,,,,,,,
2025-08-06,15.85,15.3,16.41,17.22,16.2,18.23,12.14,11.54,12.76,10.03,9.57,10.48,,,,,,,36.29,35.81,36.83,,,,,,,
2025-08-07,15.85,15.32,16.4,17.2,16.19,18.21,12.13,11.53,12.74,10.03,9.57,10.48,,,,,,,36.31,35.82,36.84,,,,,,,
2025-08-08,15.85,15.33,16.4,17.18,16.19,18.18,12.12,11.53,12.71,10.03,9.57,10.48,,,,,,,36.32,35.83,36.86,,,,,,,
2025-08-09,15.85,15.32,16.4,17.16,16.18,18.14,12.1,11.52,12.68,10.03,9.57,10.48,,,,,,,36.33,35.84,36.87,,,,,,,
2025-08-10,15.85,15.31,16.41,17.14,16.18,18.09,12.09,11.51,12.65,10.03,9.57,10.46,,,,,,,36.35,35.85,36.88,,,,,,,
2025-08-11,15.86,15.32,16.42,17.12,16.17,18.06,12.09,11.5,12.63,10.03,9.58,10.46,,,,,,,36.36,35.86,36.89,17.0,16.0,12.0,10.0,,,36.0
2025-08-12,15.86,15.33,16.42,17.1,16.18,18.03,12.08,11.5,12.6,10.03,9.59,10.47,,,,,,,36.37,35.88,36.9,,,,,,,
2025-08-13,15.86,15.33,16.43,17.08,16.19,17.98,12.07,11.5,12.59,10.03,9.6,10.47,,,,,,,36.38,35.89,36.91,,,,,,,
2025-08-14,15.87,15.35,16.44,17.06,16.17,17.94,12.06,11.5,12.59,10.03,9.6,10.47,,,,,,,36.4,35.9,36.92,,,,,,,
2025-08-15,15.87,15.37,16.45,17.04,16.17,17.9,12.06,11.5,12.58,10.03,9.61,10.47,,,,,,,36.41,35.9,36.93,,,,,,,
2025-08-16,15.88,15.39,16.46,17.02,16.16,17.86,12.05,11.5,12.58,10.03,9.62,10.47,,,,,,,36.42,35.91,36.93,,,,,,,
2025-08-17,15.89,15.39,16.47,17.0,16.16,17.82,12.05,11.5,12.58,10.03,9.62,10.47,,,,,,,36.42,35.91,36.94,,,,,,,
2025-08-18,15.89,15.4,16.48,16.98,16.16,17.81,12.04,11.51,12.58,10.04,9.63,10.47,,,,,,,36.43,35.9,36.96,16.0,16.0,13.0,9.0,,,38.0
2025-08-19,15.9,15.39,16.49,16.96,16.15,17.8,12.04,11.51,12.58,10.04,9.64,10.47,,,,,,,36.44,35.91,36.97,,,,,,,
2025-08-20,15.91,15.42,16.5,16.94,16.16,17.76,12.04,11.5,12.58,10.04,9.64,10.48,,,,,,,36.45,35.92,36.98,,,,,,,
2025-08-21,15.92,15.42,16.51,16.92,16.14,17.73,12.03,11.49,12.58,10.04,9.65,10.47,,,,,,,36.45,35.92,37.0,,,,,,,
2025-08-22,15.93,15.43,16.52,16.9,16.13,17.69,12.03,11.48,12.58,10.04,9.65,10.47,,,,,,,36.46,35.94,37.0,,,,,,,
2025-08-23,15.94,15.45,16.53,16.88,16.11,17.67,12.03,11.48,12.58,10.04,9.65,10.47,,,,,,,36.46,35.95,36.98,,,,,,,
2025-08-24,15.95,15.47,16.54,16.86,16.11,17.63,12.03,11.48,12.58,10.04,9.65,10.49,,,,,,,36.47,35.94,36.98,,,,,,,
2025-08-25,15.96,15.49,16.55,16.84,16.12,17.58,12.03,11.49,12.58,10.05,9.66,10.5,,,,,,,36.47,35.93,36.99,,,,,,,
2025-08-26,15.97,15.5,16.57,16.82,16.12,17.54,12.04,11.49,12.59,10.05,9.67,10.5,,,,,,,36.47,35.93,37.0,16.0,16.0,12.0,9.0,,,36.0
2025-08-27,15.99,15.51,16.58,16.8,16.12,17.5,12.04,11.5,12.59,10.05,9.67,10.51,,,,,,,36.47,35.92,36.99,,,,,,,
2025-08-28,16.0,15.53,16.6,16.78,16.12,17.46,12.04,11.5,12.6,10.06,9.67,10.51,,,,,,,36.47,35.92,36.99,,,,,,,
2025-08-29,16.01,15.53,16.61,16.76,16.13,17.4,12.04,11.51,12.6,10.06,9.66,10.53,,,,,,,36.47,35.92,36.99,,,,,,,
2025-08-30,16.03,15.53,16.64,16.75,16.13,17.37,12.05,11.51,12.59,10.07,9.65,10.53,,,,,,,36.47,35.92,37.0,,,,,,,
2025-08-31,16.04,15.56,16.64,16.73,16.12,17.31,12.05,11.53,12.6,10.07,9.65,10.54,,,,,,,36.46,35.9,37.0,,,,,,,
2025-09-01,16.05,15.57,16.66,16.71,16.12,17.29,12.06,11.54,12.61,10.08,9.66,10.55,,,,,,,36.46,35.89,37.0,17.0,15.0,13.0,10.0,,,37.0
2025-09-02,16.07,15.59,16.69,16.69,16.1,17.25,12.06,11.53,12.61,10.08,9.67,10.56,,,,,,,36.45,35.9,37.0,,,,,,,
2025-09-03,16.08,15.61,16.7,16.67,16.08,17.21,12.06,11.52,12.61,10.09,9.68,10.56,,,,,,,36.45,35.89,37.0,,,,,,,
2025-09-04,16.09,15.62,16.72,16.65,16.07,17.17,12.07,11.53,12.61,10.1,9.68,10.56,,,,,,,36.44,35.86,37.0,,,,,,,
2025-09-05,16.11,15.63,16.73,16.64,16.06,17.15,12.07,11.53,12.61,10.11,9.69,10.57,,,,,,,36.44,35.84,37.01,,,,,,,
2025-09-06,16.12,15.62,16.75,16.62,16.05,17.14,12.08,11.54,12.62,10.12,9.71,10.58,,,,,,,36.43,35.82,37.01,,,,,,,
2025-09-07,16.13,15.62,16.76,16.6,16.03,17.11,12.08,11.54,12.62,10.13,9.72,10.6,,,,,,,36.43,35.78,37.0,,,,,,,
2025-09-08,16.15,15.63,16.8,16.59,16.04,17.09,12.09,11.54,12.63,10.14,9.73,10.61,,,,,,,36.42,35.75,37.0,18.0,17.0,10.0,10.0,,,36.0
2025-09-09,16.16,15.65,16.82,16.57,16.03,17.07,12.09,11.55,12.63,10.15,9.74,10.63,,,,,,,36.41,35.72,37.0,,,,,,,
2025-09-10,16.17,15.66,16.83,16.56,16.01,17.06,12.1,11.55,12.63,10.16,9.75,10.66,,,,,,,36.41,35.69,36.99,,,,,,,
2025-09-11,16.18,15.67,16.83,16.54,15.99,17.03,12.1,11.56,12.62,10.17,9.76,10.7,,,,,,,36.4,35.66,36.98,,,,,,,
2025-09-12,16.19,15.69,16.84,16.53,15.97,17.03,12.11,11.56,12.63,10.19,9.77,10.72,,,,,,,36.39,35.63,36.98,,,,,,,
2025-09-13,16.2,15.69,16.86,16.51,15.97,17.03,12.11,11.56,12.64,10.2,9.77,10.76,,,,,,,36.39,35.6,36.98,,,,,,,
2025-09-14,16.22,15.68,16.89,16.5,15.95,17.02,12.12,11.57,12.65,10.22,9.78,10.78,,,,,,,36.38,35.58,36.99,,,,,,,
2025-09-15,16.23,15.67,16.89,16.49,15.94,17.02,12.12,11.57,12.64,10.23,9.78,10.8,,,,,,,36.37,35.57,36.98,14.0,16.0,12.0,8.0,,,40.0
2025-09-16,16.24,15.68,16.89,16.48,15.91,17.02,12.12,11.58,12.64,10.25,9.8,10.82,,,,,,,36.37,35.56,36.97,,,,,,,
2025-09-17,16.25,15.69,16.9,16.46,15.91,17.02,12.13,11.58,12.64,10.27,9.82,10.84,,,,,,,36.36,35.55,36.97,,,,,,,
2025-09-18,16.25,15.69,16.91,16.45,15.9,17.02,12.13,11.59,12.64,10.29,9.82,10.87,,,,,,,36.35,35.54,36.97,,,,,,,
2025-09-19,16.26,15.7,16.91,16.44,15.89,17.02,12.13,11.59,12.64,10.31,9.83,10.91,,,,,,,36.35,35.53,36.98,,,,,,,
2025-09-20,16.27,15.69,16.92,16.43,15.89,17.01,12.13,11.6,12.64,10.33,9.83,10.94,,,,,,,36.34,35.52,36.98,,,,,,,
2025-09-21,16.28,15.68,16.94,16.42,15.87,17.0,12.13,11.6,12.64,10.35,9.84,10.96,,,,,,,36.33,35.5,36.98,,,,,,,
2025-09-22,16.29,15.69,16.95,16.41,15.85,16.99,12.14,11.59,12.65,10.37,9.85,10.98,,,,,,,36.32,35.49,36.98,16.0,18.0,12.0,10.0,,,37.0
2025-09-23,16.3,15.7,16.97,16.4,15.82,16.98,12.14,11.59,12.65,10.39,9.86,11.0,,,,,,,36.32,35.47,36.99,,,,,,,
2025-09-24,16.3,15.71,16.98,16.39,15.8,16.97,12.14,11.59,12.65,10.42,9.87,11.03,,,,,,,36.31,35.46,36.99,,,,,,,
2025-09-25,16.31,15.71,16.99,16.38,15.79,16.97,12.14,11.6,12.65,10.44,9.88,11.06,,,,,,,36.3,35.45,36.99,,,,,,,
2025-09-26,16.32,15.72,17.0,16.37,15.79,16.97,12.14,11.6,12.66,10.47,9.89,11.09,,,,,,,36.3,35.45,36.99,,,,,,,
2025-09-27,16.32,15.73,17.01,16.36,15.78,16.96,12.14,11.61,12.66,10.49,9.9,11.13,,,,,,,36.29,35.45,36.99,,,,,,,
2025-09-28,16.33,15.73,17.02,16.35,15.76,16.96,12.14,11.62,12.66,10.52,9.91,11.16,,,,,,,36.29,35.46,36.99,,,,,,,
2025-09-29,16.33,15.74,17.03,16.34,15.75,16.95,12.14,11.62,12.66,10.54,9.94,11.2,,,,,,,36.28,35.46,36.99,16.0,20.0,10.0,10.0,,,36.0
2025-09-30,16.34,15.73,17.04,16.33,15.74,16.95,12.14,11.62,12.66,10.57,9.95,11.23,,,,,,,36.27,35.45,36.99,,,,,,,
2025-10-01,16.34,15.72,17.04,16.32,15.72,16.95,12.14,11.62,12.66,10.59,9.97,11.25,,,,,,,36.27,35.43,36.98,,,,,,,
2025-10-02,16.35,15.7,17.04,16.31,15.7,16.95,12.14,11.63,12.65,10.62,9.98,11.27,,,,,,,36.26,35.42,36.98,,,,,,,
2025-10-03,16.35,15.7,17.04,16.3,15.68,16.94,12.14,11.63,12.65,10.65,10.0,11.3,,,,,,,36.25,35.41,36.97,,,,,,,
2025-10-04,16.35,15.69,17.04,16.29,15.66,16.93,12.14,11.63,12.65,10.68,10.02,11.33,,,,,,,36.25,35.39,36.96,,,,,,,
2025-10-05,16.35,15.69,17.05,16.28,15.66,16.92,12.13,11.64,12.65,10.71,10.04,11.36,,,,,,,36.24,35.38,36.96,,,,,,,
2025-10-06,16.35,15.68,17.06,16.27,15.65,16.93,12.13,11.64,12.64,10.73,10.06,11.39,,,,,,,36.23,35.36,36.97,13.0,16.0,14.0,12.0,,,37.0
2025-10-07,16.35,15.68,17.05,16.27,15.64,16.92,12.13,11.65,12.64,10.76,10.07,11.42,,,,,,,36.23,35.35,36.96,,,,,,,
2025-10-08,16.36,15.68,17.04,16.26,15.64,16.92,12.13,11.65,12.64,10.79,10.1,11.46,,,,,,,36.22,35.34,36.95,,,,,,,
2025-10-09,16.36,15.69,17.04,16.25,15.63,16.91,12.13,11.66,12.64,10.82,10.12,11.5,,,,,,,36.21,35.33,36.94,,,,,,,
2025-10-10,16.36,15.7,17.04,16.24,15.62,16.9,12.13,11.66,12.64,10.85,10.14,11.54,,,,,,,36.2,35.33,36.92,,,,,,,
2025-10-11,16.36,15.71,17.03,16.23,15.61,16.9,12.13,11.67,12.64,10.88,10.17,11.58,,,,,,,36.19,35.32,36.91,,,,,,,
2025-10-12,16.36,15.72,17.02,16.22,15.61,16.89,12.13,11.67,12.64,10.91,10.19,11.61,,,,,,,36.19,35.32,36.9,,,,,,,
2025-10-13,16.36,15.7,17.02,16.21,15.59,16.88,12.13,11.67,12.64,10.94,10.22,11.65,,,,,,,36.18,35.31,36.91,18.0,17.0,13.0,9.0,,,36.0
2025-10-14,16.36,15.69,17.01,16.2,15.57,16.87,12.13,11.68,12.64,10.97,10.24,11.68,,,,,,,36.17,35.3,36.91,,,,,,,
2025-10-15,16.36,15.68,17.01,16.2,15.55,16.86,12.13,11.68,12.64,11.0,10.27,11.71,,,,,,,36.16,35.3,36.89,,,,,,,
2025-10-16,16.36,15.67,17.0,16.19,15.54,16.86,12.13,11.68,12.64,11.03,10.3,11.74,,,,,,,36.14,35.28,36.87,,,,,,,
2025-10-17,16.36,15.67,17.0,16.18,15.52,16.85,12.13,11.69,12.65,11.06,10.34,11.76,,,,,,,36.13,35.26,36.85,,,,,,,
2025-10-18,16.36,15.67,17.0,16.17,15.5,16.84,12.13,11.69,12.65,11.09,10.37,11.8,,,,,,,36.12,35.27,36.82,,,,,,,
2025-10-19,16.36,15.67,17.0,16.16,15.48,16.83,12.13,11.69,12.65,11.12,10.4,11.82,,,,,,,36.11,35.27,36.8,,,,,,,
2025-10-20,16.36,15.68,17.0,16.15,15.48,16.83,12.13,11.69,12.66,11.15,10.42,11.85,,,,,,,36.1,35.24,36.77,17.0,17.0,14.0,11.0,,,32.0
2025-10-21,16.37,15.67,16.99,16.14,15.47,16.82,12.13,11.68,12.66,11.18,10.44,11.87,,,,,,,36.08,35.22,36.75,,,,,,,
2025-10-22,16.37,15.68,16.98,16.13,15.46,16.83,12.14,11.69,12.66,11.21,10.47,11.9,,,,,,,36.07,35.23,36.73,,,,,,,
2025-10-23,16.37,15.68,16.99,16.12,15.46,16.82,12.14,11.7,12.66,11.24,10.49,11.92,,,,,,,36.06,35.23,36.71,,,,,,,
2025-10-24,16.38,15.68,16.99,16.11,15.45,16.82,12.14,11.71,12.67,11.27,10.52,11.94,,,,,,,36.04,35.24,36.7,,,,,,,
2025-10-25,16.38,15.69,16.99,16.1,15.45,16.81,12.15,11.71,12.67,11.29,10.55,11.96,,,,,,,36.03,35.23,36.68,,,,,,,
2025-10-26,16.38,15.68,16.99,16.09,15.44,16.8,12.15,11.72,12.67,11.32,10.59,11.98,,,,,,,36.01,35.22,36.66,,,,,,,
2025-10-27,16.39,15.67,17.0,16.08,15.44,16.78,12.16,11.73,12.68,11.35,10.62,12.0,,,,,,,36.0,35.21,36.64,18.0,14.0,12.0,12.0,,,37.0
2025-10-28,16.4,15.68,17.0,16.07,15.44,16.75,12.16,11.74,12.69,11.38,10.66,12.03,,,,,,,35.98,35.2,36.62,,,,,,,
2025-10-29,16.4,15.71,17.01,16.06,15.43,16.74,12.16,11.75,12.7,11.41,10.68,12.06,,,,,,,35.96,35.2,36.61,,,,,,,
2025-10-30,16.41,15.7,17.02,16.05,15.4,16.72,12.17,11.76,12.7,11.43,10.72,12.07,,,,,,,35.95,35.19,36.58,,,,,,,
2025-10-31,16.42,15.7,17.03,16.03,15.39,16.71,12.17,11.76,12.7,11.46,10.76,12.09,,,,,,,35.93,35.18,36.54,,,,,,,
2025-11-01,16.43,15.69,17.03,16.02,15.38,16.7,12.18,11.77,12.7,11.49,10.79,12.11,,,,,,,35.91,35.17,36.52,,,,,,,
2025-11-02,16.44,15.68,17.03,16.01,15.38,16.69,12.18,11.79,12.7,11.52,10.83,12.13,,,,,,,35.89,35.14,36.51,,,,,,,
2025-11-03,16.45,15.68,17.05,15.99,15.38,16.68,12.19,11.8,12.7,11.54,10.86,12.15,,,,,,,35.87,35.12,36.51,16.0,16.0,12.0,13.0,,,34.0
2025-11-04,16.46,15.68,17.06,15.98,15.37,16.67,12.2,11.81,12.7,11.57,10.89,12.18,,,,,,,35.85,35.13,36.49,,,,,,,
2025-11-05,16.47,15.7,17.08,15.96,15.36,16.64,12.2,11.82,12.7,11.6,10.92,12.21,,,,,,,35.83,35.13,36.49,,,,,,,
2025-11-06,16.48,15.71,17.09,15.95,15.34,16.6,12.21,11.83,12.71,11.63,10.94,12.22,,,,,,,35.81,35.11,36.44,,,,,,,
2025-11-07,16.5,15.73,17.12,15.93,15.32,16.58,12.21,11.84,12.71,11.65,10.96,12.23,,,,,,,35.79,35.09,36.43,,,,,,,
2025-11-08,16.51,15.75,17.13,15.92,15.31,16.56,12.21,11.85,12.7,11.68,10.99,12.24,,,,,,,35.77,35.07,36.42,,,,,,,
2025-11-09,16.53,15.77,17.14,15.9,15.3,16.54,12.22,11.85,12.7,11.71,11.03,12.29,,,,,,,35.74,35.06,36.4,,,,,,,
2025-11-10,16.54,15.8,17.16,15.89,15.3,16.52,12.22,11.87,12.7,11.74,11.06,12.31,,,,,,,35.72,35.05,36.36,18.0,14.0,11.0,13.0,,,36.0
2025-11-11,16.56,15.84,17.16,15.87,15.3,16.5,12.23,11.88,12.7,11.76,11.11,12.32,,,,,,,35.69,35.03,36.32,,,,,,,
2025-11-12,16.58,15.87,17.16,15.86,15.29,16.47,12.23,11.89,12.69,11.79,11.15,12.35,,,,,,,35.67,35.02,36.28,,,,,,,
2025-11-13,16.59,15.89,17.18,15.84,15.28,16.45,12.23,11.91,12.69,11.82,11.2,12.37,,,,,,,35.64,35.0,36.23,,,,,,,
2025-11-14,16.61,15.92,17.19,15.83,15.26,16.43,12.23,11.92,12.68,11.85,11.25,12.39,,,,,,,35.61,34.98,36.19,,,,,,,
2025-11-15,16.63,15.95,17.23,15.81,15.25,16.42,12.23,11.93,12.67,11.87,11.27,12.42,,,,,,,35.58,34.94,36.16,,,,,,,
2025-11-16,16.65,15.96,17.26,15.8,15.25,16.4,12.23,11.93,12.66,11.9,11.3,12.44,,,,,,,35.55,34.91,36.12,,,,,,,
2025-11-17,16.67,15.98,17.29,15.78,15.25,16.38,12.23,11.94,12.65,11.93,11.34,12.47,,,,,,,35.52,34.87,36.07,15.0,15.0,12.0,14.0,,,37.0
2025-11-18,16.69,16.0,17.31,15.77,15.25,16.36,12.23,11.94,12.65,11.96,11.37,12.49,,,,,,,35.49,34.85,36.03,,,,,,,
2025-11-19,16.71,16.02,17.33,15.76,15.25,16.35,12.23,11.94,12.64,11.99,11.41,12.5,,,,,,,35.46,34.81,36.0,,,,,,,
2025-11-20,16.73,16.03,17.36,15.75,15.25,16.33,12.23,11.94,12.62,12.02,11.46,12.52,,,,,,,35.43,34.77,35.97,,,,,,,
2025-11-21,16.75,16.05,17.39,15.73,15.23,16.31,12.23,11.94,12.61,12.05,11.48,12.55,,,,,,,35.4,34.74,35.95,,,,,,,
2025-11-22,16.77,16.08,17.41,15.72,15.21,16.29,12.23,11.94,12.59,12.08,11.53,12.58,,,,,,,35.36,34.7,35.93,,,,,,,
2025-11-23,16.79,16.09,17.43,15.71,15.2,16.27,12.22,11.94,12.59,12.11,11.58,12.6,,,,,,,35.33,34.67,35.91,,,,,,,
2025-11-24,16.81,16.11,17.44,15.7,15.19,16.24,12.22,11.94,12.58,12.14,11.61,12.62,,,,,,,35.3,34.62,35.88,17.0,16.0,12.0,11.0,,,36.0
2025-11-25,16.83,16.13,17.47,15.7,15.17,16.22,12.21,11.94,12.57,12.17,11.64,12.67,,,,,,,35.26,34.54,35.85,,,,,,,
2025-11-26,16.85,16.15,17.48,15.69,15.16,16.21,12.21,11.93,12.56,12.2,11.67,12.71,,,,,,,35.23,34.5,35.83,,,,,,,
2025-11-27,16.86,16.17,17.5,15.68,15.14,16.2,12.2,11.93,12.55,12.23,11.7,12.74,,,,,,,35.19,34.44,35.81,,,,,,,
2025-11-28,16.88,16.19,17.51,15.67,15.13,16.19,12.2,11.93,12.55,12.26,11.74,12.77,,,,,,,35.16,34.41,35.78,,,,,,,
2025-11-29,16.9,16.21,17.52,15.67,15.12,16.17,12.19,11.93,12.55,12.29,11.77,12.78,,,,,,,35.13,34.38,35.76,,,,,,,
2025-11-30,16.91,16.23,17.53,15.66,15.12,16.15,12.18,11.92,12.54,12.32,11.8,12.81,,,,,,,35.09,34.35,35.74,,,,,,,
2025-12-01,16.93,16.25,17.54,15.66,15.12,16.14,12.18,11.92,12.54,12.35,11.84,12.85,,,,,,,35.06,34.32,35.72,18.0,16.0,12.0,12.0,,,35.0
2025-12-02,16.94,16.27,17.55,15.66,15.12,16.13,12.17,11.92,12.54,12.38,11.89,12.87,,,,,,,35.03,34.28,35.7,,,,,,,
2025-12-03,16.95,16.29,17.55,15.65,15.1,16.13,12.16,11.91,12.52,12.41,11.93,12.89,,,,,,,35.0,34.21,35.68,,,,,,,
2025-12-04,16.96,16.31,17.55,15.65,15.11,16.13,12.15,11.9,12.51,12.43,11.96,12.9,,,,,,,34.96,34.15,35.67,,,,,,,
2025-12-05,16.97,16.32,17.57,15.65,15.11,16.13,12.14,11.89,12.51,12.46,11.98,12.93,,,,,,,34.93,34.14,35.63,,,,,,,
2025-12-06,16.98,16.34,17.59,15.65,15.11,16.13,12.13,11.87,12.5,12.49,12.01,12.95,,,,,,,34.9,34.12,35.6,,,,,,,
2025-12-07,16.99,16.36,17.61,15.65,15.1,16.14,12.13,11.86,12.49,12.52,12.04,12.97,,,,,,,34.87,34.09,35.56,,,,,,,
2025-12-08,17.0,16.37,17.63,15.65,15.1,16.14,12.12,11.85,12.47,12.55,12.07,12.98,,,,,,,34.84,34.09,35.56,15.0,14.0,12.0,12.0,,,37.0
2025-12-09,17.01,16.39,17.64,15.65,15.1,16.13,12.11,11.84,12.46,12.58,12.09,13.01,,,,,,,34.81,34.08,35.57,,,,,,,
2025-12-10,17.01,16.4,17.63,15.65,15.1,16.13,12.1,11.83,12.45,12.61,12.12,13.04,,,,,,,34.79,34.06,35.55,,,,,,,
2025-12-11,17.02,16.41,17.63,15.65,15.09,16.13,12.09,11.81,12.45,12.64,12.15,13.06,,,,,,,34.76,34.01,35.54,,,,,,,
2025-12-12,17.02,16.4,17.62,15.66,15.08,16.14,12.08,11.79,12.44,12.67,12.18,13.08,,,,,,,34.73,34.0,35.52,,,,,,,
2025-12-13,17.02,16.39,17.63,15.66,15.07,16.14,12.07,11.78,12.42,12.7,12.21,13.12,,,,,,,34.71,33.99,35.5,,,,,,,
2025-12-14,17.03,16.39,17.65,15.66,15.05,16.16,12.06,11.77,12.39,12.73,12.24,13.18,,,,,,,34.68,33.95,35.5,,,,,,,
2025-12-15,17.03,16.39,17.65,15.67,15.05,16.16,12.05,11.76,12.39,12.76,12.27,13.2,,,,,,,34.66,33.91,35.48,15.0,15.0,13.0,12.0,,,37.0
2025-12-16,17.03,16.39,17.65,15.67,15.04,16.17,12.04,11.76,12.39,12.79,12.3,13.24,,,,,,,34.63,33.87,35.47,,,,,,,
2025-12-17,17.03,16.39,17.64,15.67,15.04,16.19,12.04,11.75,12.36,12.82,12.32,13.28,,,,,,,34.61,33.84,35.45,,,,,,,
2025-12-18,17.02,16.39,17.64,15.68,15.03,16.2,12.03,11.75,12.35,12.84,12.34,13.3,,,,,,,34.59,33.81,35.44,,,,,,,
2025-12-19,17.02,16.39,17.63,15.68,15.03,16.21,12.02,11.75,12.35,12.87,12.36,13.31,,,,,,,34.56,33.77,35.43,,,,,,,
2025-12-20,17.02,16.38,17.63,15.68,15.02,16.22,12.02,11.75,12.34,12.9,12.38,13.33,,,,,,,34.54,33.73,35.41,,,,,,,
2025-12-21,17.01,16.38,17.62,15.69,15.02,16.21,12.01,11.75,12.34,12.93,12.4,13.38,,,,,,,34.52,33.71,35.41,,,,,,,
2025-12-22,17.01,16.39,17.61,15.69,15.02,16.2,12.01,11.74,12.34,12.96,12.42,13.41,,,,,,,34.5,33.69,35.42,18.0,18.0,12.0,13.0,,,33.0
2025-12-23,17.01,16.39,17.61,15.69,15.02,16.21,12.0,11.74,12.34,12.98,12.45,13.46,,,,,,,34.48,33.67,35.43,,,,,,,
2025-12-24,17.0,16.39,17.6,15.69,15.0,16.21,12.0,11.74,12.33,13.01,12.48,13.51,,,,,,,34.46,33.65,35.43,,,,,,,
2025-12-25,17.0,16.38,17.59,15.69,15.0,16.21,11.99,11.74,12.32,13.04,12.5,13.56,,,,,,,34.44,33.61,35.42,,,,,,,
2025-12-26,16.99,16.38,17.58,15.69,14.99,16.21,11.99,11.73,12.32,13.07,12.53,13.6,,,,,,,34.42,33.57,35.42,,,,,,,
2025-12-27,16.99,16.37,17.58,15.69,14.97,16.22,11.99,11.72,12.31,13.1,12.57,13.63,,,,,,,34.4,33.53,35.44,,,,,,,
2025-12-28,16.98,16.37,17.56,15.69,14.96,16.22,11.99,11.71,12.31,13.13,12.57,13.66,,,,,,,34.37,33.49,35.44,,,,,,,
2025-12-29,16.98,16.37,17.55,15.69,14.95,16.22,11.99,11.7,12.32,13.15,12.59,13.71,,,,,,,34.35,33.44,35.42,,,,,,,
2025-12-30,16.98,16.35,17.55,15.69,14.94,16.21,11.98,11.69,12.32,13.18,12.64,13.75,,,,,,,34.33,33.41,35.41,,,,,,,
2025-12-31,16.97,16.33,17.55,15.68,14.92,16.2,11.98,11.69,12.32,13.21,12.65,13.78,,,,,,,34.31,33.4,35.4,,,,,,,
2026-01-01,16.97,16.31,17.55,15.68,14.91,16.19,11.98,11.67,12.32,13.24,12.66,13.86,,,,,,,34.29,33.4,35.4,,,,,,,
2026-01-02,16.97,16.29,17.55,15.68,14.9,16.17,11.98,11.66,12.33,13.27,12.69,13.93,,,,,,,34.27,33.39,35.4,,,,,,,
2026-01-03,16.96,16.28,17.54,15.67,14.89,16.17,11.98,11.65,12.32,13.3,12.71,13.95,,,,,,,34.25,33.39,35.38,,,,,,,
2026-01-04,16.96,16.28,17.55,15.67,14.87,16.16,11.97,11.64,12.32,13.33,12.72,13.98,,,,,,,34.22,33.38,35.35,,,,,,,
2026-01-05,16.95,16.28,17.56,15.66,14.85,16.16,11.97,11.65,12.32,13.37,12.74,14.01,,,,,,,34.2,33.38,35.35,19.0,14.0,13.0,12.0,,,35.0
2026-01-06,16.95,16.29,17.55,15.66,14.83,16.16,11.97,11.65,12.32,13.4,12.75,14.04,,,,,,,34.18,33.37,35.35,,,,,,,
2026-01-07,16.95,16.29,17.55,15.65,14.82,16.15,11.97,11.66,12.34,13.43,12.75,14.09,,,,,,,34.16,33.37,35.33,,,,,,,
2026-01-08,16.94,16.27,17.55,15.64,14.81,16.15,11.96,11.64,12.34,13.46,12.78,14.14,,,,,,,34.13,33.36,35.32,,,,,,,
2026-01-09,16.94,16.27,17.54,15.63,14.79,16.14,11.96,11.63,12.33,13.5,12.79,14.19,,,,,,,34.11,33.35,35.3,,,,,,,
2026-01-10,16.93,16.27,17.54,15.63,14.79,16.14,11.95,11.62,12.32,13.53,12.81,14.25,,,,,,,34.08,33.33,35.29,,,,,,,
2026-01-11,16.93,16.27,17.53,15.62,14.78,16.14,11.95,11.62,12.32,13.57,12.84,14.3,,,,,,,34.06,33.3,35.27,,,,,,,
2026-01-12,16.93,16.27,17.52,15.61,14.78,16.13,11.94,11.61,12.31,13.6,12.86,14.33,,,,,,,34.04,33.28,35.25,19.0,16.0,12.0,13.0,,,32.0
2026-01-13,16.92,16.26,17.52,15.6,14.78,16.13,11.94,11.61,12.31,13.64,12.88,14.36,,,,,,,34.01,33.23,35.23,,,,,,,
2026-01-14,16.92,16.26,17.51,15.59,14.78,16.12,11.93,11.61,12.32,13.67,12.9,14.41,,,,,,,33.98,33.18,35.22,,,,,,,
2026-01-15,16.92,16.26,17.5,15.58,14.78,16.1,11.92,11.6,12.32,13.71,12.92,14.47,,,,,,,33.96,33.16,35.22,,,,,,,
2026-01-16,16.92,16.25,17.49,15.57,14.78,16.09,11.92,11.58,12.32,13.74,12.94,14.51,,,,,,,33.93,33.15,35.21,,,,,,,
2026-01-17,16.91,16.25,17.51,15.56,14.77,16.09,11.91,11.57,12.31,13.78,12.97,14.55,,,,,,,33.9,33.14,35.17,,,,,,,
2026-01-18,16.91,16.25,17.52,15.55,14.75,16.09,11.9,11.56,12.31,13.82,13.02,14.6,,,,,,,33.87,33.1,35.13,,,,,,,
2026-01-19,16.91,16.25,17.51,15.54,14.74,16.08,11.89,11.56,12.3,13.85,13.06,14.65,,,,,,,33.84,33.05,35.11,18.0,17.0,11.0,14.0,,,31.0
2026-01-20,16.91,16.25,17.51,15.53,14.73,16.08,11.88,11.53,12.3,13.89,13.09,14.69,,,,,,,33.81,33.03,35.1,,,,,,,
2026-01-21,16.91,16.25,17.51,15.52,14.73,16.07,11.87,11.51,12.29,13.93,13.11,14.72,,,,,,,33.78,32.98,35.08,,,,,,,
2026-01-22,16.91,16.25,17.51,15.51,14.72,16.06,11.86,11.49,12.28,13.96,13.12,14.75,,,,,,,33.75,32.93,35.06,,,,,,,
2026-01-23,16.91,16.25,17.5,15.5,14.71,16.06,11.84,11.47,12.27,14.0,13.14,14.78,,,,,,,33.72,32.87,35.03,,,,,,,
2026-01-24,16.91,16.25,17.5,15.49,14.7,16.04,11.83,11.45,12.25,14.03,13.15,14.84,,,,,,,33.69,32.82,34.98,,,,,,,
2026-01-25,16.91,16.23,17.49,15.48,14.68,16.03,11.82,11.44,12.25,14.07,13.18,14.89,,,,,,,33.65,32.8,34.95,,,,,,,
2026-01-26,16.91,16.21,17.5,15.47,14.68,16.02,11.8,11.42,12.25,14.1,13.21,14.94,,,,,,,33.62,32.78,34.93,17.0,19.0,11.0,15.0,,,31.0
2026-01-27,16.92,16.2,17.51,15.45,14.69,16.01,11.79,11.41,12.23,14.14,13.23,14.97,,,,,,,33.59,32.74,34.9,,,,,,,
2026-01-28,16.92,16.18,17.51,15.44,14.67,16.01,11.77,11.4,12.22,14.17,13.27,14.99,,,,,,,33.56,32.7,34.88,,,,,,,
2026-01-29,16.92,16.15,17.51,15.43,14.65,16.0,11.76,11.38,12.22,14.2,13.31,15.02,,,,,,,33.53,32.66,34.82,,,,,,,
2026-01-30,16.93,16.18,17.52,15.42,14.62,15.99,11.74,11.37,12.21,14.24,13.34,15.05,,,,,,,33.49,32.62,34.79,,,,,,,
2026-01-31,16.93,16.17,17.53,15.4,14.6,15.98,11.72,11.36,12.18,14.27,13.38,15.08,,,,,,,33.46,32.59,34.72,,,,,,,
2026-02-01,16.93,16.16,17.54,15.39,14.59,15.97,11.7,11.34,12.16,14.3,13.4,15.11,,,,,,,33.43,32.55,34.7,,,,,,,
2026-02-02,16.94,16.17,17.57,15.38,14.58,15.96,11.69,11.33,12.14,14.33,13.43,15.14,,,,,,,33.4,32.51,34.69,16.0,15.0,13.0,15.0,,,31.0
2026-02-03,16.94,16.17,17.59,15.36,14.57,15.95,11.67,11.31,12.13,14.36,13.45,15.17,,,,,,,33.37,32.47,34.67,,,,,,,
2026-02-04,16.95,16.15,17.62,15.35,14.56,15.94,11.65,11.29,12.13,14.38,13.48,15.19,,,,,,,33.34,32.42,34.64,,,,,,,
2026-02-05,16.95,16.14,17.62,15.34,14.55,15.93,11.63,11.26,12.11,14.41,13.52,15.21,,,,,,,33.31,32.36,34.6,,,,,,,
2026-02-06,16.95,16.14,17.62,15.32,14.54,15.92,11.62,11.25,12.1,14.43,13.56,15.23,,,,,,,33.28,32.32,34.54,,,,,,,
2026-02-07,16.96,16.14,17.62,15.31,14.52,15.92,11.6,11.22,12.09,14.46,13.59,15.25,,,,,,,33.25,32.3,34.47,,,,,,,
2026-02-08,16.96,16.14,17.62,15.29,14.51,15.91,11.58,11.2,12.08,14.48,13.62,15.27,,,,,,,33.22,32.26,34.45,,,,,,,
2026-02-09,16.97,16.14,17.62,15.28,14.5,15.92,11.56,11.18,12.07,14.5,13.64,15.29,,,,,,,33.2,32.22,34.44,16.0,15.0,11.0,14.0,,,38.0
2026-02-10,16.97,16.14,17.66,15.26,14.49,15.9,11.54,11.15,12.07,14.52,13.66,15.31,,,,,,,33.17,32.18,34.41,,,,,,,
2026-02-11,16.97,16.14,17.69,15.25,14.49,15.89,11.53,11.14,12.05,14.54,13.67,15.34,,,,,,,33.15,32.15,34.37,,,,,,,
2026-02-12,16.97,16.15,17.7,15.23,14.48,15.87,11.51,11.12,12.02,14.56,13.68,15.37,,,,,,,33.13,32.12,34.34,,,,,,,
2026-02-13,16.98,16.15,17.7,15.22,14.47,15.86,11.49,11.11,12.0,14.57,13.69,15.4,,,,,,,33.11,32.1,34.33,,,,,,,
2026-02-14,16.98,16.15,17.7,15.2,14.47,15.85,11.47,11.1,11.99,14.59,13.7,15.42,,,,,,,33.09,32.08,34.31,,,,,,,
2026-02-15,16.98,16.15,17.68,15.19,14.46,15.83,11.45,11.08,11.98,14.6,13.71,15.42,,,,,,,33.07,32.07,34.29,,,,,,,
2026-02-16,16.98,16.16,17.69,15.17,14.46,15.82,11.44,11.07,11.97,14.61,13.72,15.42,,,,,,,33.05,32.07,34.27,16.0,15.0,11.0,16.0,,,34.0
2026-02-17,16.98,16.16,17.7,15.16,14.45,15.81,11.42,11.05,11.96,14.62,13.73,15.42,,,,,,,33.04,32.04,34.24,,,,,,,
2026-02-18,16.98,16.16,17.7,15.14,14.44,15.8,11.4,11.03,11.95,14.63,13.74,15.43,,,,,,,33.03,32.01,34.22,,,,,,,
2026-02-19,16.97,16.16,17.71,15.13,14.41,15.79,11.38,11.01,11.93,14.64,13.75,15.44,,,,,,,33.02,32.01,34.22,,,,,,,
2026-02-20,16.97,16.16,17.71,15.11,14.39,15.77,11.36,11.0,11.9,14.65,13.77,15.45,,,,,,,33.01,32.01,34.22,,,,,,,
2026-02-21,16.97,16.16,17.72,15.1,14.36,15.75,11.35,10.98,11.88,14.66,13.8,15.46,,,,,,,33.0,31.98,34.22,,,,,,,
2026-02-22,16.96,16.16,17.72,15.08,14.35,15.74,11.33,10.96,11.86,14.66,13.8,15.47,,,,,,,33.0,31.98,34.21,,,,,,,
2026-02-23,16.96,16.16,17.72,15.07,14.35,15.73,11.31,10.94,11.86,14.67,13.8,15.48,,,,,,,32.99,31.98,34.2,16.0,15.0,13.0,12.0,,,35.0
2026-02-24,16.95,16.16,17.71,15.05,14.33,15.73,11.3,10.92,11.83,14.67,13.8,15.48,,,,,,,32.99,31.98,34.2,,,,,,,
2026-02-25,16.94,16.15,17.71,15.04,14.31,15.73,11.28,10.91,11.81,14.67,13.81,15.49,,,,,,,33.0,31.97,34.19,,,,,,,
2026-02-26,16.93,16.13,17.72,15.02,14.29,15.73,11.26,10.88,11.8,14.67,13.82,15.46,,,,,,,33.0,31.96,34.19,,,,,,,
2026-02-27,16.92,16.11,17.72,15.0,14.27,15.72,11.25,10.85,11.79,14.67,13.82,15.44,,,,,,,33.01,31.98,34.2,,,,,,,
2026-02-28,16.91,16.09,17.7,14.99,14.25,15.72,11.23,10.82,11.76,14.67,13.83,15.43,,,,,,,33.02,32.01,34.21,,,,,,,
2026-03-01,16.9,16.07,17.69,14.97,14.23,15.72,11.21,10.8,11.73,14.67,13.84,15.43,,,,,,,33.03,32.02,34.21,,,,,,,
2026-03-02,16.89,16.04,17.69,14.95,14.22,15.72,11.19,10.77,11.72,14.67,13.83,15.43,,,,,,,33.04,32.05,34.2,16.0,12.0,13.0,19.0,,,34.0
2026-03-03,16.87,16.02,17.68,14.94,14.2,15.71,11.18,10.74,11.72,14.67,13.82,15.44,,,,,,,33.06,32.09,34.2,,,,,,,
2026-03-04,16.86,16.0,17.67,14.92,14.18,15.71,11.16,10.72,11.71,14.66,13.8,15.43,,,,,,,33.08,32.11,34.21,,,,,,,
2026-03-05,16.85,15.98,17.66,14.9,14.17,15.71,11.14,10.7,11.7,14.66,13.79,15.43,,,,,,,33.1,32.12,34.22,,,,,,,
2026-03-06,16.83,15.96,17.65,14.88,14.15,15.7,11.12,10.68,11.69,14.65,13.77,15.44,,,,,,,33.12,32.14,34.23,,,,,,,
2026-03-07,16.82,15.93,17.64,14.86,14.14,15.7,11.1,10.65,11.68,14.65,13.75,15.45,,,,,,,33.14,32.15,34.26,,,,,,,
2026-03-08,16.81,15.91,17.63,14.84,14.13,15.68,11.09,10.62,11.68,14.64,13.74,15.47,,,,,,,33.17,32.16,34.3,,,,,,,
2026-03-09,16.79,15.88,17.62,14.82,14.11,15.66,11.07,10.62,11.67,14.63,13.74,15.46,,,,,,,33.2,32.17,34.35,,,,,,,
2026-03-10,16.78,15.85,17.61,14.8,14.1,15.63,11.05,10.6,11.66,14.62,13.73,15.44,,,,,,,33.23,32.21,34.4,19.0,14.0,10.0,15.0,,,32.0
2026-03-11,16.76,15.85,17.6,14.78,14.08,15.61,11.03,10.58,11.65,14.62,13.73,15.42,,,,,,,33.26,32.26,34.5,,,,,,,
2026-03-12,16.75,15.83,17.58,14.76,14.07,15.58,11.01,10.56,11.63,14.61,13.72,15.41,,,,,,,33.29,32.31,34.57,,,,,,,
2026-03-13,16.74,15.81,17.58,14.73,14.05,15.55,10.99,10.54,11.6,14.6,13.72,15.4,,,,,,,33.32,32.34,34.57,,,,,,,
2026-03-14,16.72,15.79,17.58,14.71,14.04,15.53,10.97,10.51,11.6,14.59,13.72,15.4,,,,,,,33.35,32.37,34.59,,,,,,,
2026-03-15,16.71,15.78,17.58,14.69,14.0,15.51,10.95,10.49,11.59,14.58,13.72,15.39,,,,,,,33.39,32.4,34.63,,,,,,,
2026-03-16,16.69,15.76,17.57,14.66,13.96,15.51,10.93,10.46,11.58,14.56,13.73,15.4,,,,,,,33.42,32.41,34.65,13.0,15.0,10.0,17.0,,,35.0
2026-03-17,16.68,15.74,17.56,14.64,13.92,15.5,10.91,10.45,11.57,14.55,13.72,15.39,,,,,,,33.45,32.44,34.74,,,,,,,
2026-03-18,16.67,15.73,17.53,14.62,13.88,15.47,10.89,10.42,11.55,14.54,13.72,15.39,,,,,,,33.49,32.48,34.82,,,,,,,
2026-03-19,16.65,15.71,17.5,14.59,13.86,15.44,10.87,10.4,11.52,14.53,13.72,15.39,,,,,,,33.52,32.49,34.88,,,,,,,
2026-03-20,16.64,15.69,17.48,14.57,13.83,15.42,10.85,10.38,11.52,14.51,13.7,15.39,,,,,,,33.56,32.5,34.92,,,,,,,
2026-03-21,16.63,15.68,17.48,14.55,13.8,15.4,10.83,10.36,11.49,14.5,13.67,15.38,,,,,,,33.59,32.51,34.95,,,,,,,
2026-03-22,16.62,15.65,17.48,14.52,13.78,15.38,10.81,10.34,11.48,14.49,13.65,15.36,,,,,,,33.62,32.53,34.99,,,,,,,
2026-03-23,16.61,15.63,17.48,14.5,13.76,15.35,10.78,10.33,11.47,14.47,13.64,15.33,,,,,,,33.65,32.54,35.03,17.0,17.0,11.0,14.0,,,29.0
2026-03-24,16.6,15.63,17.47,14.48,13.73,15.32,10.76,10.3,11.46,14.46,13.64,15.33,,,,,,,33.69,32.55,35.09,,,,,,,
2026-03-25,16.59,15.63,17.46,14.46,13.71,15.3,10.74,10.28,11.45,14.44,13.63,15.33,,,,,,,33.72,32.56,35.14,,,,,,,
2026-03-26,16.58,15.63,17.45,14.44,13.69,15.28,10.72,10.26,11.43,14.43,13.62,15.32,,,,,,,33.74,32.57,35.19,,,,,,,
2026-03-27,16.57,15.62,17.44,14.42,13.68,15.24,10.7,10.22,11.41,14.41,13.62,15.32,,,,,,,33.77,32.58,35.19,,,,,,,
2026-03-28,16.56,15.62,17.44,14.4,13.68,15.24,10.68,10.19,11.39,14.39,13.61,15.31,,,,,,,33.8,32.59,35.19,,,,,,,
2026-03-29,16.56,15.62,17.43,14.38,13.68,15.22,10.66,10.18,11.38,14.38,13.59,15.3,,,,,,,33.82,32.6,35.22,,,,,,,
2026-03-30,16.55,15.62,17.42,14.37,13.67,15.21,10.64,10.16,11.37,14.36,13.59,15.27,,,,,,,33.85,32.6,35.25,20.0,14.0,10.0,15.0,,,31.0
2026-03-31,16.55,15.61,17.42,14.35,13.65,15.21,10.62,10.15,11.36,14.34,13.57,15.23,,,,,,,33.87,32.61,35.27,,,,,,,
2026-04-01,16.54,15.6,17.4,14.34,13.62,15.21,10.6,10.13,11.34,14.33,13.54,15.19,,,,,,,33.89,32.62,35.29,,,,,,,
2026-04-02,16.54,15.59,17.39,14.33,13.6,15.21,10.58,10.12,11.33,14.31,13.55,15.16,,,,,,,33.91,32.61,35.29,,,,,,,
2026-04-03,16.53,15.58,17.38,14.32,13.58,15.22,10.56,10.1,11.31,14.29,13.55,15.15,,,,,,,33.92,32.63,35.3,,,,,,,
2026-04-04,16.53,15.57,17.37,14.31,13.55,15.2,10.54,10.07,11.29,14.27,13.53,15.15,,,,,,,33.94,32.63,35.31,,,,,,,
2026-04-05,16.53,15.57,17.36,14.3,13.54,15.18,10.52,10.05,11.27,14.25,13.5,15.15,,,,,,,33.96,32.63,35.35,,,,,,,
2026-04-06,16.53,15.56,17.37,14.29,13.52,15.18,10.5,10.02,11.25,14.22,13.48,15.13,,,,,,,33.97,32.64,35.38,,,,,,,
2026-04-07,16.53,15.56,17.38,14.29,13.51,15.18,10.48,10.0,11.24,14.2,13.45,15.1,,,,,,,33.98,32.64,35.41,19.0,12.0,10.0,13.0,,,33.0
2026-04-08,16.53,15.56,17.4,14.28,13.5,15.21,10.47,9.99,11.23,14.18,13.42,15.06,,,,,,,33.99,32.64,35.44,,,,,,,
2026-04-09,16.54,15.59,17.42,14.28,13.49,15.24,10.45,9.97,11.22,14.15,13.38,15.04,,,,,,,34.01,32.64,35.46,,,,,,,
2026-04-10,16.54,15.61,17.44,14.28,13.48,15.25,10.43,9.96,11.21,14.12,13.37,15.01,,,,,,,34.02,32.62,35.49,,,,,,,
2026-04-11,16.54,15.62,17.44,14.28,13.48,15.24,10.41,9.95,11.19,14.1,13.36,14.97,,,,,,,34.03,32.59,35.52,,,,,,,
2026-04-12,16.55,15.62,17.43,14.28,13.47,15.23,10.39,9.94,11.16,14.07,13.34,14.9,,,,,,,34.04,32.57,35.57,,,,,,,
2026-04-13,16.56,15.63,17.42,14.28,13.47,15.23,10.38,9.94,11.14,14.04,13.32,14.87,,,,,,,34.05,32.54,35.61,18.0,15.0,10.0,14.0,,,31.0
2026-04-14,16.56,15.65,17.41,14.28,13.47,15.22,10.36,9.93,11.13,14.01,13.28,14.84,,,,,,,34.06,32.54,35.66,,,,,,,
2026-04-15,16.57,15.67,17.42,14.28,13.46,15.23,10.34,9.92,11.1,13.98,13.25,14.76,,,,,,,34.07,32.55,35.69,,,,,,,
2026-04-16,16.58,15.67,17.46,14.28,13.46,15.22,10.33,9.91,11.08,13.95,13.22,14.72,,,,,,,34.07,32.56,35.69,,,,,,,
2026-04-17,16.59,15.67,17.47,14.29,13.46,15.23,10.31,9.89,11.05,13.91,13.19,14.7,,,,,,,34.08,32.57,35.69,,,,,,,
2026-04-18,16.6,15.68,17.47,14.29,13.45,15.24,10.29,9.88,11.02,13.88,13.15,14.68,,,,,,,34.09,32.59,35.69,,,,,,,
2026-04-19,16.61,15.7,17.47,14.3,13.45,15.25,10.28,9.87,10.99,13.84,13.11,14.65,,,,,,,34.1,32.6,35.7,,,,,,,
2026-04-20,16.62,15.72,17.48,14.31,13.45,15.26,10.26,9.85,10.97,13.81,13.1,14.61,,,,,,,34.11,32.62,35.7,15.0,14.0,13.0,13.0,,,34.0
2026-04-21,16.63,15.74,17.48,14.31,13.46,15.25,10.25,9.84,10.95,13.77,13.06,14.55,,,,,,,34.13,32.63,35.7,,,,,,,
2026-04-22,16.65,15.76,17.48,14.32,13.46,15.26,10.23,9.83,10.93,13.74,13.04,14.49,,,,,,,34.14,32.65,35.7,,,,,,,
2026-04-23,16.66,15.76,17.48,14.33,13.47,15.27,10.22,9.81,10.91,13.7,13.03,14.45,,,,,,,34.15,32.69,35.71,,,,,,,
2026-04-24,16.67,15.77,17.48,14.33,13.49,15.28,10.2,9.79,10.89,13.67,13.0,14.41,,,,,,,34.16,32.73,35.71,,,,,,,
2026-04-25,16.68,15.8,17.49,14.34,13.51,15.28,10.19,9.77,10.87,13.63,12.99,14.38,,,,,,,34.17,32.77,35.72,,,,,,,
2026-04-26,16.7,15.83,17.52,14.35,13.54,15.28,10.17,9.75,10.85,13.59,12.95,14.37,,,,,,,34.19,32.78,35.73,,,,,,,
2026-04-27,16.71,15.86,17.54,14.36,13.55,15.3,10.16,9.73,10.82,13.56,12.91,14.33,,,,,,,34.2,32.79,35.76,16.0,18.0,8.0,13.0,,,36.0
2026-04-28,16.72,15.88,17.58,14.37,13.55,15.32,10.15,9.71,10.8,13.52,12.88,14.29,,,,,,,34.22,32.8,35.78,,,,,,,
2026-04-29,16.73,15.88,17.61,14.38,13.57,15.33,10.13,9.69,10.78,13.48,12.84,14.26,,,,,,,34.24,32.81,35.81,,,,,,,
2026-04-30,16.75,15.89,17.65,14.39,13.58,15.34,10.12,9.67,10.78,13.45,12.78,14.2,,,,,,,34.25,32.83,35.83,,,,,,,
2026-05-01,16.76,15.9,17.69,14.4,13.58,15.33,10.11,9.66,10.77,13.41,12.73,14.16,,,,,,,34.27,32.85,35.85,,,,,,,
2026-05-02,16.77,15.9,17.73,14.41,13.59,15.34,10.09,9.63,10.77,13.38,12.67,14.14,,,,,,,34.29,32.88,35.88,,,,,,,
2026-05-03,16.78,15.93,17.76,14.42,13.59,15.36,10.08,9.62,10.76,13.34,12.6,14.14,,,,,,,34.31,32.91,35.9,,,,,,,
2026-05-04,16.79,15.97,17.75,14.42,13.6,15.37,10.07,9.6,10.75,13.31,12.53,14.13,,,,,,,34.33,32.91,35.89,,,,,,,
2026-05-05,16.81,15.98,17.74,14.43,13.61,15.38,10.06,9.57,10.74,13.27,12.48,14.12,,,,,,,34.35,32.91,35.88,14.0,13.0,11.0,13.0,,,37.0
2026-05-06,16.82,15.99,17.73,14.44,13.61,15.39,10.04,9.55,10.73,13.24,12.43,14.12,,,,,,,34.37,32.92,35.86,,,,,,,
2026-05-07,16.83,16.01,17.72,14.45,13.62,15.4,10.03,9.53,10.73,13.21,12.39,14.1,,,,,,,34.39,32.94,35.86,,,,,,,
2026-05-08,16.84,16.04,17.73,14.46,13.64,15.41,10.02,9.52,10.73,13.18,12.34,14.07,,,,,,,34.41,32.96,35.85,,,,,,,
2026-05-09,16.85,16.06,17.72,14.47,13.65,15.41,10.01,9.51,10.72,13.15,12.3,14.06,,,,,,,34.43,32.98,35.84,,,,,,,
2026-05-10,16.85,16.08,17.74,14.47,13.66,15.42,10.0,9.5,10.7,13.11,12.26,14.03,,,,,,,34.45,33.0,35.83,,,,,,,
2026-05-11,16.86,16.11,17.78,14.48,13.68,15.43,9.99,9.49,10.69,13.08,12.23,14.01,,,,,,,34.48,33.03,35.81,15.0,11.0,8.0,13.0,,,42.0
2026-05-12,16.87,16.13,17.79,14.49,13.68,15.44,9.98,9.47,10.68,13.06,12.22,13.98,,,,,,,34.5,33.04,35.82,,,,,,,
2026-05-13,16.88,16.14,17.8,14.49,13.69,15.44,9.97,9.46,10.68,13.03,12.17,13.95,,,,,,,34.52,33.07,35.85,,,,,,,
2026-05-14,16.89,16.16,17.8,14.5,13.7,15.45,9.96,9.44,10.67,13.0,12.1,13.93,,,,,,,34.55,33.1,35.88,,,,,,,
2026-05-15,16.89,16.17,17.8,14.51,13.71,15.47,9.95,9.42,10.66,12.97,12.06,13.93,,,,,,,34.57,33.12,35.88,,,,,,,
2026-05-16,16.9,16.17,17.81,14.51,13.69,15.49,9.95,9.42,10.66,12.95,12.03,13.91,,,,,,,34.6,33.13,35.87,,,,,,,
2026-05-17,16.9,16.17,17.83,14.52,13.66,15.51,9.94,9.4,10.65,12.93,11.99,13.88,,,,,,,34.62,33.15,35.88,,,,,,,
2026-05-18,16.91,16.16,17.85,14.52,13.67,15.53,9.93,9.39,10.65,12.9,11.94,13.87,,,,,,,34.65,33.17,35.9,16.0,13.0,9.0,13.0,,,37.0
2026-05-19,16.91,16.16,17.87,14.53,13.67,15.54,9.92,9.38,10.65,12.88,11.92,13.86,,,,,,,34.67,33.19,35.93,,,,,,,
2026-05-20,16.92,16.17,17.89,14.53,13.68,15.54,9.91,9.36,10.64,12.86,11.89,13.85,,,,,,,34.7,33.21,35.92,,,,,,,
2026-05-21,16.92,16.18,17.9,14.53,13.68,15.54,9.9,9.34,10.63,12.84,11.86,13.85,,,,,,,34.72,33.23,35.91,,,,,,,
2026-05-22,16.93,16.19,17.92,14.54,13.69,15.54,9.89,9.32,10.62,12.82,11.84,13.84,,,,,,,34.74,33.25,35.91,,,,,,,
2026-05-23,16.93,16.19,17.94,14.54,13.68,15.54,9.89,9.31,10.62,12.8,11.81,13.84,,,,,,,34.77,33.27,35.92,,,,,,,
2026-05-24,16.94,16.19,17.95,14.55,13.68,15.54,9.88,9.3,10.61,12.78,11.78,13.83,,,,,,,34.79,33.29,35.93,,,,,,,
2026-05-25,16.94,16.19,17.95,14.55,13.68,15.54,9.87,9.28,10.61,12.76,11.74,13.83,,,,,,,34.81,33.31,35.94,,,,,,,
2026-05-26,16.94,16.19,17.95,14.56,13.68,15.54,9.86,9.27,10.61,12.75,11.71,13.82,,,,,,,34.84,33.33,35.94,17.0,15.0,11.0,13.0,,,32.0
2026-05-27,16.95,16.19,17.96,14.56,13.69,15.54,9.85,9.26,10.61,12.73,11.68,13.82,,,,,,,34.86,33.35,35.95,,,,,,,
2026-05-28,16.95,16.19,17.96,14.56,13.69,15.54,9.84,9.25,10.61,12.72,11.65,13.82,,,,,,,34.88,33.4,35.96,,,,,,,
2026-05-29,16.95,16.19,17.96,14.57,13.7,15.54,9.83,9.25,10.61,12.7,11.62,13.81,,,,,,,34.9,33.44,35.96,,,,,,,
2026-05-30,16.95,16.19,17.96,14.57,13.7,15.55,9.83,9.23,10.61,12.69,11.6,13.81,,,,,,,34.92,33.46,35.99,,,,,,,
2026-05-31,16.96,16.2,17.96,14.58,13.71,15.56,9.82,9.21,10.6,12.67,11.59,13.8,,,,,,,34.93,33.47,36.02,,,,,,,
2026-06-01,16.96,16.2,17.96,14.59,13.7,15.57,9.81,9.19,10.59,12.66,11.58,13.8,,,,,,,34.95,33.48,36.06,16.0,13.0,10.0,17.0,,,32.0
2026-06-02,16.96,16.19,17.98,14.59,13.7,15.58,9.8,9.18,10.58,12.65,11.57,13.79,,,,,,,34.97,33.48,36.1,,,,,,,
2026-06-03,16.97,16.18,18.0,14.6,13.69,15.57,9.8,9.17,10.58,12.64,11.54,13.79,,,,,,,34.98,33.5,36.11,,,,,,,
2026-06-04,16.97,16.17,18.01,14.6,13.69,15.56,9.79,9.16,10.56,12.63,11.5,13.8,,,,,,,34.99,33.51,36.13,,,,,,,
2026-06-05,16.98,16.16,18.0,14.61,13.69,15.57,9.78,9.15,10.55,12.61,11.48,13.8,,,,,,,35.0,33.52,36.14,,,,,,,
2026-06-06,16.98,16.15,18.0,14.62,13.69,15.56,9.77,9.13,10.54,12.6,11.46,13.81,,,,,,,35.01,33.52,36.17,,,,,,,
2026-06-07,16.99,16.15,17.99,14.62,13.69,15.55,9.77,9.1,10.53,12.59,11.45,13.82,,,,,,,35.02,33.52,36.19,,,,,,,
2026-06-08,17.0,16.15,17.99,14.63,13.69,15.54,9.76,9.09,10.52,12.58,11.44,13.83,,,,,,,35.02,33.53,36.2,16.0,19.0,11.0,10.0,,,34.0
2026-06-09,17.01,16.15,17.99,14.64,13.69,15.53,9.75,9.07,10.51,12.57,11.42,13.83,,,,,,,35.03,33.52,36.21,,,,,,,
2026-06-10,17.02,16.16,18.0,14.65,13.69,15.54,9.75,9.06,10.51,12.56,11.4,13.84,,,,,,,35.03,33.5,36.22,,,,,,,
2026-06-11,17.03,16.16,18.0,14.65,13.7,15.55,9.74,9.04,10.49,12.55,11.36,13.85,,,,,,,35.03,33.49,36.22,,,,,,,
2026-06-12,17.04,16.17,18.01,14.66,13.72,15.57,9.74,9.03,10.48,12.54,11.33,13.86,,,,,,,35.03,33.49,36.22,,,,,,,
2026-06-13,17.05,16.18,18.02,14.67,13.72,15.59,9.73,9.02,10.47,12.53,11.29,13.87,,,,,,,35.03,33.49,36.23,,,,,,,
2026-06-14,17.07,16.19,18.04,14.68,13.71,15.61,9.73,9.0,10.46,12.52,11.26,13.87,,,,,,,35.02,33.48,36.23,,,,,,,
2026-06-15,17.08,16.19,18.06,14.69,13.72,15.63,9.72,8.99,10.45,12.51,11.23,13.88,,,,,,,35.02,33.48,36.22,19.0,14.0,9.0,14.0,,,33.0
2026-06-16,17.1,16.21,18.08,14.7,13.73,15.66,9.72,8.98,10.44,12.5,11.22,13.89,,,,,,,35.01,33.47,36.22,,,,,,,
2026-06-17,17.12,16.23,18.1,14.7,13.74,15.68,9.71,8.96,10.43,12.49,11.19,13.9,,,,,,,35.0,33.47,36.22,21.0,15.0,11.0,7.0,3.0,3.0,36.0
2026-06-18,17.14,16.23,18.13,14.71,13.75,15.7,9.71,8.94,10.42,12.48,11.13,13.91,,,,,,,34.99,33.46,36.21,,,,,,,
2026-06-19,17.16,16.24,18.16,14.72,13.76,15.72,9.7,8.93,10.41,12.47,11.12,13.92,,,,,,,34.98,33.46,36.2,,,,,,,
2026-06-20,17.18,16.25,18.2,14.73,13.77,15.73,9.7,8.92,10.42,12.46,11.11,13.93,,,,,,,34.97,33.45,36.19,,,,,,,
2026-06-21,17.2,16.27,18.23,14.74,13.79,15.73,9.69,8.91,10.43,12.45,11.09,13.93,,,,,,,34.95,33.42,36.18,,,,,,,
2026-06-22,17.23,16.3,18.26,14.75,13.8,15.74,9.69,8.9,10.42,12.44,11.06,13.94,,,,,,,34.93,33.39,36.16,17.0,15.0,10.0,12.0,,,36.0
2026-06-23,17.25,16.33,18.27,14.76,13.82,15.74,9.69,8.89,10.41,12.43,11.02,13.95,,,,,,,34.92,33.39,36.14,,,,,,,
2026-06-24,17.28,16.35,18.28,14.78,13.84,15.74,9.69,8.88,10.39,12.42,10.99,13.96,,,,,,,34.9,33.38,36.13,,,,,,,
2026-06-25,17.31,16.37,18.31,14.79,13.84,15.75,9.68,8.87,10.38,12.4,10.96,13.97,,,,,,,34.88,33.38,36.1,,,,,,,
2026-06-26,17.33,16.39,18.34,14.8,13.84,15.75,9.68,8.87,10.4,12.39,10.93,13.98,,,,,,,34.85,33.37,36.06,,,,,,,
2026-06-27,17.36,16.41,18.37,14.81,13.86,15.76,9.68,8.86,10.41,12.38,10.92,13.99,,,,,,,34.83,33.37,36.02,,,,,,,
2026-06-28,17.39,16.44,18.41,14.83,13.88,15.77,9.68,8.86,10.39,12.36,10.9,14.0,,,,,,,34.81,33.37,36.0,,,,,,,
2026-06-29,17.42,16.46,18.45,14.84,13.88,15.8,9.67,8.85,10.38,12.35,10.88,14.0,,,,,,,34.78,33.36,35.97,19.0,16.0,7.0,13.0,,,34.0