date,Con,Con (low),Con (high),Lab,Lab (low),Lab (high),LDem,LDem (low),LDem (high),Grn,Grn (low),Grn (high),Reform,Reform (low),Reform (high),Con (poll),Lab (poll),LDem (poll),Grn (poll),Reform (poll)
2024-07-26,18.5,18.0,19.0,41.0,40.0,42.0,6.5,6.0,7.0,7.0,5.0,9.0,20.0,20.0,20.0,19.0,40.0,6.0,5.0,20.0
2024-07-27,18.5,18.0,19.0,41.0,40.0,42.0,6.5,6.0,7.0,7.0,5.0,9.0,20.0,20.0,20.0,,,,,
2024-07-28,18.5,18.0,19.0,41.0,40.0,42.0,6.5,6.0,7.0,7.0,5.0,9.0,20.0,20.0,20.0,,,,,
2024-07-29,18.5,18.0,19.0,41.0,40.0,42.0,6.5,6.0,7.0,7.0,5.0,9.0,20.0,20.0,20.0,,,,,
2024-07-30,18.5,18.0,19.0,41.0,40.0,42.0,6.5,6.0,7.0,7.0,5.0,9.0,20.0,20.0,20.0,18.0,42.0,7.0,9.0,20.0
2024-07-31,18.5,18.0,19.0,41.0,40.0,42.0,6.5,6.0,7.0,7.0,5.0,9.0,20.0,20.0,20.0,,,,,
2024-08-01,18.5,18.0,19.0,41.0,40.0,42.0,6.5,6.0,7.0,7.0,5.0,9.0,20.0,20.0,20.0,,,,,
2024-08-02,18.5,18.0,19.0,41.0,40.0,42.0,6.5,6.0,7.0,7.0,5.0,9.0,20.0,20.0,20.0,,,,,
2024-08-03,18.5,18.0,19.0,41.0,40.0,42.0,6.5,6.0,7.0,7.01,5.0,9.0,20.0,20.0,20.0,,,,,
2024-08-04,18.5,18.0,19.0,41.0,40.0,42.0,6.5,6.0,7.0,7.01,5.0,9.0,20.0,20.0,20.0,,,,,
2024-08-05,18.5,18.0,19.0,41.01,40.0,42.0,6.5,6.0,7.0,7.01,5.0,9.0,20.0,20.0,20.0,,,,,
2024-08-06,18.5,18.0,19.0,41.01,40.0,42.0,6.5,6.0,7.0,7.01,5.0,9.0,20.0,20.0,20.0,,,,,
2024-08-07,18.5,18.0,19.0,41.01,40.0,42.0,6.5,6.0,7.0,7.02,5.0,9.0,20.0,20.0,20.0,,,,,
2024-08-08,18.49,18.0,19.0,41.01,40.0,42.0,6.51,6.0,7.0,7.02,5.0,9.0,20.0,20.0,20.0,,,,,
2024-08-09,18.49,18.0,19.0,41.01,40.0,42.0,6.51,6.0,7.0,7.02,5.0,9.0,20.0,20.0,20.0,,,,,
2024-08-10,18.5,18.01,19.02,41.01,39.99,41.99,6.51,6.0,7.0,7.03,5.0,9.0,20.0,20.0,20.0,,,,,
2024-08-11,18.5,18.03,19.07,41.01,39.95,41.98,6.51,6.0,7.01,7.03,5.0,9.0,20.0,20.0,20.0,,,,,
2024-08-12,18.52,18.06,19.16,41.0,39.9,41.95,6.51,6.0,7.02,7.04,5.01,8.99,20.0,20.0,20.0,,,,,
2024-08-13,18.54,18.11,19.3,40.98,39.81,41.91,6.52,6.01,7.04,7.05,5.01,8.99,20.0,20.0,20.0,,,,,
2024-08-14,18.58,18.18,19.48,40.96,39.7,41.86,6.53,6.01,7.06,7.06,5.02,8.98,20.0,20.0,20.0,,,,,
2024-08-15,18.62,18.0,27.0,40.93,35.0,42.0,6.54,6.0,8.0,7.07,5.0,9.0,20.0,20.0,20.0,,,,,
2024-08-16,18.68,18.0,26.99,40.89,35.01,42.0,6.55,6.0,8.0,7.08,5.0,9.0,20.0,20.0,20.0,,,,,
2024-08-17,18.75,18.01,26.97,40.85,35.06,42.0,6.56,6.0,8.0,7.1,5.0,9.0,20.0,20.0,20.0,,,,,
2024-08-18,18.84,18.02,26.93,40.79,35.15,41.99,6.58,6.01,8.0,7.11,5.01,8.99,20.0,20.0,20.0,,,,,
2024-08-19,18.95,18.05,26.87,40.72,35.26,41.98,6.6,6.03,8.0,7.13,5.02,8.98,20.0,20.0,20.0,,,,,
2024-08-20,19.07,18.1,26.81,40.64,35.38,41.96,6.63,6.06,8.0,7.14,5.03,8.96,20.0,20.0,20.0,,,,,
2024-08-21,19.21,18.16,26.75,40.56,35.5,41.93,6.66,6.1,8.0,7.16,5.05,8.93,20.0,20.0,20.0,,,,,
2024-08-22,19.37,18.24,26.69,40.46,35.61,41.9,6.69,6.14,8.0,7.18,5.07,8.9,20.0,20.0,20.0,,,,,
2024-08-23,19.55,18.32,26.64,40.35,35.72,41.85,6.73,6.18,8.0,7.19,5.1,8.85,20.0,20.0,20.0,,,,,
2024-08-24,19.75,18.35,26.59,40.24,35.82,41.8,6.76,6.22,8.0,7.21,5.14,8.8,20.0,20.0,20.0,,,,,
2024-08-25,19.95,18.42,26.54,40.12,35.91,41.74,6.81,6.26,8.0,7.22,5.18,8.74,20.0,20.0,20.0,,,,,
2024-08-26,20.18,18.54,26.5,39.99,36.0,41.66,6.85,6.31,8.0,7.23,5.23,8.66,20.0,20.0,20.0,,,,,
2024-08-27,20.41,18.63,26.46,39.86,36.08,41.59,6.9,6.37,8.0,7.24,5.28,8.6,20.0,20.0,20.0,,,,,
2024-08-28,20.66,18.62,26.43,39.72,36.15,41.5,6.95,6.39,8.0,7.25,5.33,8.57,20.0,20.0,20.0,,,,,
2024-08-29,20.91,18.63,26.39,39.58,36.21,41.42,7.0,6.46,8.0,7.26,5.38,8.54,20.0,20.0,20.0,,,,,
2024-08-30,21.18,18.71,26.36,39.44,36.27,41.39,7.05,6.55,8.0,7.27,5.43,8.5,20.0,20.0,20.0,,,,,
2024-08-31,21.45,18.8,26.34,39.29,36.32,41.36,7.11,6.6,8.0,7.27,5.48,8.44,20.0,20.0,20.0,,,,,
2024-09-01,21.72,18.91,26.31,39.15,36.37,41.32,7.16,6.64,8.0,7.28,5.53,8.44,20.0,20.0,20.0,,,,,
2024-09-02,21.99,19.0,26.29,39.0,36.42,41.23,7.22,6.68,8.0,7.28,5.58,8.41,20.0,20.0,20.0,,,,,
2024-09-03,22.27,19.0,26.27,38.85,36.46,41.13,7.27,6.73,8.0,7.28,5.62,8.39,20.0,20.0,20.0,,,,,
2024-09-04,22.55,19.0,26.25,38.7,36.5,41.02,7.33,6.77,8.0,7.28,5.67,8.36,20.0,20.0,20.0,,,,,
2024-09-05,22.83,18.26,26.23,38.56,36.54,41.48,7.39,6.83,8.0,7.28,5.63,8.47,20.0,20.0,20.0,,,,,
2024-09-06,23.1,18.26,26.21,38.41,36.53,41.49,7.44,6.89,8.0,7.28,5.68,8.44,20.0,20.0,20.0,,,,,
2024-09-07,23.38,18.26,26.2,38.27,36.37,41.5,7.49,6.96,8.0,7.27,5.72,8.42,20.0,20.0,20.0,,,,,
2024-09-08,23.65,18.27,26.18,38.13,36.22,41.51,7.55,7.01,8.0,7.27,5.76,8.4,20.0,19.99,20.0,,,,,
2024-09-09,23.91,18.4,26.17,38.0,36.07,41.51,7.6,7.02,8.0,7.26,5.8,8.37,20.0,19.98,20.0,,,,,
2024-09-10,24.17,18.66,26.16,37.87,35.98,41.51,7.65,7.04,8.0,7.25,5.84,8.35,19.99,19.96,20.0,,,,,
2024-09-11,24.41,18.93,26.14,37.75,35.9,41.46,7.7,7.07,8.0,7.24,5.88,8.31,19.99,19.94,20.0,,,,,
2024-09-12,24.65,19.19,26.13,37.64,35.84,41.23,7.74,7.12,8.0,7.22,5.92,8.28,19.98,19.9,20.0,,,,,
2024-09-13,24.87,19.74,26.17,37.54,35.81,40.93,7.79,7.18,8.0,7.21,5.96,8.2,19.98,19.85,20.0,,,,,
2024-09-14,25.07,20.43,26.33,37.46,35.73,40.75,7.83,7.26,8.0,7.19,6.02,8.19,19.97,19.79,20.0,,,,,
2024-09-15,25.26,21.21,26.43,37.38,35.66,40.53,7.86,7.35,8.0,7.18,6.1,8.15,19.96,19.72,20.0,,,,,
2024-09-16,25.42,22.03,26.52,37.32,35.6,40.23,7.89,7.45,8.0,7.16,6.12,8.1,19.95,19.62,20.0,,,,,
2024-09-17,25.56,22.72,26.59,37.27,35.56,40.02,7.92,7.55,8.0,7.14,6.13,8.06,19.94,19.52,20.0,,,,,
2024-09-18,25.68,23.29,26.64,37.23,35.53,39.88,7.94,7.65,8.0,7.13,6.13,8.04,19.93,19.41,20.0,,,,,
2024-09-19,25.78,23.94,26.69,37.21,35.49,39.62,7.96,7.78,8.0,7.11,6.1,8.04,19.92,19.31,20.0,,,,,
2024-09-20,25.86,24.45,26.76,37.2,35.44,39.45,7.97,7.84,8.0,7.09,6.08,8.03,19.9,19.21,20.0,,,,,
2024-09-21,25.92,24.7,26.79,37.19,35.4,39.3,7.98,7.9,8.0,7.08,6.05,8.02,19.89,19.13,20.0,,,,,
2024-09-22,25.97,24.84,26.81,37.2,35.27,39.16,7.99,7.95,8.01,7.06,6.04,8.01,19.88,19.08,20.0,,,,,
2024-09-23,25.99,24.91,26.85,37.21,35.16,39.08,8.0,7.97,8.01,7.05,6.03,8.01,19.86,19.04,20.0,,,,,
2024-09-24,26.01,24.96,26.89,37.23,35.08,39.02,8.01,7.99,8.04,7.05,6.03,8.0,19.85,19.02,20.0,,,,,
2024-09-25,26.02,25.0,26.93,37.25,35.05,39.01,8.02,8.0,8.08,7.04,6.04,8.0,19.84,19.01,20.0,,,,,
2024-09-26,26.02,25.02,26.97,37.27,35.03,39.0,8.03,8.0,8.12,7.04,6.05,8.0,19.82,19.0,20.0,,,,,
2024-09-27,26.02,25.02,26.97,37.29,35.03,39.0,8.04,8.0,8.17,7.04,6.07,8.0,19.81,19.0,20.0,,,,,
2024-09-28,26.02,25.05,26.96,37.31,35.03,39.0,8.05,8.0,8.22,7.04,6.08,8.0,19.79,19.0,20.0,,,,,
2024-09-29,26.02,25.04,26.95,37.32,35.05,39.0,8.06,8.0,8.27,7.05,6.08,8.0,19.78,19.0,20.0,,,,,
2024-09-30,26.01,25.05,26.94,37.34,35.06,39.0,8.07,8.0,8.31,7.05,6.09,8.0,19.76,19.0,20.0,,,,,
2024-10-01,26.01,25.06,26.93,37.35,35.07,39.0,8.09,8.0,8.36,7.05,6.11,8.0,19.75,19.0,20.0,,,,,
2024-10-02,26.01,25.07,26.92,37.36,35.08,39.0,8.1,8.0,8.4,7.06,6.14,8.0,19.73,19.01,20.0,,,,,
2024-10-03,26.01,25.09,26.91,37.37,35.1,38.99,8.12,8.0,8.44,7.07,6.16,7.99,19.72,19.01,20.0,,,,,
2024-10-04,26.0,25.1,26.89,37.37,35.12,38.98,8.14,8.0,8.48,7.07,6.19,7.99,19.71,19.02,20.0,,,,,
2024-10-05,26.0,25.12,26.87,37.38,35.14,38.97,8.15,8.0,8.52,7.08,6.22,7.98,19.69,19.03,20.0,,,,,
2024-10-06,26.0,25.14,26.85,37.38,35.17,38.96,8.17,8.0,8.57,7.09,6.25,7.97,19.68,19.04,20.0,,,,,
2024-10-07,26.0,25.15,26.83,37.38,35.19,38.95,8.19,8.0,8.61,7.09,6.26,7.96,19.67,19.06,20.0,27.0,35.0,8.0,8.0,20.0
2024-10-08,26.0,25.19,26.81,37.38,35.23,38.94,8.2,8.0,8.65,7.1,6.29,7.95,19.66,19.07,20.0,,,,,
2024-10-09,26.0,25.21,26.79,37.37,35.26,38.92,8.22,8.0,8.7,7.11,6.32,7.93,19.65,19.09,20.0,,,,,
2024-10-10,26.0,25.24,26.77,37.37,35.31,38.9,8.23,8.0,8.73,7.12,6.34,7.92,19.64,19.12,20.01,,,,,
2024-10-11,25.99,25.26,26.75,37.36,35.35,38.87,8.25,8.0,8.76,7.13,6.36,7.9,19.64,19.15,20.02,,,,,
2024-10-12,25.99,25.29,26.73,37.35,35.41,38.82,8.26,8.0,8.78,7.14,6.39,7.89,19.64,19.2,20.03,,,,,
2024-10-13,25.98,25.26,26.68,37.33,35.45,38.76,8.27,8.0,8.8,7.15,6.43,7.88,19.64,19.25,20.05,,,,,
2024-10-14,25.97,25.28,26.65,37.31,35.48,38.71,8.29,8.0,8.8,7.16,6.45,7.87,19.65,19.26,20.07,25.0,39.0,8.0,6.0,20.0
2024-10-15,25.95,25.3,26.61,37.29,35.52,38.65,8.3,8.0,8.8,7.17,6.47,7.86,19.66,19.28,20.09,,,,,
2024-10-16,25.94,25.26,26.58,37.27,35.55,38.6,8.31,8.0,8.81,7.18,6.48,7.85,19.67,19.29,20.12,,,,,
2024-10-17,25.92,25.23,26.56,37.25,35.58,38.54,8.32,8.0,8.82,7.19,6.49,7.85,19.68,19.32,20.15,,,,,
2024-10-18,25.9,25.22,26.56,37.22,35.5,38.48,8.32,8.0,8.82,7.2,6.51,7.84,19.7,19.32,20.19,,,,,
2024-10-19,25.88,25.19,26.54,37.2,35.52,38.4,8.33,8.0,8.84,7.22,6.53,7.85,19.72,19.33,20.23,,,,,
2024-10-20,25.86,25.13,26.5,37.17,35.54,38.32,8.34,8.0,8.84,7.23,6.54,7.86,19.74,19.34,20.3,,,,,
2024-10-21,25.84,25.08,26.5,37.14,35.58,38.24,8.34,8.0,8.86,7.24,6.58,7.88,19.76,19.34,20.35,,,,,
2024-10-22,25.81,25.02,26.47,37.11,35.53,38.22,8.35,8.0,8.87,7.25,6.59,7.88,19.78,19.34,20.42,,,,,
2024-10-23,25.79,24.97,26.46,37.09,35.49,38.21,8.35,8.0,8.88,7.27,6.6,7.88,19.8,19.34,20.52,,,,,
2024-10-24,25.76,24.96,26.48,37.06,35.45,38.23,8.36,8.0,8.88,7.28,6.62,7.91,19.83,19.34,20.58,,,,,
2024-10-25,25.74,24.94,26.46,37.03,35.44,38.24,8.36,8.0,8.87,7.29,6.64,7.91,19.85,19.36,20.63,,,,,
2024-10-26,25.71,24.92,26.44,37.0,35.44,38.16,8.36,8.0,8.87,7.3,6.66,7.92,19.88,19.37,20.67,,,,,
2024-10-27,25.68,24.86,26.42,36.98,35.43,38.1,8.37,7.99,8.87,7.32,6.68,7.92,19.9,19.37,20.73,,,,,
2024-10-28,25.66,24.8,26.4,36.95,35.42,38.06,8.37,7.99,8.88,7.33,6.7,7.92,19.93,19.38,20.79,,,,,
2024-10-29,25.63,24.74,26.39,36.93,35.35,38.01,8.36,7.97,8.88,7.34,6.72,7.92,19.96,19.38,20.86,,,,,
2024-10-30,25.6,24.69,26.38,36.9,35.37,37.98,8.36,7.96,8.88,7.36,6.73,7.93,19.99,19.38,20.93,,,,,
2024-10-31,25.57,24.66,26.35,36.88,35.37,37.96,8.36,7.93,8.88,7.37,6.73,7.93,20.03,19.38,21.0,,,,,
2024-11-01,25.53,24.64,26.32,36.86,35.33,37.95,8.35,7.91,8.89,7.39,6.77,7.95,20.06,19.39,21.06,,,,,
2024-11-02,25.5,24.61,26.28,36.84,35.36,37.96,8.34,7.87,8.89,7.4,6.8,7.98,20.1,19.4,21.12,,,,,
2024-11-03,25.47,24.58,26.24,36.82,35.3,37.96,8.33,7.83,8.9,7.42,6.81,8.0,20.13,19.41,21.16,,,,,
2024-11-04,25.43,24.54,26.2,36.81,35.35,37.95,8.32,7.79,8.91,7.44,6.82,8.03,20.17,19.42,21.23,26.0,39.0,8.0,7.0,19.0
2024-11-05,25.39,24.49,26.18,36.79,35.42,37.94,8.31,7.74,8.9,7.45,6.84,8.04,20.21,19.41,21.29,,,,,
2024-11-06,25.35,24.44,26.15,36.78,35.44,37.97,8.3,7.69,8.9,7.47,6.86,8.05,20.25,19.4,21.34,,,,,
2024-11-07,25.31,24.34,26.12,36.78,35.46,37.97,8.28,7.64,8.9,7.49,6.88,8.08,20.29,19.44,21.39,,,,,
2024-11-08,25.26,24.25,26.06,36.77,35.47,38.0,8.27,7.58,8.88,7.5,6.92,8.1,20.34,19.46,21.52,,,,,
2024-11-09,25.21,24.19,26.02,36.77,35.5,38.04,8.25,7.53,8.89,7.52,6.96,8.1,20.38,19.46,21.58,,,,,
2024-11-10,25.17,24.13,25.99,36.77,35.56,38.03,8.23,7.48,8.9,7.54,6.95,8.1,20.43,19.46,21.67,,,,,
2024-11-11,25.11,24.1,25.96,36.77,35.52,38.03,8.21,7.42,8.89,7.55,6.97,8.12,20.47,19.45,21.77,,,,,
2024-11-12,25.06,24.05,25.92,36.78,35.54,38.11,8.2,7.37,8.89,7.57,6.99,8.15,20.52,19.45,21.87,,,,,
2024-11-13,25.01,23.98,25.88,36.78,35.57,38.14,8.18,7.32,8.9,7.59,7.0,8.18,20.57,19.46,21.96,,,,,
2024-11-14,24.96,23.9,25.85,36.79,35.59,38.16,8.16,7.26,8.9,7.6,7.01,8.2,20.61,19.49,22.05,,,,,
2024-11-15,24.9,23.81,25.83,36.8,35.61,38.19,8.14,7.2,8.9,7.62,7.06,8.2,20.66,19.5,22.08,,,,,
2024-11-16,24.85,23.71,25.79,36.81,35.59,38.21,8.12,7.15,8.89,7.63,7.09,8.2,20.71,19.52,22.15,,,,,
2024-11-17,24.79,23.62,25.76,36.82,35.58,38.24,8.1,7.11,8.89,7.65,7.09,8.2,20.75,19.54,22.22,,,,,
2024-11-18,24.73,23.54,25.73,36.83,35.55,38.26,8.09,7.06,8.89,7.67,7.08,8.23,20.8,19.55,22.29,26.0,36.0,10.0,8.0,19.0
2024-11-19,24.67,23.48,25.69,36.84,35.52,38.28,8.07,7.02,8.91,7.68,7.07,8.22,20.85,19.56,22.36,,,,,
2024-11-20,24.61,23.4,25.65,36.85,35.54,38.31,8.06,6.98,8.9,7.7,7.06,8.22,20.91,19.57,22.43,,,,,
2024-11-21,24.55,23.34,25.61,36.85,35.58,38.33,8.05,6.96,8.91,7.71,7.06,8.28,20.96,19.61,22.49,,,,,
2024-11-22,24.48,23.24,25.57,36.86,35.6,38.31,8.04,6.93,8.93,7.73,7.05,8.31,21.02,19.67,22.56,,,,,
2024-11-23,24.41,23.16,25.51,36.86,35.49,38.35,8.03,6.91,8.93,7.75,7.04,8.32,21.08,19.74,22.61,,,,,
2024-11-24,24.34,23.02,25.46,36.87,35.53,38.38,8.02,6.9,8.93,7.76,7.06,8.32,21.14,19.83,22.66,,,,,
2024-11-25,24.26,22.88,25.39,36.87,35.54,38.4,8.02,6.9,8.94,7.78,7.09,8.35,21.2,19.92,22.79,,,,,
2024-11-26,24.19,22.7,25.33,36.86,35.51,38.42,8.02,6.9,8.95,7.79,7.09,8.38,21.27,20.0,22.93,,,,,
2024-11-27,24.11,22.58,25.26,36.85,35.48,38.39,8.03,6.89,9.0,7.81,7.1,8.38,21.34,20.07,23.08,,,,,
2024-11-28,24.02,22.49,25.18,36.84,35.45,38.37,8.04,6.9,9.03,7.83,7.13,8.44,21.41,20.12,23.16,26.0,37.0,8.0,7.0,20.0
2024-11-29,23.93,22.43,25.12,36.82,35.41,38.35,8.05,6.92,9.06,7.85,7.17,8.47,21.49,20.19,23.25,,,,,
2024-11-30,23.84,22.37,25.04,36.8,35.37,38.33,8.06,6.95,9.08,7.87,7.22,8.49,21.57,20.25,23.33,,,,,
2024-12-01,23.75,22.23,24.98,36.78,35.31,38.26,8.08,6.97,9.12,7.89,7.26,8.51,21.66,20.32,23.46,,,,,
2024-12-02,23.64,22.1,24.91,36.75,35.25,38.22,8.1,7.0,9.16,7.91,7.29,8.52,21.75,20.41,23.55,,,,,
2024-12-03,23.54,22.02,24.85,36.72,35.16,38.1,8.12,7.01,9.19,7.93,7.32,8.57,21.84,20.5,23.69,,,,,
2024-12-04,23.43,21.89,24.75,36.69,35.09,38.04,8.15,7.07,9.23,7.95,7.35,8.59,21.94,20.64,23.77,,,,,
2024-12-05,23.32,21.72,24.65,36.65,35.02,38.01,8.17,7.14,9.27,7.98,7.37,8.63,22.04,20.72,23.97,,,,,
2024-12-06,23.2,21.61,24.56,36.61,34.99,38.0,8.2,7.24,9.28,8.0,7.42,8.64,22.14,20.82,24.1,22.0,33.0,8.0,9.0,24.0
2024-12-07,23.08,21.46,24.42,36.57,34.96,38.0,8.23,7.3,9.32,8.02,7.46,8.65,22.25,20.94,24.23,,,,,
2024-12-08,22.95,21.31,24.28,36.54,34.89,37.99,8.26,7.32,9.38,8.05,7.49,8.7,22.36,21.03,24.36,,,,,
2024-12-09,22.83,21.14,24.16,36.5,34.88,37.95,8.29,7.34,9.42,8.07,7.52,8.74,22.47,21.15,24.47,,,,,
2024-12-10,22.69,20.99,24.1,36.46,34.88,37.91,8.32,7.38,9.45,8.09,7.55,8.75,22.58,21.26,24.58,,,,,
2024-12-11,22.56,20.83,24.0,36.42,34.89,37.9,8.36,7.39,9.47,8.12,7.57,8.78,22.69,21.37,24.64,,,,,
2024-12-12,22.42,20.67,23.85,36.38,34.89,37.88,8.39,7.42,9.51,8.14,7.59,8.8,22.81,21.51,24.68,,,,,
2024-12-13,22.27,20.52,23.74,36.34,34.87,37.85,8.42,7.48,9.53,8.16,7.6,8.83,22.93,21.67,24.73,,,,,
2024-12-14,22.12,20.36,23.62,36.29,34.84,37.8,8.46,7.52,9.61,8.19,7.64,8.83,23.05,21.76,24.79,,,,,
2024-12-15,21.97,20.15,23.54,36.25,34.82,37.77,8.49,7.55,9.64,8.21,7.65,8.83,23.18,21.85,24.85,,,,,
2024-12-16,21.82,19.97,23.43,36.2,34.8,37.71,8.52,7.57,9.69,8.24,7.65,8.84,23.31,22.0,25.05,,,,,
2024-12-17,21.66,19.83,23.26,36.16,34.79,37.65,8.55,7.58,9.73,8.26,7.68,8.85,23.44,22.18,25.13,,,,,
2024-12-18,21.51,19.65,23.08,36.11,34.76,37.59,8.58,7.6,9.76,8.29,7.73,8.85,23.58,22.28,25.24,,,,,
2024-12-19,21.35,19.45,22.86,36.06,34.73,37.53,8.61,7.62,9.79,8.31,7.77,8.87,23.72,22.47,25.4,,,,,
2024-12-20,21.19,19.33,22.69,36.01,34.7,37.45,8.64,7.63,9.81,8.34,7.82,8.9,23.86,22.56,25.48,,,,,
2024-12-21,21.03,19.19,22.43,35.96,34.69,37.39,8.66,7.65,9.82,8.36,7.86,8.92,24.0,22.67,25.59,,,,,
2024-12-22,20.88,19.07,22.27,35.9,34.66,37.31,8.69,7.66,9.81,8.38,7.9,8.94,24.14,22.89,25.73,,,,,
2024-12-23,20.73,18.94,22.14,35.85,34.6,37.23,8.71,7.68,9.81,8.41,7.93,8.95,24.28,23.0,25.86,23.0,38.0,5.0,9.0,24.0
2024-12-24,20.58,18.82,22.02,35.79,34.59,37.12,8.73,7.72,9.82,8.43,7.94,8.99,24.42,23.14,25.99,,,,,
2024-12-25,20.43,18.69,21.9,35.74,34.56,37.06,8.76,7.75,9.83,8.45,7.97,9.0,24.56,23.31,26.1,,,,,
2024-12-26,20.29,18.58,21.77,35.68,34.51,36.97,8.78,7.78,9.84,8.47,7.99,9.01,24.7,23.49,26.23,,,,,
2024-12-27,20.15,18.51,21.64,35.62,34.4,36.86,8.8,7.8,9.84,8.49,8.01,9.02,24.84,23.62,26.35,,,,,
2024-12-28,20.02,18.43,21.52,35.56,34.3,36.76,8.82,7.83,9.84,8.5,8.03,9.02,24.98,23.75,26.46,,,,,
2024-12-29,19.88,18.29,21.4,35.5,34.2,36.71,8.84,7.86,9.83,8.52,8.06,9.03,25.12,23.94,26.58,,,,,
2024-12-30,19.76,18.17,21.29,35.44,34.11,36.65,8.86,7.9,9.84,8.54,8.1,9.04,25.26,24.01,26.69,21.0,40.0,8.0,7.0,22.0
2024-12-31,19.64,18.01,21.14,35.38,34.03,36.58,8.88,7.96,9.85,8.55,8.13,9.06,25.39,24.1,26.77,,,,,
2025-01-01,19.52,17.9,21.02,35.32,33.95,36.55,8.9,8.02,9.85,8.57,8.15,9.06,25.52,24.25,26.86,,,,,
2025-01-02,19.41,17.78,20.89,35.25,33.88,36.5,8.91,8.04,9.83,8.58,8.17,9.07,25.65,24.48,26.98,,,,,
2025-01-03,19.3,17.65,20.77,35.19,33.79,36.4,8.93,8.04,9.82,8.6,8.18,9.07,25.78,24.62,27.07,,,,,
2025-01-04,19.19,17.61,20.64,35.12,33.75,36.31,8.95,8.06,9.8,8.61,8.2,9.06,25.91,24.74,27.17,,,,,
2025-01-05,19.09,17.57,20.5,35.06,33.71,36.21,8.97,8.1,9.79,8.62,8.21,9.06,26.03,24.84,27.29,,,,,
2025-01-06,18.99,17.52,20.37,34.99,33.6,36.13,8.99,8.14,9.79,8.64,8.25,9.07,26.15,24.91,27.41,,,,,
2025-01-07,18.9,17.46,20.27,34.92,33.49,36.06,9.01,8.19,9.8,8.65,8.27,9.08,26.27,24.98,27.53,,,,,
2025-01-08,18.81,17.35,20.18,34.86,33.4,36.05,9.02,8.23,9.83,8.67,8.28,9.08,26.38,25.1,27.64,,,,,
2025-01-09,18.73,17.31,20.04,34.79,33.33,35.99,9.04,8.27,9.85,8.68,8.31,9.07,26.49,25.26,27.72,,,,,
2025-01-10,18.65,17.26,19.95,34.73,33.26,35.95,9.06,8.3,9.84,8.7,8.32,9.07,26.6,25.42,27.79,,,,,
2025-01-11,18.57,17.23,19.86,34.66,33.2,35.89,9.08,8.32,9.84,8.71,8.33,9.08,26.7,25.56,27.86,,,,,
2025-01-12,18.5,17.21,19.79,34.6,33.14,35.88,9.1,8.35,9.84,8.73,8.34,9.13,26.8,25.7,27.93,,,,,
2025-01-13,18.43,17.17,19.69,34.53,33.08,35.83,9.12,8.39,9.84,8.74,8.35,9.14,26.9,25.8,28.0,18.0,35.0,11.0,8.0,27.0
2025-01-14,18.37,17.12,19.59,34.47,33.03,35.77,9.13,8.41,9.84,8.76,8.36,9.15,26.99,25.91,28.1,,,,,
2025-01-15,18.31,17.08,19.5,34.4,32.98,35.69,9.15,8.44,9.84,8.77,8.37,9.15,27.07,26.01,28.19,,,,,
2025-01-16,18.25,17.05,19.41,34.34,32.96,35.6,9.17,8.47,9.85,8.79,8.38,9.16,27.16,26.05,28.25,,,,,
2025-01-17,18.2,17.02,19.32,34.27,32.94,35.51,9.19,8.5,9.86,8.8,8.39,9.16,27.24,26.15,28.32,,,,,
2025-01-18,18.14,17.0,19.24,34.21,32.9,35.42,9.21,8.52,9.88,8.82,8.41,9.18,27.31,26.2,28.41,,,,,
2025-01-19,18.1,16.97,19.15,34.15,32.81,35.33,9.23,8.55,9.88,8.84,8.43,9.2,27.39,26.26,28.46,,,,,
2025-01-20,18.05,16.94,19.09,34.08,32.78,35.28,9.25,8.58,9.89,8.85,8.46,9.22,27.46,26.33,28.51,18.0,31.0,12.0,10.0,27.0
2025-01-21,18.0,16.92,19.01,34.02,32.75,35.23,9.27,8.61,9.9,8.87,8.48,9.24,27.53,26.38,28.58,,,,,
2025-01-22,17.96,16.89,18.96,33.96,32.72,35.18,9.29,8.65,9.9,8.88,8.49,9.26,27.59,26.49,28.65,,,,,
2025-01-23,17.92,16.87,18.9,33.9,32.69,35.12,9.31,8.69,9.91,8.9,8.52,9.27,27.65,26.56,28.7,20.0,36.0,9.0,9.0,25.0
2025-01-24,17.89,16.86,18.84,33.83,32.67,35.04,9.33,8.73,9.91,8.91,8.54,9.28,27.71,26.62,28.73,,,,,
2025-01-25,17.85,16.86,18.77,33.77,32.65,34.97,9.35,8.76,9.92,8.93,8.56,9.29,27.77,26.68,28.79,,,,,
2025-01-26,17.82,16.85,18.7,33.71,32.63,34.88,9.37,8.79,9.92,8.94,8.58,9.31,27.82,26.73,28.82,,,,,
2025-01-27,17.79,16.83,18.65,33.65,32.61,34.8,9.39,8.82,9.93,8.95,8.59,9.32,27.88,26.78,28.85,14.0,37.0,9.0,9.0,28.0
2025-01-28,17.76,16.81,18.59,33.59,32.59,34.71,9.41,8.85,9.95,8.97,8.6,9.33,27.93,26.84,28.87,,,,,
2025-01-29,17.73,16.79,18.54,33.53,32.57,34.64,9.42,8.88,9.98,8.98,8.62,9.35,27.98,26.9,28.91,,,,,
2025-01-30,17.7,16.78,18.49,33.47,32.54,34.54,9.44,8.91,10.0,9.0,8.63,9.35,28.03,26.96,28.94,,,,,
2025-01-31,17.68,16.78,18.44,33.41,32.49,34.45,9.46,8.94,9.99,9.01,8.65,9.37,28.08,27.03,28.98,,,,,
2025-02-01,17.65,16.78,18.39,33.35,32.44,34.36,9.47,8.97,10.01,9.03,8.66,9.39,28.13,27.1,29.03,,,,,
2025-02-02,17.63,16.76,18.35,33.3,32.4,34.31,9.49,8.99,10.01,9.04,8.68,9.4,28.18,27.17,29.07,,,,,
2025-02-03,17.6,16.74,18.31,33.24,32.36,34.25,9.5,9.01,9.99,9.06,8.69,9.42,28.22,27.23,29.09,14.0,35.0,10.0,9.0,28.0
2025-02-04,17.58,16.73,18.27,33.18,32.32,34.18,9.51,9.04,9.98,9.08,8.71,9.43,28.27,27.31,29.11,,,,,
2025-02-05,17.56,16.74,18.24,33.12,32.28,34.13,9.52,9.06,9.99,9.09,8.72,9.44,28.31,27.37,29.15,,,,,
2025-02-06,17.54,16.74,18.21,33.07,32.24,34.08,9.53,9.07,9.98,9.11,8.74,9.45,28.35,27.43,29.17,,,,,
2025-02-07,17.52,16.74,18.19,33.01,32.19,34.02,9.54,9.09,9.99,9.13,8.76,9.47,28.39,27.46,29.2,19.0,36.0,8.0,8.0,26.0
2025-02-08,17.51,16.75,18.15,32.96,32.15,33.97,9.55,9.1,9.98,9.15,8.78,9.48,28.43,27.51,29.23,18.0,32.0,9.0,9.0,29.0
2025-02-09,17.49,16.76,18.13,32.91,32.11,33.91,9.55,9.12,9.97,9.17,8.8,9.51,28.47,27.53,29.25,,,,,
2025-02-10,17.47,16.76,18.11,32.86,32.07,33.84,9.56,9.13,9.96,9.18,8.82,9.53,28.5,27.56,29.27,18.0,30.0,9.0,9.0,31.0
2025-02-11,17.46,16.77,18.08,32.81,32.04,33.78,9.56,9.13,9.95,9.2,8.84,9.55,28.54,27.62,29.29,,,,,
2025-02-12,17.45,16.77,18.06,32.76,32.02,33.74,9.57,9.13,9.96,9.22,8.87,9.57,28.57,27.68,29.31,,,,,
2025-02-13,17.44,16.77,18.03,32.72,31.99,33.7,9.57,9.14,9.94,9.24,8.88,9.59,28.6,27.71,29.32,,,,,
2025-02-14,17.43,16.77,18.01,32.67,31.94,33.62,9.57,9.15,9.94,9.26,8.89,9.61,28.63,27.75,29.33,,,,,
2025-02-15,17.42,16.77,17.99,32.63,31.89,33.57,9.57,9.15,9.94,9.28,8.9,9.63,28.65,27.77,29.34,,,,,
2025-02-16,17.41,16.77,17.98,32.59,31.88,33.52,9.57,9.17,9.95,9.29,8.91,9.65,28.68,27.8,29.36,,,,,
2025-02-17,17.41,16.79,17.97,32.55,31.83,33.47,9.57,9.16,9.97,9.31,8.93,9.68,28.7,27.83,29.38,18.0,30.0,11.0,8.0,32.0
2025-02-18,17.4,16.79,17.96,32.51,31.79,33.42,9.57,9.17,9.96,9.33,8.94,9.71,28.72,27.85,29.4,,,,,
2025-02-19,17.4,16.8,17.92,32.47,31.77,33.36,9.57,9.17,9.95,9.35,8.95,9.74,28.73,27.87,29.41,17.0,32.0,9.0,9.0,30.0
2025-02-20,17.4,16.82,17.92,32.43,31.75,33.31,9.58,9.19,9.94,9.36,8.96,9.76,28.75,27.89,29.42,,,,,
2025-02-21,17.39,16.82,17.91,32.4,31.71,33.25,9.58,9.2,9.94,9.38,8.98,9.79,28.77,27.92,29.42,,,,,
2025-02-22,17.39,16.83,17.91,32.36,31.68,33.19,9.58,9.2,9.94,9.39,9.0,9.8,28.78,27.92,29.42,,,,,
2025-02-23,17.39,16.83,17.9,32.33,31.67,33.13,9.58,9.19,9.94,9.41,9.01,9.82,28.79,27.94,29.42,,,,,
2025-02-24,17.39,16.84,17.89,32.29,31.65,33.07,9.58,9.2,9.96,9.43,9.03,9.84,28.8,27.96,29.42,16.0,29.0,10.0,11.0,31.0
2025-02-25,17.39,16.85,17.88,32.26,31.63,33.02,9.59,9.22,9.95,9.44,9.05,9.85,28.81,27.98,29.42,,,,,
2025-02-26,17.39,16.88,17.87,32.22,31.61,32.96,9.59,9.22,9.96,9.46,9.07,9.88,28.82,28.0,29.45,,,,,
2025-02-27,17.39,16.88,17.86,32.19,31.59,32.91,9.6,9.23,9.97,9.47,9.08,9.89,28.83,28.02,29.46,,,,,
2025-02-28,17.4,16.89,17.86,32.15,31.57,32.88,9.6,9.23,9.98,9.49,9.09,9.91,28.83,28.04,29.45,,,,,
2025-03-01,17.4,16.93,17.85,32.11,31.55,32.83,9.61,9.24,10.0,9.5,9.1,9.93,28.84,28.05,29.44,,,,,
2025-03-02,17.4,16.96,17.85,32.08,31.53,32.77,9.62,9.24,10.02,9.52,9.1,9.96,28.85,28.07,29.46,,,,,
2025-03-03,17.41,16.98,17.84,32.04,31.5,32.72,9.63,9.24,10.04,9.53,9.11,9.98,28.86,28.1,29.47,18.0,33.0,8.0,11.0,29.0
2025-03-04,17.41,16.99,17.84,32.0,31.48,32.66,9.64,9.24,10.07,9.54,9.11,10.0,28.86,28.09,29.48,,,,,
2025-03-05,17.42,17.02,17.83,31.96,31.45,32.6,9.65,9.25,10.09,9.56,9.12,10.01,28.87,28.09,29.48,,,,,
2025-03-06,17.42,17.04,17.83,31.92,31.43,32.54,9.66,9.25,10.1,9.57,9.14,10.03,28.88,28.08,29.49,,,,,
2025-03-07,17.43,17.07,17.83,31.88,31.4,32.48,9.68,9.26,10.11,9.59,9.16,10.04,28.88,28.08,29.49,,,,,
2025-03-08,17.44,17.09,17.82,31.84,31.36,32.42,9.69,9.27,10.12,9.6,9.18,10.04,28.89,28.07,29.49,,,,,
2025-03-09,17.45,17.1,17.81,31.8,31.33,32.35,9.71,9.27,10.13,9.61,9.19,10.05,28.9,28.09,29.48,,,,,
2025-03-10,17.46,17.12,17.81,31.76,31.3,32.3,9.72,9.28,10.14,9.62,9.2,10.06,28.9,28.13,29.49,18.0,31.0,11.0,10.0,26.0
2025-03-11,17.47,17.13,17.82,31.71,31.28,32.24,9.74,9.29,10.16,9.64,9.21,10.07,28.91,28.16,29.5,17.0,32.0,10.0,9.0,30.0
2025-03-12,17.47,17.15,17.82,31.67,31.21,32.19,9.76,9.3,10.2,9.65,9.22,10.09,28.91,28.21,29.5,,,,,
2025-03-13,17.48,17.16,17.83,31.63,31.17,32.14,9.78,9.32,10.24,9.66,9.23,10.11,28.92,28.22,29.5,,,,,
2025-03-14,17.49,17.18,17.84,31.59,31.13,32.09,9.8,9.35,10.27,9.67,9.25,10.11,28.93,28.22,29.53,,,,,
2025-03-15,17.5,17.19,17.83,31.54,31.09,32.04,9.83,9.37,10.29,9.68,9.26,10.13,28.93,28.22,29.55,,,,,
2025-03-16,17.5,17.2,17.83,31.5,31.05,31.97,9.85,9.38,10.32,9.7,9.27,10.14,28.94,28.24,29.57,,,,,
2025-03-17,17.51,17.21,17.83,31.46,31.01,31.91,9.87,9.41,10.34,9.71,9.27,10.16,28.95,28.26,29.58,17.0,32.0,10.0,8.0,30.0
2025-03-18,17.51,17.21,17.84,31.42,30.99,31.86,9.9,9.45,10.37,9.72,9.28,10.17,28.95,28.26,29.6,,,,,
2025-03-19,17.52,17.22,17.84,31.38,30.94,31.81,9.92,9.46,10.39,9.73,9.29,10.19,28.96,28.26,29.62,,,,,
2025-03-20,17.52,17.22,17.84,31.34,30.9,31.76,9.95,9.48,10.41,9.74,9.31,10.2,28.97,28.26,29.64,,,,,
2025-03-21,17.52,17.21,17.84,31.3,30.86,31.73,9.97,9.51,10.43,9.75,9.32,10.21,28.97,28.26,29.64,19.0,33.0,9.0,9.0,30.0
2025-03-22,17.52,17.2,17.84,31.27,30.81,31.71,9.99,9.52,10.45,9.77,9.32,10.23,28.98,28.26,29.65,,,,,
2025-03-23,17.52,17.2,17.84,31.23,30.76,31.67,10.02,9.54,10.49,9.78,9.32,10.26,28.99,28.26,29.65,,,,,
2025-03-24,17.52,17.18,17.85,31.2,30.73,31.64,10.04,9.55,10.53,9.79,9.33,10.28,29.0,28.27,29.65,17.5,31.0,9.0,10.5,29.0
2025-03-25,17.51,17.19,17.86,31.16,30.69,31.61,10.07,9.56,10.57,9.8,9.34,10.3,29.01,28.3,29.66,,,,,
2025-03-26,17.51,17.17,17.86,31.13,30.66,31.59,10.09,9.58,10.59,9.81,9.36,10.3,29.02,28.33,29.66,,,,,
2025-03-27,17.5,17.15,17.86,31.1,30.62,31.55,10.11,9.6,10.61,9.82,9.38,10.31,29.03,28.37,29.66,,,,,
2025-03-28,17.49,17.13,17.85,31.07,30.58,31.52,10.14,9.62,10.63,9.83,9.38,10.33,29.04,28.41,29.65,,,,,
2025-03-29,17.47,17.12,17.83,31.04,30.54,31.49,10.16,9.64,10.66,9.84,9.39,10.35,29.05,28.4,29.66,,,,,
2025-03-30,17.46,17.11,17.82,31.01,30.5,31.46,10.18,9.64,10.7,9.85,9.4,10.36,29.06,28.4,29.69,,,,,
2025-03-31,17.44,17.07,17.81,30.98,30.46,31.44,10.21,9.65,10.73,9.86,9.41,10.38,29.08,28.4,29.7,18.0,31.0,9.0,13.0,26.0
2025-04-01,17.43,17.04,17.82,30.95,30.41,31.41,10.23,9.67,10.76,9.86,9.42,10.4,29.09,28.45,29.72,,,,,
2025-04-02,17.41,17.0,17.81,30.92,30.37,31.38,10.25,9.69,10.79,9.87,9.43,10.41,29.11,28.47,29.76,,,,,
2025-04-03,17.39,16.96,17.81,30.89,30.34,31.37,10.28,9.71,10.81,9.88,9.44,10.43,29.13,28.49,29.8,,,,,
2025-04-04,17.37,16.93,17.8,30.86,30.3,31.35,10.3,9.74,10.84,9.89,9.44,10.44,29.15,28.49,29.85,,,,,
2025-04-05,17.35,16.89,17.79,30.83,30.26,31.33,10.32,9.74,10.87,9.9,9.44,10.45,29.17,28.47,29.89,,,,,
2025-04-06,17.33,16.87,17.78,30.8,30.23,31.32,10.34,9.76,10.9,9.9,9.46,10.45,29.2,28.46,29.93,,,,,
2025-04-07,17.31,16.84,17.78,30.77,30.2,31.3,10.37,9.78,10.94,9.91,9.47,10.46,29.22,28.44,29.97,16.0,32.0,13.0,9.0,27.0
2025-04-08,17.28,16.8,17.78,30.73,30.15,31.28,10.39,9.78,10.97,9.92,9.47,10.47,29.25,28.43,30.0,,,,,
2025-04-09,17.26,16.76,17.76,30.69,30.11,31.25,10.41,9.77,11.0,9.92,9.48,10.48,29.28,28.43,30.03,,,,,
2025-04-10,17.24,16.73,17.74,30.65,30.04,31.22,10.44,9.78,11.03,9.93,9.48,10.48,29.31,28.47,30.07,,,,,
2025-04-11,17.21,16.7,17.72,30.61,30.01,31.2,10.46,9.8,11.07,9.94,9.5,10.48,29.34,28.5,30.12,,,,,
2025-04-12,17.19,16.67,17.7,30.57,29.94,31.17,10.49,9.82,11.1,9.95,9.51,10.48,29.37,28.51,30.16,,,,,
2025-04-13,17.16,16.63,17.69,30.53,29.89,31.14,10.51,9.84,11.13,9.95,9.53,10.48,29.41,28.53,30.21,,,,,
2025-04-14,17.13,16.6,17.68,30.49,29.84,31.11,10.54,9.86,11.15,9.96,9.55,10.48,29.45,28.55,30.25,17.0,31.0,11.0,10.0,28.0
2025-04-15,17.1,16.57,17.67,30.44,29.79,31.08,10.56,9.88,11.18,9.97,9.56,10.47,29.49,28.56,30.3,,,,,
2025-04-16,17.08,16.54,17.65,30.39,29.74,31.05,10.59,9.91,11.21,9.98,9.56,10.47,29.53,28.59,30.34,18.0,31.0,11.0,10.0,27.0
2025-04-17,17.05,16.5,17.63,30.35,29.7,31.01,10.61,9.93,11.24,9.99,9.57,10.47,29.57,28.61,30.39,,,,,
2025-04-18,17.02,16.46,17.62,30.3,29.65,30.98,10.64,9.96,11.27,10.0,9.59,10.47,29.61,28.64,30.43,,,,,
2025-04-19,16.98,16.41,17.6,30.25,29.6,30.95,10.67,9.99,11.3,10.0,9.6,10.47,29.66,28.68,30.47,,,,,
2025-04-20,16.95,16.37,17.58,30.2,29.56,30.92,10.69,10.01,11.32,10.01,9.61,10.47,29.71,28.72,30.52,,,,,
2025-04-21,16.92,16.32,17.55,30.16,29.5,30.88,10.72,10.03,11.34,10.02,9.62,10.47,29.75,28.75,30.6,,,,,
2025-04-22,16.88,16.28,17.53,30.11,29.46,30.84,10.75,10.05,11.36,10.03,9.64,10.47,29.8,28.78,30.68,19.0,29.0,11.0,9.0,30.0
2025-04-23,16.85,16.23,17.5,30.06,29.42,30.8,10.77,10.06,11.39,10.04,9.65,10.47,29.85,28.84,30.76,,,,,
2025-04-24,16.81,16.19,17.48,30.01,29.38,30.77,10.8,10.08,11.41,10.05,9.66,10.48,29.9,28.88,30.81,,,,,
2025-04-25,16.77,16.15,17.45,29.96,29.34,30.74,10.83,10.09,11.43,10.06,9.67,10.48,29.95,28.9,30.85,19.0,32.0,9.0,9.0,30.0
2025-04-26,16.74,16.11,17.42,29.91,29.29,30.7,10.86,10.1,11.47,10.07,9.68,10.48,30.0,28.93,30.9,,,,,
2025-04-27,16.7,16.06,17.39,29.86,29.24,30.65,10.88,10.12,11.49,10.08,9.7,10.48,30.05,29.04,30.94,,,,,
2025-04-28,16.66,16.02,17.36,29.81,29.19,30.62,10.91,10.15,11.51,10.09,9.71,10.5,30.11,29.09,30.98,18.0,29.0,11.0,9.0,31.0
2025-04-29,16.62,15.97,17.33,29.77,29.15,30.58,10.94,10.17,11.55,10.1,9.73,10.52,30.16,29.16,31.04,,,,,
2025-04-30,16.59,15.91,17.3,29.72,29.1,30.55,10.97,10.2,11.57,10.11,9.74,10.53,30.21,29.19,31.09,,,,,
2025-05-01,16.55,15.86,17.26,29.68,29.05,30.49,10.99,10.22,11.59,10.12,9.76,10.55,30.26,29.21,31.14,,,,,
2025-05-02,16.51,15.82,17.22,29.63,29.01,30.44,11.02,10.25,11.62,10.13,9.78,10.55,30.31,29.25,31.19,,,,,
2025-05-03,16.47,15.77,17.19,29.59,28.97,30.4,11.05,10.28,11.67,10.14,9.8,10.55,30.36,29.29,31.23,17.0,29.0,11.0,11.0,29.0
2025-05-04,16.43,15.74,17.14,29.55,28.92,30.36,11.07,10.3,11.7,10.15,9.82,10.56,30.41,29.33,31.28,,,,,
2025-05-05,16.39,15.7,17.1,29.51,28.87,30.33,11.1,10.33,11.73,10.16,9.83,10.55,30.45,29.38,31.32,,,,,
2025-05-06,16.35,15.66,17.06,29.47,28.83,30.29,11.12,10.36,11.76,10.17,9.84,10.56,30.5,29.43,31.37,13.0,27.0,14.0,10.0,35.0
2025-05-07,16.3,15.62,17.02,29.43,28.79,30.26,11.15,10.39,11.78,10.18,9.84,10.58,30.55,29.48,31.41,,,,,
2025-05-08,16.26,15.58,17.0,29.39,28.76,30.23,11.17,10.4,11.8,10.19,9.85,10.58,30.6,29.54,31.46,,,,,
2025-05-09,16.22,15.54,16.97,29.36,28.72,30.2,11.2,10.4,11.81,10.2,9.85,10.58,30.64,29.59,31.49,,,,,
2025-05-10,16.17,15.49,16.95,29.33,28.66,30.17,11.22,10.41,11.84,10.21,9.87,10.59,30.69,29.65,31.52,,,,,
2025-05-11,16.13,15.44,16.92,29.3,28.63,30.14,11.24,10.43,11.87,10.21,9.89,10.59,30.74,29.7,31.56,,,,,
2025-05-12,16.08,15.38,16.88,29.27,28.59,30.11,11.25,10.45,11.9,10.22,9.88,10.6,30.78,29.75,31.59,16.0,31.0,8.0,11.0,29.0
2025-05-13,16.04,15.32,16.84,29.25,28.56,30.09,11.27,10.46,11.92,10.23,9.88,10.6,30.83,29.79,31.63,,,,,
2025-05-14,15.99,15.27,16.8,29.22,28.53,30.07,11.29,10.46,11.94,10.25,9.9,10.61,30.87,29.85,31.66,,,,,
2025-05-15,15.95,15.23,16.76,29.2,28.49,30.05,11.3,10.47,11.95,10.26,9.91,10.63,30.91,29.94,31.69,,,,,
2025-05-16,15.9,15.18,16.71,29.19,28.45,30.03,11.31,10.48,11.95,10.27,9.93,10.66,30.95,30.01,31.72,,,,,
2025-05-17,15.85,15.13,16.67,29.17,28.42,30.01,11.32,10.48,11.95,10.28,9.92,10.68,30.99,30.07,31.74,,,,,
2025-05-18,15.8,15.07,16.63,29.15,28.41,30.0,11.33,10.49,11.96,10.29,9.92,10.68,31.03,30.13,31.78,,,,,
2025-05-19,15.76,15.03,16.57,29.14,28.41,29.98,11.33,10.48,11.97,10.31,9.92,10.69,31.07,30.17,31.83,13.0,29.0,14.0,10.0,33.0
2025-05-20,15.71,14.97,16.52,29.13,28.39,29.95,11.34,10.49,11.97,10.32,9.93,10.7,31.11,30.24,31.86,,,,,
2025-05-21,15.66,14.93,16.49,29.12,28.36,29.95,11.34,10.48,11.98,10.34,9.94,10.71,31.14,30.29,31.89,16.0,29.0,11.0,10.0,32.0
2025-05-22,15.61,14.88,16.44,29.11,28.35,29.95,11.35,10.49,11.98,10.35,9.94,10.73,31.18,30.31,31.92,,,,,
2025-05-23,15.56,14.84,16.38,29.1,28.35,29.95,11.35,10.51,11.97,10.37,9.95,10.75,31.21,30.33,31.94,,,,,
2025-05-24,15.51,14.81,16.32,29.09,28.34,29.94,11.35,10.53,11.98,10.39,9.97,10.76,31.24,30.39,31.96,,,,,
2025-05-25,15.46,14.77,16.26,29.08,28.32,29.94,11.36,10.54,11.98,10.4,9.99,10.78,31.27,30.47,31.97,,,,,
2025-05-26,15.41,14.74,16.19,29.07,28.3,29.93,11.36,10.55,11.99,10.42,10.01,10.81,31.3,30.52,32.0,,,,,
2025-05-27,15.36,14.7,16.17,29.06,28.3,29.9,11.37,10.56,11.99,10.44,10.03,10.83,31.33,30.56,32.01,16.0,24.0,12.0,11.0,34.0
2025-05-28,15.3,14.67,16.15,29.05,28.29,29.88,11.37,10.57,12.01,10.46,10.05,10.85,31.36,30.61,32.03,,,,,
2025-05-29,15.25,14.63,16.09,29.05,28.28,29.88,11.37,10.58,12.03,10.48,10.07,10.86,31.39,30.64,32.05,,,,,
2025-05-30,15.2,14.59,15.98,29.04,28.26,29.86,11.38,10.59,12.04,10.5,10.08,10.88,31.41,30.68,32.07,,,,,
2025-05-31,15.15,14.55,15.93,29.04,28.25,29.82,11.38,10.59,12.05,10.52,10.1,10.89,31.44,30.7,32.09,,,,,
2025-06-01,15.09,14.5,15.87,29.03,28.23,29.82,11.39,10.62,12.06,10.54,10.12,10.91,31.46,30.73,32.11,,,,,
2025-06-02,15.04,14.45,15.81,29.03,28.21,29.82,11.39,10.62,12.06,10.56,10.14,10.92,31.48,30.76,32.13,16.0,27.0,10.0,12.0,32.0
2025-06-03,14.99,14.39,15.76,29.03,28.19,29.81,11.4,10.62,12.07,10.58,10.16,10.93,31.5,30.79,32.15,,,,,
2025-06-04,14.93,14.36,15.68,29.03,28.18,29.82,11.4,10.64,12.09,10.6,10.18,10.95,31.51,30.81,32.16,,,,,
2025-06-05,14.88,14.34,15.57,29.03,28.19,29.83,11.4,10.62,12.11,10.62,10.21,10.96,31.53,30.83,32.18,,,,,
2025-06-06,14.83,14.29,15.47,29.03,28.21,29.84,11.41,10.63,12.09,10.64,10.23,10.98,31.54,30.84,32.19,,,,,
2025-06-07,14.78,14.24,15.41,29.03,28.21,29.83,11.41,10.64,12.07,10.65,10.25,11.02,31.56,30.84,32.21,,,,,
2025-06-08,14.74,14.19,15.36,29.04,28.21,29.84,11.41,10.66,12.06,10.67,10.27,11.03,31.57,30.84,32.22,,,,,
2025-06-09,14.69,14.15,15.3,29.05,28.21,29.83,11.41,10.69,12.04,10.69,10.29,11.05,31.58,30.85,32.2,12.0,31.0,14.0,9.0,33.0
2025-06-10,14.65,14.12,15.25,29.06,28.21,29.83,11.41,10.71,12.05,10.7,10.31,11.07,31.59,30.87,32.21,,,,,
2025-06-11,14.6,14.09,15.2,29.06,28.21,29.83,11.41,10.71,12.05,10.72,10.33,11.09,31.59,30.91,32.21,,,,,
2025-06-12,14.56,14.06,15.16,29.08,28.21,29.85,11.41,10.71,12.05,10.73,10.34,11.11,31.6,30.93,32.2,16.0,30.0,10.0,10.0,32.0
2025-06-13,14.53,14.03,15.13,29.09,28.22,29.86,11.4,10.72,12.06,10.74,10.36,11.12,31.61,30.95,32.19,,,,,
2025-06-14,14.49,14.0,15.09,29.1,28.22,29.89,11.4,10.71,12.05,10.75,10.37,11.14,31.61,30.96,32.19,,,,,
2025-06-15,14.46,13.96,15.03,29.11,28.23,29.91,11.39,10.71,12.05,10.76,10.38,11.16,31.61,30.97,32.18,,,,,
2025-06-16,14.43,13.94,14.98,29.12,28.26,29.94,11.39,10.69,12.05,10.77,10.39,11.17,31.62,30.98,32.18,15.0,28.0,12.0,12.0,30.0
2025-06-17,14.4,13.91,14.94,29.14,28.29,29.95,11.38,10.68,12.05,10.78,10.39,11.18,31.62,31.0,32.17,,,,,
2025-06-18,14.37,13.89,14.91,29.15,28.27,29.95,11.38,10.67,12.04,10.79,10.4,11.2,31.62,31.0,32.19,,,,,
2025-06-19,14.35,13.88,14.89,29.16,28.27,29.95,11.37,10.65,12.04,10.79,10.41,11.2,31.63,31.01,32.17,,,,,
2025-06-20,14.32,13.87,14.86,29.17,28.28,29.95,11.36,10.64,12.0,10.8,10.41,11.2,31.63,31.02,32.16,,,,,
2025-06-21,14.3,13.85,14.84,29.19,28.3,29.97,11.35,10.64,11.99,10.8,10.42,11.2,31.63,31.03,32.16,,,,,
2025-06-22,14.28,13.83,14.81,29.2,28.32,29.99,11.34,10.65,11.98,10.8,10.42,11.2,31.63,31.04,32.17,,,,,
2025-06-23,14.27,13.82,14.78,29.21,28.32,29.99,11.33,10.66,11.99,10.81,10.43,11.19,31.63,31.06,32.18,14.0,29.0,13.0,12.0,29.0
2025-06-24,14.25,13.81,14.76,29.22,28.33,29.99,11.33,10.67,12.0,10.81,10.44,11.19,31.63,31.07,32.17,,,,,
2025-06-25,14.24,13.8,14.74,29.23,28.35,30.0,11.32,10.67,11.98,10.81,10.44,11.19,31.63,31.07,32.18,,,,,
2025-06-26,14.22,13.79,14.72,29.24,28.37,30.01,11.31,10.68,11.96,10.81,10.45,11.18,31.63,31.08,32.2,,,,,
2025-06-27,14.21,13.79,14.69,29.24,28.39,30.01,11.3,10.69,11.95,10.81,10.45,11.17,31.63,31.1,32.21,,,,,
2025-06-28,14.2,13.79,14.67,29.25,28.42,30.02,11.29,10.67,11.93,10.81,10.45,11.16,31.63,31.1,32.21,,,,,
2025-06-29,14.19,13.78,14.66,29.25,28.43,30.04,11.28,10.66,11.91,10.81,10.45,11.16,31.63,31.1,32.2,,,,,
2025-06-30,14.18,13.78,14.64,29.26,28.46,30.04,11.26,10.64,11.9,10.81,10.45,11.15,31.63,31.11,32.21,13.5,31.0,10.5,10.5,31.5
2025-07-01,14.17,13.77,14.63,29.26,28.49,30.04,11.25,10.66,11.89,10.81,10.45,11.15,31.63,31.12,32.22,,,,,
2025-07-02,14.16,13.77,14.62,29.26,28.51,30.02,11.24,10.66,11.88,10.81,10.45,11.15,31.64,31.13,32.23,,,,,
2025-07-03,14.15,13.77,14.6,29.26,28.51,30.02,11.23,10.64,11.86,10.81,10.45,11.14,31.64,31.13,32.23,,,,,
2025-07-04,14.14,13.77,14.59,29.26,28.53,30.0,11.22,10.65,11.83,10.8,10.45,11.13,31.64,31.14,32.23,,,,,
2025-07-05,14.14,13.77,14.58,29.25,28.56,30.0,11.21,10.65,11.81,10.8,10.44,11.13,31.64,31.15,32.22,,,,,
2025-07-06,14.13,13.77,14.57,29.25,28.54,29.99,11.2,10.64,11.79,10.8,10.44,11.12,31.64,31.15,32.21,,,,,
2025-07-07,14.13,13.78,14.56,29.24,28.55,30.0,11.19,10.64,11.77,10.79,10.44,11.11,31.64,31.16,32.21,14.0,31.0,9.0,11.0,31.0
2025-07-08,14.12,13.78,14.54,29.23,28.51,30.02,11.18,10.63,11.75,10.79,10.44,11.11,31.64,31.15,32.21,,,,,
2025-07-09,14.12,13.79,14.53,29.22,28.5,30.0,11.17,10.63,11.73,10.78,10.44,11.1,31.64,31.15,32.2,,,,,
2025-07-10,14.12,13.8,14.54,29.21,28.51,30.0,11.16,10.62,11.73,10.78,10.44,11.09,31.65,31.15,32.2,,,,,
2025-07-11,14.12,13.81,14.56,29.2,28.51,30.01,11.15,10.62,11.73,10.77,10.44,11.07,31.65,31.15,32.21,,,,,
2025-07-12,14.12,13.82,14.55,29.18,28.49,30.0,11.14,10.61,11.74,10.76,10.44,11.06,31.65,31.16,32.21,,,,,
2025-07-13,14.12,13.82,14.53,29.16,28.45,29.99,11.13,10.62,11.72,10.75,10.44,11.04,31.66,31.15,32.22,,,,,
2025-07-14,14.12,13.83,14.51,29.14,28.41,29.98,11.13,10.6,11.72,10.75,10.44,11.03,31.66,31.14,32.22,13.0,26.0,14.0,12.0,33.0
2025-07-15,14.13,13.84,14.51,29.11,28.36,29.95,11.12,10.61,11.72,10.74,10.44,11.02,31.67,31.14,32.23,,,,,
2025-07-16,14.13,13.85,14.51,29.09,28.31,29.92,11.12,10.61,11.72,10.73,10.43,11.01,31.67,31.14,32.23,,,,,
2025-07-17,14.13,13.86,14.52,29.06,28.28,29.9,11.11,10.61,11.71,10.72,10.43,11.01,31.68,31.16,32.23,,,,,
2025-07-18,14.14,13.87,14.52,29.03,28.22,29.88,11.11,10.6,11.71,10.72,10.42,11.0,31.68,31.17,32.22,,,,,
2025-07-19,14.14,13.88,14.51,28.99,28.16,29.85,11.11,10.6,11.69,10.71,10.41,11.0,31.69,31.18,32.19,,,,,
2025-07-20,14.15,13.9,14.51,28.96,28.13,29.82,11.1,10.6,11.68,10.71,10.41,10.99,31.7,31.19,32.17,,,,,
2025-07-21,14.16,13.9,14.53,28.92,28.11,29.78,11.1,10.6,11.66,10.7,10.41,10.99,31.7,31.21,32.17,14.0,32.0,10.0,10.0,30.0
2025-07-22,14.17,13.92,14.54,28.88,28.08,29.74,11.1,10.6,11.65,10.7,10.42,10.99,31.71,31.23,32.17,,,,,
2025-07-23,14.17,13.92,14.55,28.84,28.04,29.7,11.1,10.6,11.65,10.7,10.42,11.0,31.72,31.24,32.17,14.0,29.0,12.0,11.0,31.0
2025-07-24,14.18,13.93,14.54,28.8,27.99,29.66,11.09,10.6,11.63,10.7,10.42,11.0,31.73,31.27,32.17,,,,,
2025-07-25,14.19,13.93,14.56,28.76,27.94,29.63,11.09,10.59,11.61,10.7,10.41,11.01,31.73,31.29,32.17,,,,,
2025-07-26,14.2,13.92,14.57,28.71,27.92,29.6,11.09,10.59,11.6,10.7,10.41,11.02,31.74,31.3,32.17,,,,,
2025-07-27,14.21,13.92,14.58,28.67,27.88,29.55,11.09,10.58,11.6,10.7,10.41,11.03,31.75,31.3,32.17,,,,,
2025-07-28,14.22,13.93,14.58,28.62,27.83,29.53,11.08,10.58,11.6,10.7,10.4,11.05,31.76,31.31,32.17,13.0,31.0,10.0,11.0,32.0
2025-07-29,14.23,13.93,14.6,28.58,27.78,29.51,11.08,10.57,11.58,10.7,10.39,11.06,31.77,31.31,32.16,,,,,
2025-07-30,14.24,13.94,14.6,28.54,27.72,29.48,11.08,10.57,11.57,10.7,10.4,11.07,31.78,31.31,32.15,15.0,30.0,10.0,10.0,33.0
2025-07-31,14.25,13.95,14.61,28.49,27.67,29.45,11.08,10.57,11.59,10.71,10.39,11.07,31.79,31.31,32.16,,,,,
2025-08-01,14.26,13.96,14.62,28.45,27.62,29.42,11.07,10.56,11.59,10.71,10.39,11.08,31.8,31.32,32.17,,,,,
2025-08-02,14.26,13.97,14.62,28.41,27.56,29.38,11.07,10.55,11.57,10.72,10.38,11.1,31.81,31.32,32.17,,,,,
2025-08-03,14.27,13.97,14.62,28.37,27.52,29.33,11.07,10.55,11.56,10.72,10.38,11.13,31.82,31.32,32.17,,,,,
2025-08-04,14.28,13.97,14.63,28.33,27.5,29.27,11.07,10.55,11.57,10.73,10.37,11.16,31.83,31.33,32.18,14.0,27.0,11.0,11.0,33.0
2025-08-05,14.29,13.97,14.65,28.29,27.49,29.24,11.06,10.56,11.56,10.73,10.37,11.19,31.84,31.37,32.19,,,,,
2025-08-06,14.29,13.98,14.65,28.25,27.48,29.19,11.06,10.56,11.55,10.74,10.36,11.22,31.85,31.38,32.2,,,,,
2025-08-07,14.3,13.99,14.65,28.21,27.45,29.13,11.06,10.57,11.55,10.75,10.35,11.24,31.86,31.37,32.22,,,,,
2025-08-08,14.31,13.98,14.65,28.17,27.41,29.07,11.06,10.53,11.53,10.75,10.35,11.26,31.87,31.37,32.25,,,,,
2025-08-09,14.31,13.97,14.65,28.13,27.37,29.02,11.06,10.53,11.5,10.76,10.35,11.28,31.88,31.37,32.27,,,,,
2025-08-10,14.32,13.97,14.66,28.1,27.33,28.99,11.05,10.53,11.49,10.77,10.34,11.3,31.89,31.37,32.28,,,,,
2025-08-11,14.33,13.98,14.67,28.06,27.3,28.96,11.05,10.53,11.49,10.78,10.34,11.33,31.9,31.37,32.3,14.0,27.0,12.0,10.0,33.0
2025-08-12,14.34,13.99,14.68,28.03,27.26,28.93,11.05,10.55,11.48,10.79,10.33,11.36,31.91,31.37,32.32,,,,,
2025-08-13,14.34,14.01,14.69,27.99,27.23,28.88,11.05,10.56,11.48,10.8,10.34,11.4,31.91,31.37,32.33,,,,,
2025-08-14,14.35,13.99,14.7,27.95,27.19,28.86,11.05,10.56,11.49,10.81,10.35,11.43,31.92,31.36,32.33,,,,,
2025-08-15,14.36,13.99,14.71,27.92,27.16,28.8,11.05,10.56,11.49,10.82,10.35,11.44,31.92,31.36,32.34,,,,,
2025-08-16,14.37,14.01,14.72,27.88,27.13,28.76,11.05,10.56,11.5,10.83,10.35,11.45,31.93,31.36,32.35,,,,,
2025-08-17,14.38,14.02,14.74,27.84,27.09,28.7,11.06,10.55,11.5,10.85,10.36,11.46,31.93,31.37,32.36,,,,,
2025-08-18,14.38,14.03,14.76,27.81,27.06,28.67,11.06,10.54,11.48,10.86,10.36,11.47,31.93,31.35,32.36,15.5,27.0,10.0,10.5,32.0
2025-08-19,14.39,14.02,14.76,27.78,27.03,28.64,11.06,10.54,11.46,10.88,10.37,11.48,31.93,31.33,32.36,,,,,
2025-08-20,14.4,14.01,14.77,27.74,26.99,28.61,11.06,10.54,11.46,10.89,10.38,11.49,31.93,31.33,32.36,,,,,
2025-08-21,14.41,14.01,14.79,27.71,26.97,28.57,11.07,10.53,11.47,10.91,10.38,11.52,31.92,31.31,32.36,,,,,
2025-08-22,14.42,14.02,14.8,27.68,26.94,28.56,11.07,10.55,11.48,10.93,10.39,11.55,31.92,31.29,32.37,,,,,
2025-08-23,14.43,14.01,14.81,27.65,26.91,28.53,11.07,10.55,11.49,10.94,10.4,11.58,31.91,31.27,32.39,,,,,
2025-08-24,14.44,14.0,14.83,27.62,26.89,28.5,11.07,10.57,11.5,10.96,10.41,11.61,31.9,31.25,32.39,,,,,
2025-08-25,14.46,13.99,14.85,27.59,26.86,28.47,11.08,10.57,11.5,10.98,10.41,11.64,31.9,31.22,32.4,,,,,
2025-08-26,14.47,14.0,14.87,27.56,26.83,28.44,11.08,10.58,11.51,11.0,10.42,11.67,31.89,31.19,32.41,15.0,26.0,13.0,9.0,32.0
2025-08-27,14.48,14.02,14.89,27.53,26.81,28.41,11.08,10.59,11.53,11.02,10.44,11.71,31.88,31.18,32.41,,,,,
2025-08-28,14.49,14.01,14.92,27.5,26.78,28.38,11.08,10.59,11.54,11.05,10.43,11.74,31.87,31.16,32.42,,,,,
2025-08-29,14.5,14.02,14.93,27.47,26.76,28.35,11.09,10.58,11.55,11.07,10.43,11.78,31.85,31.14,32.42,,,,,
2025-08-30,14.51,14.03,14.94,27.44,26.76,28.33,11.09,10.58,11.56,11.1,10.46,11.82,31.84,31.12,32.43,,,,,
2025-08-31,14.52,14.02,14.96,27.41,26.72,28.31,11.1,10.57,11.57,11.12,10.49,11.86,31.83,31.1,32.43,,,,,
2025-09-01,14.53,14.01,14.97,27.38,26.67,28.28,11.1,10.56,11.58,11.15,10.53,11.9,31.81,31.08,32.45,15.0,25.0,13.0,10.0,32.0
2025-09-02,14.54,14.0,14.98,27.34,26.63,28.25,11.11,10.56,11.59,11.18,10.54,11.94,31.8,31.06,32.46,,,,,
2025-09-03,14.55,14.0,14.98,27.31,26.59,28.2,11.12,10.56,11.61,11.22,10.54,11.99,31.78,31.04,32.46,15.0,27.0,11.0,10.0,32.0
2025-09-04,14.56,13.99,14.99,27.27,26.53,28.15,11.12,10.56,11.62,11.25,10.55,12.05,31.76,31.01,32.45,,,,,
2025-09-05,14.57,13.98,15.0,27.24,26.48,28.14,11.13,10.57,11.63,11.29,10.57,12.1,31.75,30.99,32.44,,,,,
2025-09-06,14.58,13.97,15.02,27.2,26.43,28.09,11.14,10.58,11.65,11.33,10.6,12.14,31.73,30.96,32.44,,,,,
2025-09-07,14.59,13.97,15.03,27.16,26.37,28.05,11.16,10.59,11.67,11.37,10.63,12.17,31.71,30.94,32.43,,,,,
2025-09-08,14.6,13.98,15.04,27.13,26.33,28.04,11.17,10.61,11.69,11.41,10.66,12.21,31.69,30.9,32.44,14.0,28.0,10.0,15.0,29.0
2025-09-09,14.61,14.0,15.06,27.09,26.28,28.02,11.18,10.62,11.7,11.46,10.7,12.25,31.67,30.87,32.43,,,,,
2025-09-10,14.62,14.02,15.08,27.05,26.24,27.96,11.19,10.64,11.74,11.51,10.73,12.31,31.64,30.84,32.41,,,,,
2025-09-11,14.63,14.04,15.09,27.01,26.19,27.91,11.21,10.65,11.79,11.56,10.78,12.36,31.62,30.8,32.4,,,,,
2025-09-12,14.63,14.03,15.1,26.97,26.14,27.89,11.22,10.67,11.82,11.61,10.84,12.42,31.6,30.76,32.39,,,,,
2025-09-13,14.64,14.03,15.12,26.94,26.09,27.87,11.23,10.68,11.85,11.66,10.89,12.48,31.58,30.72,32.39,,,,,
2025-09-14,14.64,14.02,15.12,26.9,25.99,27.84,11.25,10.69,11.87,11.71,10.93,12.54,31.55,30.68,32.38,,,,,
2025-09-15,14.65,14.03,15.14,26.87,25.9,27.81,11.26,10.71,11.89,11.77,10.97,12.62,31.53,30.63,32.37,15.0,25.0,11.0,12.0,34.0
2025-09-16,14.65,14.02,15.13,26.83,25.84,27.78,11.27,10.72,11.92,11.83,11.01,12.69,31.5,30.58,32.36,,,,,
2025-09-17,14.65,14.01,15.12,26.8,25.81,27.76,11.28,10.73,11.94,11.89,11.05,12.73,31.48,30.54,32.34,,,,,
2025-09-18,14.66,14.0,15.14,26.77,25.79,27.76,11.29,10.74,11.96,11.95,11.1,12.8,31.45,30.51,32.33,,,,,
2025-09-19,14.66,14.0,15.13,26.74,25.74,27.76,11.3,10.74,11.97,12.02,11.15,12.88,31.43,30.48,32.31,,,,,
2025-09-20,14.66,14.01,15.15,26.71,25.7,27.76,11.31,10.74,11.99,12.08,11.21,12.95,31.4,30.44,32.29,,,,,
2025-09-21,14.66,14.01,15.16,26.69,25.66,27.76,11.32,10.74,12.0,12.15,11.25,13.02,31.38,30.41,32.28,,,,,
2025-09-22,14.66,14.0,15.17,26.66,25.64,27.76,11.33,10.74,12.02,12.22,11.31,13.1,31.36,30.38,32.26,11.0,31.0,10.0,13.0,30.0
2025-09-23,14.66,14.0,15.19,26.64,25.61,27.77,11.33,10.72,12.03,12.29,11.37,13.19,31.33,30.35,32.24,,,,,
2025-09-24,14.66,14.0,15.2,26.61,25.54,27.77,11.34,10.7,12.05,12.36,11.43,13.29,31.31,30.34,32.23,,,,,
2025-09-25,14.66,14.0,15.21,26.59,25.51,27.79,11.34,10.7,12.06,12.44,11.5,13.38,31.29,30.32,32.21,15.0,27.0,10.0,10.0,35.0
2025-09-26,14.66,14.0,15.22,26.57,25.48,27.8,11.34,10.7,12.07,12.51,11.56,13.46,31.27,30.31,32.2,,,,,
2025-09-27,14.66,14.0,15.24,26.54,25.43,27.8,11.34,10.67,12.07,12.59,11.65,13.55,31.25,30.29,32.18,,,,,
2025-09-28,14.66,14.0,15.25,26.52,25.38,27.8,11.34,10.66,12.06,12.66,11.75,13.63,31.23,30.26,32.16,,,,,
2025-09-29,14.66,14.01,15.26,26.5,25.34,27.8,11.34,10.66,12.06,12.74,11.86,13.71,31.21,30.24,32.15,15.0,28.0,12.0,11.0,30.0
2025-09-30,14.67,14.01,15.26,26.48,25.33,27.8,11.34,10.66,12.06,12.82,11.93,13.78,31.2,30.21,32.13,,,,,
2025-10-01,14.67,14.01,15.28,26.46,25.29,27.79,11.33,10.67,12.05,12.9,12.05,13.85,31.18,30.18,32.12,,,,,
2025-10-02,14.67,14.01,15.29,26.44,25.28,27.79,11.33,10.67,12.05,12.98,12.11,13.95,31.16,30.15,32.1,,,,,
2025-10-03,14.67,14.02,15.3,26.42,25.27,27.75,11.32,10.67,12.04,13.06,12.17,14.06,31.14,30.13,32.08,,,,,
2025-10-04,14.68,14.01,15.3,26.39,25.24,27.72,11.32,10.65,12.02,13.14,12.24,14.16,31.12,30.12,32.07,,,,,
2025-10-05,14.68,14.01,15.31,26.37,25.22,27.68,11.31,10.64,12.0,13.22,12.3,14.25,31.1,30.1,32.05,,,,,
2025-10-06,14.69,14.02,15.32,26.35,25.21,27.64,11.3,10.62,11.99,13.3,12.37,14.35,31.08,30.07,32.03,16.0,24.0,14.0,14.0,30.0
2025-10-07,14.69,14.03,15.33,26.32,25.19,27.59,11.3,10.6,11.97,13.38,12.44,14.44,31.06,30.05,32.01,,,,,
2025-10-08,14.7,14.06,15.34,26.3,25.17,27.57,11.29,10.58,11.96,13.46,12.52,14.52,31.04,30.02,32.0,,,,,
2025-10-09,14.72,14.08,15.35,26.27,25.13,27.54,11.28,10.55,11.96,13.54,12.61,14.59,31.01,29.98,31.98,,,,,
2025-10-10,14.73,14.11,15.36,26.24,25.09,27.52,11.27,10.54,11.95,13.62,12.69,14.66,30.99,29.93,31.96,,,,,
2025-10-11,14.74,14.12,15.38,26.21,25.06,27.49,11.26,10.54,11.95,13.71,12.77,14.73,30.97,29.91,31.94,,,,,
2025-10-12,14.76,14.14,15.39,26.18,25.02,27.44,11.25,10.54,11.93,13.79,12.88,14.81,30.95,29.86,31.92,,,,,
2025-10-13,14.78,14.15,15.41,26.14,24.98,27.36,11.24,10.54,11.92,13.87,12.96,14.86,30.93,29.85,31.89,16.0,30.0,9.0,14.0,28.0
2025-10-14,14.8,14.17,15.43,26.11,24.99,27.28,11.23,10.51,11.9,13.95,13.05,14.9,30.91,29.84,31.86,,,,,
2025-10-15,14.83,14.19,15.45,26.07,24.98,27.22,11.21,10.48,11.9,14.02,13.13,14.94,30.89,29.84,31.81,,,,,
2025-10-16,14.85,14.21,15.47,26.04,24.94,27.15,11.2,10.44,11.89,14.1,13.19,15.02,30.87,29.82,31.77,,,,,
2025-10-17,14.87,14.22,15.49,26.0,24.9,27.11,11.19,10.41,11.88,14.18,13.25,15.11,30.84,29.77,31.74,,,,,
2025-10-18,14.9,14.23,15.52,25.96,24.87,27.08,11.18,10.37,11.87,14.26,13.3,15.19,30.82,29.73,31.7,,,,,
2025-10-19,14.93,14.24,15.57,25.91,24.83,27.03,11.17,10.37,11.86,14.34,13.37,15.28,30.8,29.74,31.66,,,,,
2025-10-20,14.95,14.27,15.62,25.87,24.77,26.98,11.16,10.36,11.85,14.41,13.46,15.37,30.78,29.71,31.68,13.0,24.0,13.0,15.0,33.0
2025-10-21,14.98,14.31,15.66,25.83,24.75,26.92,11.15,10.36,11.84,14.49,13.52,15.45,30.76,29.63,31.66,,,,,
2025-10-22,15.01,14.34,15.68,25.78,24.71,26.86,11.14,10.35,11.83,14.56,13.58,15.56,30.74,29.6,31.66,,,,,
2025-10-23,15.03,14.39,15.7,25.73,24.67,26.8,11.13,10.35,11.83,14.64,13.64,15.63,30.72,29.58,31.66,,,,,
2025-10-24,15.06,14.43,15.72,25.68,24.62,26.74,11.12,10.37,11.83,14.71,13.72,15.71,30.7,29.58,31.66,,,,,
2025-10-25,15.08,14.48,15.74,25.63,24.58,26.7,11.12,10.37,11.83,14.79,13.8,15.8,30.69,29.59,31.62,,,,,
2025-10-26,15.11,14.52,15.76,25.58,24.53,26.64,11.11,10.35,11.83,14.86,13.89,15.84,30.67,29.6,31.6,,,,,
2025-10-27,15.13,14.56,15.77,25.53,24.49,26.58,11.11,10.34,11.82,14.93,14.0,15.91,30.65,29.58,31.55,16.0,21.0,13.0,17.0,29.0
2025-10-28,15.16,14.6,15.79,25.48,24.44,26.53,11.1,10.33,11.81,15.01,14.08,15.96,30.63,29.58,31.5,,,,,
2025-10-29,15.18,14.64,15.81,25.43,24.42,26.48,11.1,10.32,11.81,15.08,14.17,16.03,30.62,29.56,31.45,,,,,
2025-10-30,15.2,14.66,15.83,25.38,24.39,26.42,11.09,10.33,11.8,15.15,14.27,16.08,30.6,29.51,31.45,,,,,
2025-10-31,15.23,14.7,15.84,25.33,24.32,26.37,11.09,10.37,11.78,15.22,14.32,16.14,30.59,29.47,31.44,,,,,
2025-11-01,15.25,14.7,15.85,25.28,24.27,26.32,11.09,10.38,11.8,15.29,14.42,16.22,30.57,29.43,31.42,,,,,
2025-11-02,15.27,14.7,15.88,25.24,24.24,26.27,11.08,10.38,11.81,15.36,14.45,16.28,30.56,29.42,31.42,,,,,
2025-11-03,15.29,14.69,15.91,25.19,24.22,26.2,11.08,10.38,11.82,15.43,14.5,16.34,30.54,29.41,31.43,14.0,27.0,11.0,15.0,32.0
2025-11-04,15.31,14.7,15.95,25.14,24.2,26.17,11.07,10.37,11.8,15.49,14.59,16.4,30.53,29.4,31.42,,,,,
2025-11-05,15.33,14.7,15.99,25.1,24.17,26.11,11.06,10.36,11.82,15.56,14.71,16.46,30.51,29.39,31.41,,,,,
2025-11-06,15.35,14.71,16.02,25.06,24.11,26.05,11.06,10.36,11.81,15.63,14.78,16.53,30.5,29.38,31.41,,,,,
2025-11-07,15.37,14.72,16.05,25.01,24.06,26.01,11.05,10.34,11.8,15.69,14.83,16.59,30.49,29.37,31.4,,,,,
2025-11-08,15.39,14.74,16.09,24.97,24.01,25.94,11.04,10.33,11.79,15.76,14.9,16.63,30.48,29.37,31.39,,,,,
2025-11-09,15.41,14.75,16.12,24.93,23.96,25.9,11.03,10.32,11.78,15.82,14.95,16.68,30.47,29.37,31.4,,,,,
2025-11-10,15.42,14.77,16.15,24.9,23.92,25.85,11.02,10.32,11.77,15.88,15.0,16.73,30.46,29.36,31.39,15.0,25.0,11.0,18.0,29.0
2025-11-11,15.44,14.78,16.2,24.86,23.89,25.79,11.01,10.32,11.76,15.93,15.04,16.77,30.45,29.34,31.38,,,,,
2025-11-12,15.45,14.8,16.21,24.83,23.85,25.77,11.0,10.34,11.74,15.99,15.09,16.78,30.44,29.33,31.38,,,,,
2025-11-13,15.47,14.81,16.22,24.79,23.81,25.75,10.99,10.34,11.73,16.04,15.12,16.79,30.44,29.32,31.38,,,,,
2025-11-14,15.48,14.82,16.23,24.76,23.77,25.73,10.98,10.32,11.71,16.09,15.17,16.82,30.44,29.31,31.38,16.0,25.0,10.0,13.0,34.0
2025-11-15,15.5,14.84,16.25,24.74,23.76,25.67,10.97,10.3,11.69,16.13,15.22,16.89,30.43,29.32,31.4,,,,,
2025-11-16,15.51,14.85,16.3,24.71,23.76,25.61,10.95,10.3,11.68,16.17,15.25,16.95,30.43,29.33,31.43,,,,,
2025-11-17,15.53,14.85,16.35,24.69,23.75,25.58,10.94,10.28,11.66,16.21,15.28,16.97,30.43,29.32,31.44,15.0,27.0,9.0,17.0,29.0
2025-11-18,15.54,14.86,16.36,24.67,23.74,25.55,10.93,10.28,11.65,16.24,15.31,17.03,30.43,29.32,31.44,,,,,
2025-11-19,15.55,14.87,16.38,24.66,23.7,25.53,10.91,10.28,11.64,16.27,15.34,17.06,30.43,29.29,31.44,,,,,
2025-11-20,15.57,14.87,16.4,24.64,23.67,25.5,10.9,10.27,11.64,16.3,15.36,17.06,30.43,29.28,31.44,,,,,
2025-11-21,15.58,14.88,16.44,24.63,23.67,25.49,10.88,10.26,11.62,16.32,15.39,17.08,30.43,29.28,31.43,,,,,
2025-11-22,15.6,14.88,16.47,24.62,23.68,25.49,10.87,10.26,11.61,16.34,15.42,17.11,30.43,29.28,31.42,,,,,
2025-11-23,15.62,14.88,16.5,24.61,23.7,25.45,10.85,10.26,11.58,16.35,15.44,17.14,30.42,29.27,31.41,,,,,
2025-11-24,15.63,14.88,16.53,24.6,23.73,25.43,10.84,10.25,11.57,16.37,15.45,17.14,30.42,29.27,31.39,16.0,24.0,12.0,17.0,28.0
2025-11-25,15.65,14.88,16.55,24.59,23.75,25.39,10.83,10.24,11.56,16.37,15.45,17.13,30.42,29.26,31.4,,,,,
2025-11-26,15.67,14.88,16.58,24.58,23.77,25.35,10.81,10.23,11.53,16.38,15.45,17.15,30.42,29.25,31.4,,,,,
2025-11-27,15.69,14.89,16.61,24.58,23.76,25.3,10.8,10.22,11.52,16.39,15.49,17.17,30.42,29.24,31.39,,,,,
2025-11-28,15.71,14.91,16.65,24.57,23.76,25.28,10.79,10.21,11.51,16.39,15.49,17.18,30.41,29.23,31.38,,,,,
2025-11-29,15.73,14.92,16.7,24.57,23.75,25.26,10.78,10.19,11.51,16.39,15.48,17.16,30.41,29.24,31.36,,,,,
2025-11-30,15.76,14.93,16.75,24.57,23.75,25.25,10.77,10.18,11.5,16.39,15.46,17.18,30.4,29.23,31.35,,,,,
2025-12-01,15.78,14.94,16.78,24.56,23.75,25.24,10.76,10.18,11.5,16.39,15.47,17.16,30.39,29.23,31.34,19.0,21.0,10.0,19.0,29.0
2025-12-02,15.8,14.95,16.79,24.56,23.75,25.23,10.75,10.16,11.49,16.39,15.47,17.16,30.39,29.22,31.32,,,,,
2025-12-03,15.82,14.95,16.79,24.56,23.76,25.22,10.74,10.15,11.48,16.38,15.45,17.14,30.38,29.23,31.3,16.0,24.0,10.0,14.0,34.0
2025-12-04,15.84,14.96,16.79,24.56,23.77,25.21,10.74,10.15,11.48,16.38,15.43,17.13,30.37,29.23,31.27,,,,,
2025-12-05,15.87,14.96,16.79,24.57,23.79,25.22,10.73,10.14,11.47,16.37,15.41,17.12,30.36,29.22,31.24,,,,,
2025-12-06,15.89,14.97,16.84,24.57,23.81,25.22,10.72,10.13,11.45,16.36,15.39,17.1,30.35,29.21,31.23,,,,,
2025-12-07,15.91,14.98,16.84,24.57,23.81,25.23,10.71,10.13,11.43,16.35,15.36,17.12,30.34,29.2,31.22,,,,,
2025-12-08,15.93,15.0,16.84,24.58,23.81,25.23,10.71,10.12,11.4,16.34,15.34,17.13,30.33,29.19,31.19,15.0,26.0,10.0,18.0,29.0
2025-12-09,15.95,15.01,16.84,24.59,23.83,25.25,10.7,10.11,11.38,16.33,15.34,17.13,30.32,29.18,31.2,,,,,
2025-12-10,15.96,15.01,16.84,24.6,23.85,25.24,10.69,10.11,11.36,16.32,15.33,17.14,30.31,29.16,31.2,,,,,
2025-12-11,15.98,15.02,16.84,24.61,23.87,25.27,10.68,10.1,11.33,16.31,15.33,17.14,30.3,29.14,31.19,,,,,
2025-12-12,16.0,15.04,16.85,24.61,23.87,25.29,10.67,10.08,11.31,16.3,15.33,17.12,30.29,29.13,31.18,,,,,
2025-12-13,16.01,15.05,16.87,24.62,23.87,25.31,10.67,10.07,11.3,16.29,15.34,17.13,30.28,29.12,31.16,,,,,
2025-12-14,16.03,15.07,16.89,24.63,23.88,25.33,10.66,10.06,11.29,16.28,15.34,17.11,30.27,29.12,31.16,,,,,
2025-12-15,16.04,15.08,16.91,24.64,23.91,25.36,10.65,10.04,11.28,16.27,15.35,17.09,30.27,29.12,31.15,12.0,23.0,14.0,18.0,32.0
2025-12-16,16.05,15.09,16.92,24.65,23.94,25.36,10.64,10.03,11.27,16.26,15.36,17.08,30.26,29.12,31.15,,,,,
2025-12-17,16.06,15.11,16.94,24.65,23.94,25.37,10.63,10.02,11.27,16.25,15.35,17.09,30.26,29.12,31.16,,,,,
2025-12-18,16.07,15.12,16.95,24.66,23.93,25.38,10.62,9.99,11.27,16.25,15.39,17.08,30.26,29.13,31.17,,,,,
2025-12-19,16.08,15.13,16.96,24.66,23.93,25.39,10.61,9.98,11.25,16.24,15.42,17.06,30.26,29.14,31.15,,,,,
2025-12-20,16.09,15.15,16.97,24.67,23.99,25.4,10.6,9.94,11.22,16.24,15.41,17.08,30.26,29.14,31.11,,,,,
2025-12-21,16.1,15.17,16.98,24.67,24.02,25.4,10.59,9.9,11.19,16.23,15.38,17.05,30.27,29.15,31.13,,,,,
2025-12-22,16.11,15.18,17.0,24.67,24.03,25.44,10.58,9.89,11.16,16.23,15.45,17.04,30.27,29.19,31.14,19.0,26.0,9.0,17.0,28.0
2025-12-23,16.11,15.2,17.01,24.68,24.04,25.46,10.57,9.9,11.13,16.22,15.4,17.04,30.28,29.23,31.15,,,,,
2025-12-24,16.12,15.21,17.02,24.68,24.03,25.48,10.55,9.85,11.11,16.22,15.44,17.04,30.28,29.26,31.17,,,,,
2025-12-25,16.12,15.22,17.01,24.68,24.01,25.48,10.54,9.82,11.11,16.22,15.48,17.04,30.29,29.3,31.16,,,,,
2025-12-26,16.13,15.23,16.99,24.68,24.01,25.47,10.53,9.8,11.1,16.22,15.46,17.03,30.3,29.32,31.15,,,,,
2025-12-27,16.13,15.24,16.97,24.68,24.0,25.44,10.52,9.78,11.1,16.23,15.44,17.08,30.31,29.34,31.17,,,,,
2025-12-28,16.13,15.27,16.96,24.68,24.0,25.41,10.5,9.75,11.1,16.23,15.42,17.07,30.32,29.38,31.2,,,,,
2025-12-29,16.12,15.29,16.95,24.68,23.99,25.44,10.49,9.73,11.09,16.23,15.42,17.05,30.33,29.4,31.22,,,,,
2025-12-30,16.12,15.26,16.95,24.68,23.98,25.43,10.47,9.7,11.08,16.24,15.45,17.04,30.34,29.43,31.25,,,,,
2025-12-31,16.12,15.25,16.95,24.68,23.98,25.42,10.46,9.67,11.08,16.24,15.45,17.06,30.35,29.47,31.23,,,,,
2026-01-01,16.11,15.25,16.96,24.68,23.97,25.41,10.44,9.65,11.08,16.25,15.47,17.06,30.37,29.49,31.23,,,,,
2026-01-02,16.1,15.25,16.95,24.68,23.97,25.4,10.43,9.62,11.05,16.26,15.48,17.08,30.38,29.53,31.22,,,,,
2026-01-03,16.09,15.25,16.9,24.68,23.97,25.4,10.41,9.59,11.02,16.27,15.47,17.09,30.39,29.55,31.21,16.0,24.0,10.0,15.0,33.0
2026-01-04,16.07,15.25,16.89,24.68,23.97,25.39,10.4,9.58,11.01,16.28,15.51,17.1,30.41,29.54,31.24,,,,,
2026-01-05,16.06,15.24,16.88,24.67,23.97,25.38,10.38,9.56,10.99,16.29,15.55,17.12,30.42,29.55,31.24,16.0,25.0,11.0,16.0,29.0
2026-01-06,16.04,15.23,16.87,24.67,23.97,25.38,10.37,9.55,10.98,16.31,15.6,17.14,30.43,29.56,31.24,,,,,
2026-01-07,16.01,15.22,16.86,24.66,23.98,25.37,10.35,9.55,10.97,16.33,15.6,17.16,30.44,29.57,31.24,,,,,
2026-01-08,15.99,15.21,16.84,24.65,23.99,25.35,10.34,9.54,10.96,16.35,15.6,17.2,30.45,29.57,31.28,,,,,
2026-01-09,15.96,15.17,16.82,24.64,23.95,25.33,10.33,9.53,10.96,16.37,15.6,17.25,30.46,29.59,31.3,,,,,
2026-01-10,15.93,15.15,16.81,24.63,23.96,25.31,10.31,9.52,10.95,16.4,15.59,17.32,30.48,29.6,31.3,,,,,
2026-01-11,15.9,15.1,16.79,24.62,23.95,25.29,10.3,9.52,10.94,16.42,15.58,17.39,30.49,29.61,31.33,,,,,
2026-01-12,15.86,15.07,16.77,24.6,23.95,25.29,10.29,9.52,10.93,16.45,15.57,17.44,30.5,29.63,31.36,19.0,25.0,11.0,13.0,29.0
2026-01-13,15.82,15.06,16.71,24.59,23.93,25.29,10.28,9.52,10.92,16.48,15.63,17.53,30.51,29.64,31.36,,,,,
2026-01-14,15.79,15.01,16.62,24.57,23.91,25.29,10.27,9.52,10.91,16.51,15.64,17.62,30.52,29.68,31.36,,,,,
2026-01-15,15.75,14.95,16.58,24.55,23.89,25.29,10.26,9.51,10.89,16.55,15.65,17.68,30.53,29.71,31.39,,,,,
2026-01-16,15.71,14.9,16.53,24.53,23.86,25.27,10.25,9.5,10.88,16.58,15.67,17.71,30.54,29.73,31.41,,,,,
2026-01-17,15.67,14.84,16.46,24.51,23.83,25.27,10.24,9.5,10.87,16.62,15.69,17.74,30.54,29.73,31.45,,,,,
2026-01-18,15.62,14.79,16.42,24.49,23.8,25.24,10.24,9.5,10.86,16.66,15.71,17.78,30.55,29.72,31.47,,,,,
2026-01-19,15.58,14.73,16.38,24.47,23.75,25.25,10.23,9.49,10.85,16.69,15.74,17.83,30.56,29.74,31.51,15.0,25.0,12.0,16.0,30.0
2026-01-20,15.54,14.68,16.33,24.45,23.7,25.25,10.22,9.49,10.83,16.73,15.76,17.88,30.57,29.77,31.53,,,,,
2026-01-21,15.5,14.61,16.29,24.42,23.65,25.24,10.22,9.49,10.82,16.77,15.79,17.93,30.57,29.78,31.54,,,,,
2026-01-22,15.46,14.54,16.26,24.4,23.64,25.22,10.21,9.49,10.81,16.81,15.81,17.98,30.58,29.8,31.55,,,,,
2026-01-23,15.42,14.52,16.22,24.37,23.63,25.19,10.21,9.48,10.8,16.85,15.85,18.03,30.59,29.81,31.56,,,,,
2026-01-24,15.37,14.47,16.19,24.35,23.59,25.2,10.21,9.49,10.79,16.89,15.88,18.08,30.59,29.79,31.57,,,,,
2026-01-25,15.33,14.42,16.15,24.32,23.56,25.18,10.2,9.49,10.78,16.93,15.92,18.13,30.6,29.8,31.56,,,,,
2026-01-26,15.29,14.37,16.11,24.3,23.52,25.16,10.2,9.5,10.79,16.97,15.93,18.21,30.61,29.84,31.56,15.0,28.0,10.0,14.0,29.0
2026-01-27,15.26,14.32,16.07,24.27,23.48,25.15,10.2,9.5,10.76,17.0,15.94,18.25,30.62,29.83,31.55,,,,,
2026-01-28,15.22,14.28,16.03,24.24,23.45,25.13,10.19,9.51,10.75,17.04,15.95,18.29,30.62,29.81,31.58,,,,,
2026-01-29,15.18,14.24,15.98,24.22,23.41,25.1,10.19,9.52,10.75,17.08,15.96,18.33,30.63,29.81,31.61,,,,,
2026-01-30,15.14,14.19,15.95,24.19,23.38,25.08,10.19,9.53,10.75,17.12,15.97,18.37,30.64,29.83,31.64,,,,,
2026-01-31,15.11,14.15,15.9,24.16,23.35,25.07,10.19,9.53,10.74,17.15,15.98,18.42,30.65,29.85,31.67,,,,,
2026-02-01,15.07,14.11,15.87,24.14,23.32,25.05,10.19,9.5,10.74,17.19,16.0,18.47,30.65,29.86,31.69,,,,,
2026-02-02,15.03,14.06,15.86,24.11,23.29,25.03,10.19,9.52,10.73,17.23,16.01,18.53,30.66,29.85,31.66,16.0,25.0,7.0,20.0,31.0
2026-02-03,15.0,14.02,15.84,24.08,23.26,25.01,10.19,9.53,10.74,17.27,16.03,18.56,30.66,29.85,31.65,,,,,
2026-02-04,14.96,14.0,15.82,24.05,23.23,24.99,10.19,9.55,10.72,17.31,16.06,18.58,30.67,29.85,31.67,,,,,
2026-02-05,14.93,13.99,15.81,24.02,23.19,24.96,10.19,9.53,10.71,17.35,16.09,18.6,30.67,29.84,31.71,,,,,
2026-02-06,14.9,13.97,15.79,23.99,23.17,24.94,10.19,9.54,10.71,17.39,16.13,18.67,30.67,29.83,31.76,17.0,25.0,9.0,14.0,34.0
2026-02-07,14.86,13.97,15.77,23.96,23.13,24.92,10.19,9.54,10.72,17.43,16.17,18.73,30.67,29.82,31.8,,,,,
2026-02-08,14.83,13.99,15.75,23.93,23.09,24.9,10.19,9.54,10.72,17.48,16.21,18.79,30.67,29.8,31.79,,,,,
2026-02-09,14.8,13.99,15.74,23.89,23.05,24.87,10.19,9.54,10.71,17.52,16.26,18.86,30.67,29.78,31.78,16.0,22.0,10.0,18.0,32.0
2026-02-10,14.77,13.96,15.7,23.85,23.02,24.82,10.19,9.52,10.72,17.57,16.28,18.92,30.67,29.77,31.77,,,,,
2026-02-11,14.74,13.94,15.67,23.82,22.95,24.76,10.19,9.54,10.72,17.62,16.33,18.98,30.67,29.78,31.79,,,,,
2026-02-12,14.71,13.93,15.63,23.78,22.85,24.73,10.18,9.55,10.72,17.67,16.38,19.0,30.67,29.8,31.8,,,,,
2026-02-13,14.69,13.92,15.59,23.74,22.8,24.7,10.18,9.55,10.72,17.72,16.44,19.04,30.67,29.78,31.78,,,,,
2026-02-14,14.66,13.89,15.56,23.7,22.77,24.67,10.18,9.55,10.71,17.77,16.48,19.08,30.67,29.74,31.8,,,,,
2026-02-15,14.63,13.87,15.54,23.66,22.75,24.63,10.17,9.56,10.71,17.81,16.52,19.1,30.67,29.71,31.78,,,,,
2026-02-16,14.61,13.84,15.51,23.62,22.72,24.59,10.17,9.55,10.7,17.86,16.53,19.12,30.66,29.69,31.8,13.0,23.0,10.0,20.0,30.0
2026-02-17,14.59,13.81,15.47,23.57,22.69,24.54,10.16,9.55,10.7,17.91,16.57,19.14,30.66,29.69,31.84,,,,,
2026-02-18,14.57,13.79,15.43,23.53,22.63,24.5,10.15,9.54,10.7,17.96,16.61,19.15,30.66,29.69,31.88,,,,,
2026-02-19,14.54,13.76,15.43,23.48,22.59,24.45,10.14,9.54,10.67,18.01,16.65,19.17,30.66,29.7,31.89,,,,,
2026-02-20,14.52,13.75,15.43,23.43,22.54,24.41,10.13,9.53,10.67,18.06,16.68,19.21,30.66,29.69,31.88,,,,,
2026-02-21,14.5,13.74,15.41,23.39,22.47,24.36,10.12,9.5,10.66,18.1,16.72,19.26,30.65,29.69,31.86,,,,,
2026-02-22,14.48,13.73,15.38,23.34,22.43,24.32,10.1,9.47,10.65,18.15,16.77,19.32,30.65,29.69,31.86,,,,,
2026-02-23,14.46,13.72,15.36,23.29,22.38,24.27,10.09,9.44,10.62,18.2,16.82,19.39,30.64,29.66,31.87,13.0,21.0,11.0,19.0,29.0
2026-02-24,14.44,13.72,15.33,23.24,22.34,24.2,10.08,9.43,10.62,18.24,16.86,19.48,30.64,29.64,31.91,,,,,
2026-02-25,14.42,13.7,15.31,23.19,22.28,24.14,10.06,9.4,10.62,18.29,16.89,19.51,30.63,29.64,31.9,,,,,
2026-02-26,14.4,13.69,15.28,23.13,22.23,24.08,10.05,9.4,10.6,18.33,16.9,19.58,30.63,29.65,31.87,,,,,
2026-02-27,14.39,13.68,15.24,23.08,22.19,24.02,10.04,9.39,10.58,18.37,16.96,19.65,30.62,29.63,31.92,,,,,
2026-02-28,14.37,13.67,15.19,23.03,22.15,23.97,10.02,9.39,10.58,18.41,17.02,19.72,30.61,29.65,31.99,12.0,25.0,11.0,18.0,32.0
2026-03-01,14.35,13.66,15.19,22.98,22.12,23.91,10.01,9.36,10.56,18.45,17.03,19.77,30.61,29.66,32.05,,,,,
2026-03-02,14.33,13.65,15.17,22.92,22.09,23.85,9.99,9.36,10.54,18.49,17.04,19.83,30.6,29.65,32.05,12.0,22.0,11.0,24.0,28.0
2026-03-03,14.32,13.65,15.14,22.87,22.06,23.81,9.98,9.37,10.54,18.53,17.04,19.89,30.59,29.63,32.05,,,,,
2026-03-04,14.3,13.63,15.12,22.82,22.02,23.77,9.97,9.35,10.54,18.57,17.06,19.93,30.57,29.62,32.04,,,,,
2026-03-05,14.29,13.62,15.09,22.77,21.99,23.72,9.96,9.32,10.53,18.6,17.05,19.98,30.56,29.57,32.04,13.0,22.0,10.0,18.0,34.0
2026-03-06,14.28,13.6,15.06,22.72,21.96,23.68,9.95,9.3,10.53,18.63,17.01,20.02,30.55,29.53,32.02,,,,,
2026-03-07,14.26,13.59,15.04,22.67,21.92,23.64,9.94,9.27,10.53,18.67,16.98,20.06,30.53,29.49,32.01,,,,,
2026-03-08,14.25,13.57,15.02,22.62,21.89,23.59,9.93,9.24,10.52,18.7,16.94,20.11,30.52,29.46,31.99,,,,,
2026-03-09,14.24,13.56,15.01,22.57,21.86,23.53,9.92,9.2,10.52,18.73,16.91,20.15,30.5,29.42,31.97,,,,,
2026-03-10,14.23,13.55,15.0,22.53,21.8,23.46,9.91,9.16,10.54,18.75,16.97,20.19,30.48,29.39,31.95,,,,,
2026-03-11,14.22,13.53,14.99,22.48,21.75,23.43,9.9,9.13,10.53,18.78,17.03,20.18,30.46,29.34,31.93,,,,,
2026-03-12,14.21,13.53,14.97,22.44,21.7,23.41,9.89,9.11,10.51,18.8,17.02,20.19,30.44,29.3,31.92,,,,,
2026-03-13,14.2,13.52,14.96,22.39,21.65,23.36,9.89,9.08,10.52,18.82,17.0,20.2,30.42,29.26,31.89,,,,,
2026-03-14,14.19,13.51,14.95,22.35,21.6,23.32,9.88,9.06,10.54,18.84,17.01,20.2,30.4,29.23,31.86,,,,,
2026-03-15,14.18,13.49,14.93,22.31,21.55,23.28,9.87,9.03,10.55,18.85,17.05,20.22,30.37,29.21,31.88,,,,,
2026-03-16,14.17,13.49,14.91,22.27,21.51,23.24,9.86,9.01,10.55,18.87,17.05,20.29,30.35,29.18,31.89,,,,,
2026-03-17,14.16,13.49,14.87,22.23,21.49,23.2,9.85,8.98,10.53,18.88,17.05,20.32,30.33,29.14,31.9,,,,,
2026-03-18,14.15,13.48,14.85,22.2,21.46,23.16,9.84,8.95,10.52,18.88,17.03,20.33,30.3,29.1,31.91,,,,,
2026-03-19,14.14,13.45,14.84,22.16,21.41,23.14,9.83,8.93,10.51,18.89,17.03,20.34,30.28,29.03,31.91,,,,,
2026-03-20,14.13,13.41,14.82,22.13,21.37,23.11,9.82,8.9,10.51,18.89,17.03,20.35,30.26,28.98,31.92,,,,,
2026-03-21,14.13,13.41,14.82,22.1,21.35,23.06,9.8,8.9,10.51,18.89,17.01,20.38,30.23,28.91,31.93,,,,,
2026-03-22,14.12,13.39,14.81,22.07,21.33,23.03,9.79,8.87,10.48,18.88,17.01,20.41,30.21,28.85,31.95,,,,,
2026-03-23,14.12,13.38,14.81,22.04,21.31,22.99,9.77,8.84,10.45,18.88,17.0,20.38,30.19,28.81,31.97,16.0,22.0,12.0,16.0,29.0
2026-03-24,14.12,13.39,14.8,22.01,21.3,22.97,9.76,8.83,10.45,18.87,16.98,20.36,30.17,28.77,31.97,,,,,
2026-03-25,14.12,13.39,14.81,21.99,21.28,22.95,9.74,8.8,10.45,18.85,16.97,20.36,30.14,28.71,31.97,,,,,
2026-03-26,14.12,13.39,14.81,21.97,21.27,22.94,9.72,8.76,10.45,18.84,16.94,20.38,30.12,28.66,31.98,,,,,
2026-03-27,14.13,13.39,14.8,21.95,21.26,22.91,9.7,8.74,10.44,18.82,16.91,20.31,30.1,28.61,31.99,,,,,
2026-03-28,14.13,13.37,14.8,21.93,21.25,22.87,9.68,8.71,10.42,18.8,16.89,20.29,30.08,28.56,32.01,,,,,
2026-03-29,14.14,13.36,14.79,21.91,21.22,22.84,9.65,8.67,10.39,18.78,16.86,20.3,30.06,28.51,32.04,,,,,
2026-03-30,14.15,13.35,14.79,21.89,21.2,22.81,9.63,8.64,10.39,18.76,16.81,20.31,30.05,28.47,32.07,16.0,19.0,9.0,24.0,27.0
2026-03-31,14.17,13.37,14.78,21.87,21.18,22.79,9.6,8.59,10.4,18.73,16.79,20.27,30.03,28.44,32.1,,,,,
2026-04-01,14.18,13.4,14.79,21.85,21.16,22.76,9.57,8.55,10.38,18.71,16.75,20.31,30.02,28.41,32.13,,,,,
2026-04-02,14.2,13.43,14.79,21.84,21.14,22.73,9.54,8.5,10.35,18.68,16.7,20.28,30.0,28.38,32.16,,,,,
2026-04-03,14.22,13.46,14.79,21.82,21.13,22.7,9.51,8.47,10.32,18.65,16.65,20.21,29.99,28.36,32.19,,,,,
2026-04-04,14.24,13.5,14.79,21.81,21.13,22.68,9.48,8.45,10.31,18.62,16.61,20.19,29.98,28.36,32.21,,,,,
2026-04-05,14.26,13.53,14.81,21.8,21.12,22.65,9.45,8.42,10.3,18.59,16.59,20.16,29.97,28.33,32.23,,,,,
2026-04-06,14.28,13.56,14.83,21.78,21.11,22.63,9.42,8.4,10.29,18.55,16.55,20.11,29.96,28.3,32.26,,,,,
2026-04-07,14.31,13.58,14.86,21.77,21.1,22.62,9.39,8.37,10.28,18.52,16.48,20.07,29.95,28.27,32.28,,,,,
2026-04-08,14.33,13.61,14.88,21.75,21.07,22.59,9.35,8.33,10.26,18.48,16.41,20.1,29.94,28.25,32.28,,,,,
2026-04-09,14.36,13.62,14.9,21.74,21.07,22.57,9.32,8.29,10.25,18.45,16.35,20.07,29.94,28.23,32.28,14.0,22.0,6.0,13.0,36.0
2026-04-10,14.38,13.65,14.89,21.73,21.06,22.55,9.29,8.25,10.23,18.41,16.25,20.06,29.93,28.21,32.28,,,,,
2026-04-11,14.4,13.68,14.92,21.72,21.03,22.53,9.25,8.22,10.22,18.38,16.21,20.06,29.92,28.2,32.28,,,,,
2026-04-12,14.43,13.71,14.95,21.7,21.02,22.51,9.22,8.2,10.2,18.34,16.15,20.01,29.91,28.18,32.28,,,,,
2026-04-13,14.45,13.73,14.98,21.69,21.01,22.49,9.19,8.18,10.18,18.31,16.11,19.99,29.9,28.16,32.27,15.0,23.0,10.0,20.0,26.0
2026-04-14,14.47,13.77,15.01,21.68,21.01,22.47,9.15,8.13,10.17,18.28,16.1,20.0,29.9,28.12,32.28,,,,,
2026-04-15,14.49,13.8,15.03,21.67,21.01,22.46,9.12,8.07,10.16,18.24,16.09,20.01,29.89,28.09,32.28,,,,,
2026-04-16,14.51,13.82,15.06,21.66,21.01,22.46,9.09,8.04,10.15,18.21,16.06,20.02,29.88,28.03,32.28,,,,,
2026-04-17,14.52,13.83,15.07,21.66,21.01,22.44,9.06,8.03,10.13,18.18,16.01,20.01,29.88,27.98,32.3,,,,,
2026-04-18,14.54,13.83,15.1,21.65,21.01,22.43,9.03,8.01,10.12,18.15,15.96,20.01,29.87,27.93,32.34,,,,,
2026-04-19,14.55,13.86,15.12,21.64,21.01,22.42,9.0,8.0,10.11,18.12,15.94,20.0,29.86,27.84,32.39,,,,,
2026-04-20,14.56,13.86,15.13,21.64,21.0,22.4,8.97,7.99,10.09,18.1,15.92,19.99,29.86,27.79,32.42,15.0,21.0,9.0,20.0,29.0
2026-04-21,14.57,13.86,15.14,21.63,20.99,22.39,8.94,7.98,10.05,18.07,15.9,19.97,29.85,27.75,32.46,,,,,
2026-04-22,14.57,13.86,15.17,21.63,20.97,22.38,8.91,7.97,10.0,18.05,15.89,19.96,29.85,27.74,32.45,,,,,
2026-04-23,14.57,13.85,15.18,21.63,20.96,22.37,8.89,7.96,9.97,18.02,15.86,19.94,29.85,27.67,32.43,,,,,
2026-04-24,14.57,13.85,15.19,21.63,20.95,22.37,8.87,7.95,9.93,18.0,15.81,19.93,29.84,27.64,32.42,,,,,
2026-04-25,14.57,13.86,15.19,21.63,20.94,22.37,8.84,7.94,9.9,17.98,15.71,19.91,29.84,27.62,32.45,,,,,
2026-04-26,14.56,13.84,15.2,21.64,20.92,22.37,8.82,7.91,9.87,17.97,15.68,19.89,29.85,27.62,32.47,,,,,
2026-04-27,14.56,13.84,15.19,21.64,20.93,22.37,8.8,7.88,9.84,17.95,15.67,19.87,29.85,27.61,32.49,,,,,
2026-04-28,14.54,13.83,15.17,21.65,20.93,22.36,8.79,7.85,9.81,17.94,15.67,19.86,29.85,27.62,32.53,,,,,
2026-04-29,14.53,13.81,15.17,21.65,20.94,22.36,8.77,7.82,9.77,17.92,15.68,19.88,29.86,27.62,32.59,,,,,
2026-04-30,14.52,13.8,15.17,21.66,20.96,22.36,8.75,7.83,9.74,17.91,15.69,19.83,29.87,27.63,32.64,,,,,
2026-05-01,14.5,13.79,15.17,21.67,20.98,22.36,8.74,7.84,9.71,17.9,15.7,19.81,29.87,27.64,32.7,,,,,
2026-05-02,14.48,13.77,15.16,21.68,21.01,22.36,8.72,7.83,9.68,17.88,15.71,19.81,29.88,27.64,32.76,,,,,
2026-05-03,14.47,13.76,15.15,21.69,21.04,22.36,8.71,7.82,9.65,17.87,15.72,19.75,29.9,27.65,32.83,,,,,
2026-05-04,14.45,13.79,15.14,21.7,21.07,22.36,8.69,7.8,9.59,17.85,15.75,19.71,29.91,27.66,32.61,,,,,
2026-05-05,14.43,13.74,15.13,21.71,21.09,22.36,8.68,7.79,9.56,17.84,15.76,19.69,29.92,27.62,32.62,14.0,22.0,9.0,17.0,28.0
2026-05-06,14.41,13.7,15.11,21.72,21.13,22.36,8.66,7.79,9.54,17.82,15.76,19.67,29.93,27.6,32.63,,,,,
2026-05-07,14.39,13.69,15.09,21.73,21.16,22.37,8.65,7.78,9.52,17.8,15.74,19.65,29.94,27.58,32.63,13.0,22.0,8.0,16.0,33.0