date,Positive (post-2024 election),Positive (post-2024 election) (low),Positive (post-2024 election) (high),Negative (post-2024 election),Negative (post-2024 election) (low),Negative (post-2024 election) (high),Unsure (post-2024 election),Unsure (post-2024 election) (low),Unsure (post-2024 election) (high),Positive (poll),Negative (poll),Unsure (poll)
2024-07-05,40.01,37.88,42.22,38.46,33.77,44.09,,,,44.0,34.0,
2024-07-06,39.92,37.79,42.13,38.64,34.0,44.22,,,,,,
2024-07-07,39.84,37.71,42.03,38.8,34.23,44.34,,,,,,
2024-07-08,39.75,37.63,41.94,38.97,34.46,44.47,,,,50.0,26.0,
2024-07-09,39.66,37.56,41.85,39.13,34.67,44.58,,,,,,
2024-07-10,39.58,37.48,41.72,39.28,34.89,44.68,,,,,,
2024-07-11,39.5,37.41,41.62,39.43,35.11,44.78,,,,41.0,21.0,
2024-07-12,39.41,37.34,41.54,39.58,35.32,44.87,,,,,,
2024-07-13,39.33,37.28,41.45,39.72,35.53,44.96,,,,,,
2024-07-14,39.24,37.17,41.36,39.86,35.74,45.05,,,,,,
2024-07-15,39.16,37.03,41.26,40.0,35.93,45.13,,,,,,
2024-07-16,39.08,36.95,41.16,40.13,36.13,45.21,,,,,,
2024-07-17,38.99,36.86,41.05,40.26,36.31,45.29,,,,41.0,23.0,
2024-07-18,38.91,36.78,40.93,40.39,36.51,45.36,,,,,,
2024-07-19,38.82,36.67,40.81,40.52,36.69,45.43,,,,,,
2024-07-20,38.73,36.51,40.68,40.64,36.86,45.5,,,,,,
2024-07-21,38.64,36.35,40.57,40.77,37.04,45.59,,,,,,
2024-07-22,38.55,36.24,40.5,40.9,37.13,45.68,,,,,,
2024-07-23,38.46,36.16,40.41,41.03,37.23,45.78,,,,,,
2024-07-24,38.36,36.08,40.32,41.15,37.36,45.89,,,,,,
2024-07-25,38.26,35.99,40.16,41.28,37.5,45.99,,,,46.0,39.0,
2024-07-26,38.17,35.9,40.01,41.42,37.65,46.08,,,,,,
2024-07-27,38.07,35.75,39.93,41.55,37.8,46.16,,,,,,
2024-07-28,37.97,35.61,39.87,41.68,37.93,46.23,,,,,,
2024-07-29,37.86,35.52,39.83,41.82,38.04,46.29,,,,,,
2024-07-30,37.76,35.43,39.71,41.96,38.24,46.36,,,,44.0,50.0,
2024-07-31,37.66,35.33,39.63,42.1,38.45,46.44,,,,38.0,34.0,
2024-08-01,37.55,35.24,39.53,42.24,38.63,46.51,,,,46.0,34.0,
2024-08-02,37.45,35.15,39.44,42.38,38.8,46.58,,,,,,
2024-08-03,37.34,35.06,39.36,42.53,38.98,46.65,,,,,,
2024-08-04,37.23,34.97,39.27,42.68,39.17,46.83,,,,,,
2024-08-05,37.12,34.88,39.18,42.82,39.37,47.03,,,,40.0,53.0,
2024-08-06,37.01,34.8,39.08,42.98,39.5,47.24,,,,,,
2024-08-07,36.89,34.7,38.99,43.13,39.62,47.36,,,,33.5,39.5,
2024-08-08,36.78,34.58,38.84,43.28,39.75,47.49,,,,,,
2024-08-09,36.67,34.46,38.75,43.43,39.95,47.62,,,,,,
2024-08-10,36.55,34.27,38.64,43.59,40.06,47.74,,,,,,
2024-08-11,36.44,34.09,38.51,43.75,40.17,47.86,,,,,,
2024-08-12,36.32,34.01,38.38,43.9,40.27,47.98,,,,,,
2024-08-13,36.21,33.94,38.31,44.06,40.38,48.1,,,,,,
2024-08-14,36.09,33.87,38.24,44.22,40.49,48.22,,,,35.0,49.5,
2024-08-15,35.97,33.73,38.16,44.39,40.61,48.33,,,,,,
2024-08-16,35.85,33.57,38.05,44.55,40.76,48.54,,,,,,
2024-08-17,35.73,33.41,37.95,44.72,40.98,48.61,,,,,,
2024-08-18,35.61,33.34,37.84,44.88,41.22,48.69,,,,,,
2024-08-19,35.49,33.25,37.73,45.05,41.45,48.79,,,,,,
2024-08-20,35.37,33.12,37.63,45.22,41.69,48.9,,,,,,
2024-08-21,35.25,32.97,37.53,45.39,41.93,49.02,,,,,,
2024-08-22,35.13,32.81,37.42,45.56,42.04,49.15,,,,,,
2024-08-23,35.0,32.66,37.32,45.74,42.15,49.28,,,,,,
2024-08-24,34.88,32.5,37.2,45.91,42.27,49.42,,,,28.0,45.0,
2024-08-25,34.75,32.35,37.1,46.09,42.45,49.49,,,,,,
2024-08-26,34.62,32.16,37.0,46.27,42.7,49.64,,,,,,
2024-08-27,34.49,31.96,36.9,46.45,42.96,49.8,,,,,,
2024-08-28,34.36,31.76,36.8,46.64,43.22,49.95,,,,41.0,53.0,
2024-08-29,34.23,31.56,36.69,46.83,43.41,50.09,,,,29.0,46.0,
2024-08-30,34.09,31.36,36.58,47.02,43.6,50.17,,,,,,
2024-08-31,33.95,31.17,36.47,47.22,43.79,50.26,,,,,,
2024-09-01,33.81,31.0,36.34,47.41,43.97,50.42,,,,,,
2024-09-02,33.67,30.9,36.22,47.62,44.16,50.62,,,,31.0,51.0,
2024-09-03,33.52,30.81,36.09,47.82,44.37,50.81,,,,,,
2024-09-04,33.38,30.73,35.95,48.02,44.68,51.0,,,,42.0,47.0,
2024-09-05,33.22,30.65,35.74,48.23,44.98,51.2,,,,,,
2024-09-06,33.07,30.54,35.54,48.44,45.3,51.41,,,,42.0,47.0,
2024-09-07,32.92,30.39,35.37,48.65,45.63,51.55,,,,,,
2024-09-08,32.76,30.3,35.21,48.86,45.84,51.73,,,,,,
2024-09-09,32.61,30.2,35.08,49.07,46.03,51.91,,,,,,
2024-09-10,32.45,30.08,34.95,49.28,46.23,52.09,,,,,,
2024-09-11,32.29,29.91,34.81,49.49,46.49,52.26,,,,,,
2024-09-12,32.13,29.75,34.67,49.69,46.77,52.42,,,,,,
2024-09-13,31.97,29.58,34.53,49.9,46.94,52.62,,,,,,
2024-09-14,31.81,29.42,34.38,50.11,47.12,52.75,,,,,,
2024-09-15,31.65,29.26,34.18,50.31,47.3,52.98,,,,,,
2024-09-16,31.49,29.11,34.0,50.51,47.49,53.15,,,,,,
2024-09-17,31.34,28.97,33.83,50.71,47.69,53.32,,,,,,
2024-09-18,31.18,28.84,33.65,50.9,47.9,53.48,,,,25.0,51.0,
2024-09-19,31.02,28.67,33.46,51.09,48.14,53.63,,,,,,
2024-09-20,30.86,28.54,33.28,51.28,48.38,53.84,,,,,,
2024-09-21,30.7,28.4,33.1,51.47,48.61,53.97,,,,,,
2024-09-22,30.55,28.27,32.92,51.65,48.84,54.1,,,,,,
2024-09-23,30.39,28.15,32.78,51.83,49.03,54.3,,,,,,
2024-09-24,30.23,28.03,32.66,52.01,49.18,54.53,,,,21.0,49.0,
2024-09-25,30.08,27.91,32.54,52.19,49.4,54.65,,,,24.0,54.0,
2024-09-26,29.92,27.8,32.42,52.36,49.66,54.76,,,,,,
2024-09-27,29.76,27.69,32.3,52.53,49.85,54.87,,,,,,
2024-09-28,29.6,27.56,32.19,52.71,50.12,54.98,,,,,,
2024-09-29,29.44,27.45,32.01,52.88,50.31,55.09,,,,,,
2024-09-30,29.28,27.31,31.83,53.05,50.47,55.23,,,,,,
2024-10-01,29.13,27.17,31.62,53.22,50.67,55.36,,,,,,
2024-10-02,28.97,27.02,31.41,53.38,50.88,55.49,,,,,,
2024-10-03,28.81,26.88,31.2,53.55,51.02,55.62,,,,20.0,60.0,
2024-10-04,28.65,26.74,31.01,53.72,51.21,55.84,,,,29.0,64.0,
2024-10-05,28.49,26.57,30.84,53.89,51.47,56.06,,,,,,
2024-10-06,28.33,26.42,30.66,54.06,51.67,56.22,,,,,,
2024-10-07,28.17,26.24,30.48,54.23,51.92,56.35,,,,29.0,63.0,
2024-10-08,28.02,26.06,30.31,54.39,52.17,56.48,,,,,,
2024-10-09,27.86,25.88,30.12,54.56,52.33,56.66,,,,,,
2024-10-10,27.71,25.71,29.95,54.73,52.53,56.85,,,,,,
2024-10-11,27.56,25.55,29.77,54.9,52.7,56.99,,,,,,
2024-10-12,27.41,25.39,29.59,55.06,52.82,57.11,,,,,,
2024-10-13,27.26,25.24,29.43,55.23,52.95,57.23,,,,,,
2024-10-14,27.11,25.1,29.27,55.39,53.14,57.37,,,,,,
2024-10-15,26.96,24.96,29.12,55.56,53.32,57.58,,,,,,
2024-10-16,26.82,24.86,28.97,55.72,53.5,57.74,,,,20.0,57.0,
2024-10-17,26.68,24.7,28.8,55.88,53.64,57.87,,,,,,
2024-10-18,26.54,24.58,28.64,56.04,53.8,57.98,,,,,,
2024-10-19,26.4,24.47,28.49,56.2,53.96,58.14,,,,,,
2024-10-20,26.26,24.37,28.33,56.36,54.12,58.31,,,,,,
2024-10-21,26.12,24.32,28.18,56.52,54.29,58.44,,,,,,
2024-10-22,25.99,24.27,28.03,56.68,54.47,58.56,,,,,,
2024-10-23,25.85,24.15,27.87,56.84,54.64,58.7,,,,,,
2024-10-24,25.72,24.0,27.7,57.0,54.79,58.84,,,,,,
2024-10-25,25.59,23.85,27.54,57.17,54.94,58.98,,,,,,
2024-10-26,25.46,23.77,27.41,57.33,55.15,59.16,,,,,,
2024-10-27,25.34,23.64,27.24,57.49,55.34,59.36,,,,,,
2024-10-28,25.21,23.55,27.04,57.65,55.47,59.49,,,,28.0,58.0,
2024-10-29,25.09,23.41,26.92,57.81,55.59,59.6,,,,,,
2024-10-30,24.96,23.28,26.78,57.97,55.75,59.75,,,,,,
2024-10-31,24.84,23.24,26.67,58.12,55.92,59.89,,,,,,
2024-11-01,24.73,23.18,26.56,58.28,56.1,60.13,,,,,,
2024-11-02,24.61,23.09,26.37,58.43,56.31,60.28,,,,,,
2024-11-03,24.5,23.02,26.17,58.58,56.55,60.38,,,,,,
2024-11-04,24.4,22.93,25.97,58.73,56.76,60.47,,,,,,
2024-11-05,24.29,22.88,25.77,58.87,56.9,60.69,,,,,,
2024-11-06,24.2,22.81,25.59,59.01,57.03,60.83,,,,,,
2024-11-07,24.1,22.77,25.51,59.15,57.19,60.98,,,,,,
2024-11-08,24.02,22.69,25.33,59.28,57.37,61.18,,,,28.0,65.0,
2024-11-09,23.93,22.59,25.21,59.4,57.54,61.35,,,,20.0,57.0,
2024-11-10,23.86,22.49,25.14,59.52,57.75,61.49,,,,,,
2024-11-11,23.79,22.45,25.07,59.64,57.89,61.63,,,,22.0,54.0,
2024-11-12,23.72,22.37,25.01,59.74,58.02,61.63,,,,,,
2024-11-13,23.66,22.29,24.97,59.84,58.15,61.63,,,,22.0,60.0,
2024-11-14,23.61,22.21,24.93,59.94,58.25,61.68,,,,,,
2024-11-15,23.56,22.15,24.89,60.03,58.37,61.79,,,,,,
2024-11-16,23.51,22.1,24.84,60.11,58.52,61.89,,,,,,
2024-11-17,23.47,22.09,24.8,60.19,58.56,61.99,,,,,,
2024-11-18,23.43,22.1,24.77,60.27,58.63,62.06,,,,,,
2024-11-19,23.4,22.1,24.71,60.34,58.72,62.14,,,,,,
2024-11-20,23.37,22.09,24.64,60.4,58.8,62.18,,,,,,
2024-11-21,23.34,22.06,24.64,60.46,58.89,62.22,,,,,,
2024-11-22,23.31,22.04,24.63,60.52,58.97,62.27,,,,,,
2024-11-23,23.28,22.01,24.58,60.57,59.09,62.31,,,,,,
2024-11-24,23.25,21.98,24.54,60.62,59.23,62.34,,,,,,
2024-11-25,23.22,21.95,24.5,60.67,59.27,62.38,,,,,,
2024-11-26,23.19,21.93,24.49,60.72,59.3,62.45,,,,,,
2024-11-27,23.16,21.9,24.46,60.76,59.35,62.56,,,,,,
2024-11-28,23.13,21.88,24.42,60.8,59.39,62.57,,,,,,
2024-11-29,23.1,21.86,24.39,60.84,59.42,62.62,,,,,,
2024-11-30,23.07,21.85,24.4,60.88,59.44,62.68,,,,,,
2024-12-01,23.04,21.84,24.37,60.91,59.46,62.73,,,,,,
2024-12-02,23.0,21.84,24.35,60.94,59.47,62.73,,,,,,
2024-12-03,22.97,21.81,24.33,60.96,59.48,62.74,,,,,,
2024-12-04,22.94,21.77,24.3,60.99,59.48,62.8,,,,27.0,62.0,
2024-12-05,22.9,21.72,24.27,61.01,59.49,62.83,,,,,,
2024-12-06,22.87,21.66,24.21,61.03,59.52,62.85,,,,,,
2024-12-07,22.84,21.6,24.17,61.05,59.54,62.89,,,,,,
2024-12-08,22.8,21.54,24.17,61.07,59.57,62.92,,,,,,
2024-12-09,22.77,21.54,24.11,61.08,59.58,62.95,,,,,,
2024-12-10,22.74,21.54,24.1,61.1,59.61,62.98,,,,18.0,57.0,
2024-12-11,22.7,21.5,24.09,61.11,59.65,63.0,,,,,,
2024-12-12,22.67,21.43,24.08,61.12,59.68,63.02,,,,,,
2024-12-13,22.64,21.37,24.06,61.14,59.71,63.04,,,,,,
2024-12-14,22.61,21.36,24.04,61.15,59.72,63.06,,,,,,
2024-12-15,22.57,21.28,24.07,61.16,59.72,63.08,,,,,,
2024-12-16,22.54,21.23,24.08,61.18,59.73,63.09,,,,25.0,67.0,
2024-12-17,22.51,21.19,24.06,61.19,59.74,63.11,,,,,,
2024-12-18,22.48,21.15,24.04,61.21,59.74,63.13,,,,,,
2024-12-19,22.45,21.08,24.02,61.22,59.75,63.14,,,,,,
2024-12-20,22.43,21.05,24.0,61.24,59.76,63.15,,,,21.0,56.0,
2024-12-21,22.4,21.03,23.98,61.25,59.76,63.16,,,,,,
2024-12-22,22.37,21.02,23.97,61.27,59.77,63.16,,,,,,
2024-12-23,22.34,21.0,23.95,61.28,59.79,63.16,,,,23.0,65.5,
2024-12-24,22.32,20.97,23.95,61.3,59.79,63.17,,,,,,
2024-12-25,22.29,20.95,23.92,61.32,59.8,63.19,,,,,,
2024-12-26,22.26,20.93,23.91,61.33,59.81,63.22,,,,,,
2024-12-27,22.24,20.9,23.89,61.35,59.83,63.24,,,,,,
2024-12-28,22.21,20.88,23.86,61.36,59.82,63.25,,,,,,
2024-12-29,22.19,20.85,23.85,61.38,59.83,63.26,,,,,,
2024-12-30,22.16,20.83,23.83,61.4,59.84,63.29,,,,,,
2024-12-31,22.14,20.81,23.82,61.41,59.84,63.31,,,,,,
2025-01-01,22.11,20.79,23.81,61.43,59.85,63.34,,,,,,
2025-01-02,22.09,20.77,23.79,61.45,59.89,63.35,,,,,,
2025-01-03,22.06,20.73,23.78,61.46,59.95,63.37,,,,26.0,70.0,
2025-01-04,22.04,20.7,23.76,61.48,60.0,63.38,,,,,,
2025-01-05,22.02,20.67,23.74,61.5,60.03,63.4,,,,,,
2025-01-06,22.0,20.66,23.73,61.51,60.02,63.41,,,,,,
2025-01-07,21.98,20.65,23.71,61.53,60.02,63.42,,,,,,
2025-01-08,21.96,20.64,23.69,61.54,60.02,63.44,,,,,,
2025-01-09,21.94,20.61,23.67,61.56,60.02,63.44,,,,,,
2025-01-10,21.92,20.57,23.65,61.57,60.02,63.42,,,,20.0,58.7,
2025-01-11,21.9,20.53,23.64,61.58,60.02,63.42,,,,,,
2025-01-12,21.88,20.5,23.62,61.59,60.03,63.46,,,,,,
2025-01-13,21.86,20.48,23.61,61.6,60.04,63.47,,,,,,
2025-01-14,21.84,20.48,23.59,61.6,60.04,63.46,,,,,,
2025-01-15,21.82,20.48,23.57,61.61,60.05,63.45,,,,,,
2025-01-16,21.8,20.49,23.56,61.61,60.05,63.46,,,,,,
2025-01-17,21.79,20.49,23.53,61.61,60.09,63.45,,,,29.0,66.0,
2025-01-18,21.77,20.48,23.51,61.61,60.12,63.43,,,,,,
2025-01-19,21.75,20.47,23.49,61.61,60.16,63.42,,,,,,
2025-01-20,21.73,20.45,23.47,61.61,60.2,63.4,,,,,,
2025-01-21,21.71,20.43,23.44,61.6,60.22,63.37,,,,,,
2025-01-22,21.69,20.42,23.41,61.6,60.24,63.35,,,,,,
2025-01-23,21.68,20.4,23.38,61.59,60.25,63.32,,,,19.0,60.0,
2025-01-24,21.66,20.41,23.35,61.58,60.26,63.3,,,,,,
2025-01-25,21.64,20.42,23.32,61.56,60.26,63.3,,,,,,
2025-01-26,21.62,20.41,23.29,61.55,60.28,63.28,,,,,,
2025-01-27,21.6,20.38,23.25,61.53,60.29,63.25,,,,,,
2025-01-28,21.58,20.36,23.21,61.51,60.23,63.2,,,,19.0,60.0,
2025-01-29,21.56,20.34,23.18,61.49,60.17,63.18,,,,,,
2025-01-30,21.54,20.31,23.14,61.47,60.17,63.18,,,,,,
2025-01-31,21.52,20.31,23.1,61.45,60.17,63.17,,,,,,
2025-02-01,21.5,20.32,23.05,61.43,60.18,63.13,,,,,,
2025-02-02,21.47,20.32,23.0,61.4,60.18,63.1,,,,,,
2025-02-03,21.45,20.33,22.94,61.38,60.19,63.06,,,,,,
2025-02-04,21.43,20.31,22.88,61.35,60.2,63.0,,,,,,
2025-02-05,21.4,20.3,22.84,61.33,60.18,62.96,,,,,,
2025-02-06,21.38,20.28,22.8,61.3,60.16,62.92,,,,,,
2025-02-07,21.35,20.26,22.75,61.27,60.15,62.87,,,,19.5,59.5,
2025-02-08,21.33,20.24,22.7,61.24,60.1,62.82,,,,,,
2025-02-09,21.3,20.22,22.64,61.21,60.11,62.76,,,,,,
2025-02-10,21.27,20.22,22.58,61.18,60.09,62.7,,,,,,
2025-02-11,21.25,20.22,22.52,61.15,60.08,62.63,,,,,,
2025-02-12,21.22,20.21,22.47,61.11,60.06,62.58,,,,,,
2025-02-13,21.2,20.2,22.42,61.08,60.02,62.54,,,,,,
2025-02-14,21.17,20.2,22.37,61.05,60.01,62.5,,,,,,
2025-02-15,21.14,20.19,22.31,61.01,59.99,62.45,,,,,,
2025-02-16,21.12,20.18,22.27,60.98,59.99,62.39,,,,,,
2025-02-17,21.09,20.15,22.22,60.94,59.98,62.31,,,,,,
2025-02-18,21.06,20.16,22.17,60.91,59.96,62.24,,,,,,
2025-02-19,21.04,20.12,22.12,60.87,59.93,62.16,,,,,,
2025-02-20,21.01,20.12,22.07,60.84,59.91,62.09,,,,,,
2025-02-21,20.98,20.12,22.01,60.81,59.89,62.05,,,,,,
2025-02-22,20.95,20.1,21.95,60.78,59.86,62.02,,,,,,
2025-02-23,20.92,20.07,21.89,60.75,59.84,61.98,,,,21.0,63.0,
2025-02-24,20.89,20.05,21.84,60.72,59.82,61.91,,,,,,
2025-02-25,20.86,20.03,21.78,60.7,59.8,61.82,,,,,,
2025-02-26,20.83,20.01,21.73,60.68,59.8,61.78,,,,,,
2025-02-27,20.8,20.0,21.68,60.66,59.79,61.75,,,,,,
2025-02-28,20.77,19.99,21.62,60.64,59.79,61.72,,,,,,
2025-03-01,20.74,19.98,21.59,60.63,59.79,61.7,,,,,,
2025-03-02,20.71,19.97,21.55,60.62,59.8,61.67,,,,,,
2025-03-03,20.68,19.96,21.5,60.61,59.82,61.61,,,,,,
2025-03-04,20.64,19.96,21.45,60.61,59.83,61.56,,,,,,
2025-03-05,20.61,19.95,21.38,60.6,59.85,61.58,,,,,,
2025-03-06,20.58,19.95,21.32,60.6,59.82,61.59,,,,,,
2025-03-07,20.55,19.93,21.25,60.6,59.83,61.56,,,,,,
2025-03-08,20.52,19.93,21.19,60.61,59.85,61.53,,,,,,
2025-03-09,20.49,19.89,21.14,60.62,59.83,61.53,,,,,,
2025-03-10,20.46,19.87,21.11,60.62,59.83,61.55,,,,,,
2025-03-11,20.42,19.84,21.08,60.63,59.83,61.56,,,,,,
2025-03-12,20.39,19.81,21.08,60.64,59.83,61.56,,,,,,
2025-03-13,20.37,19.82,21.06,60.66,59.86,61.6,,,,,,
2025-03-14,20.34,19.82,21.04,60.67,59.85,61.6,,,,,,
2025-03-15,20.31,19.79,21.02,60.69,59.84,61.6,,,,,,
2025-03-16,20.28,19.74,20.99,60.7,59.84,61.6,,,,,,
2025-03-17,20.25,19.69,20.96,60.72,59.86,61.6,,,,22.0,65.0,
2025-03-18,20.23,19.67,20.88,60.74,59.88,61.65,,,,,,
2025-03-19,20.2,19.62,20.86,60.75,59.9,61.7,,,,,,
2025-03-20,20.18,19.56,20.85,60.77,59.9,61.71,,,,,,
2025-03-21,20.16,19.51,20.85,60.79,59.9,61.73,,,,21.5,58.5,
2025-03-22,20.14,19.46,20.83,60.81,59.89,61.74,,,,,,
2025-03-23,20.12,19.41,20.82,60.82,59.89,61.74,,,,,,
2025-03-24,20.1,19.38,20.8,60.84,59.88,61.77,,,,,,
2025-03-25,20.09,19.38,20.78,60.86,59.88,61.78,,,,,,
2025-03-26,20.07,19.38,20.77,60.87,59.88,61.78,,,,,,
2025-03-27,20.06,19.36,20.76,60.89,59.87,61.77,,,,19.0,58.0,
2025-03-28,20.05,19.32,20.76,60.9,59.87,61.79,,,,20.0,60.0,
2025-03-29,20.03,19.28,20.76,60.92,59.86,61.81,,,,,,
2025-03-30,20.03,19.22,20.74,60.93,59.86,61.83,,,,,,
2025-03-31,20.02,19.2,20.74,60.94,59.87,61.84,,,,,,
2025-04-01,20.01,19.2,20.74,60.95,59.88,61.85,,,,,,
2025-04-02,20.01,19.19,20.76,60.96,59.88,61.86,,,,,,
2025-04-03,20.0,19.17,20.8,60.97,59.9,61.87,,,,,,
2025-04-04,20.0,19.17,20.8,60.98,59.9,61.88,,,,,,
2025-04-05,20.0,19.16,20.8,60.99,59.91,61.91,,,,,,
2025-04-06,20.0,19.16,20.81,61.0,59.91,61.92,,,,,,
2025-04-07,20.01,19.16,20.82,61.01,59.91,61.93,,,,,,
2025-04-08,20.01,19.17,20.82,61.02,59.92,61.94,,,,,,
2025-04-09,20.01,19.15,20.83,61.02,59.93,61.95,,,,,,
2025-04-10,20.02,19.14,20.85,61.03,59.93,61.97,,,,,,
2025-04-11,20.02,19.13,20.87,61.03,59.94,62.0,,,,22.0,60.0,
2025-04-12,20.03,19.12,20.89,61.04,59.95,62.01,,,,,,
2025-04-13,20.03,19.13,20.91,61.04,59.96,62.02,,,,,,
2025-04-14,20.04,19.13,20.93,61.04,59.96,62.03,,,,18.0,60.0,
2025-04-15,20.04,19.13,20.94,61.04,59.97,62.03,,,,,,
2025-04-16,20.05,19.13,20.95,61.05,59.98,62.03,,,,,,
2025-04-17,20.06,19.13,20.95,61.05,59.99,62.04,,,,,,
2025-04-18,20.07,19.13,20.96,61.05,60.0,62.04,,,,,,
2025-04-19,20.07,19.14,20.98,61.05,60.0,62.04,,,,,,
2025-04-20,20.08,19.16,21.01,61.05,60.01,62.01,,,,,,
2025-04-21,20.09,19.18,21.03,61.05,60.01,61.98,,,,21.0,61.0,
2025-04-22,20.1,19.2,21.04,61.05,60.02,61.95,,,,,,
2025-04-23,20.1,19.22,21.05,61.05,60.04,61.93,,,,,,
2025-04-24,20.11,19.23,21.07,61.05,60.05,61.94,,,,,,
2025-04-25,20.12,19.23,21.09,61.05,60.06,61.94,,,,21.0,59.0,
2025-04-26,20.12,19.22,21.11,61.05,60.08,61.93,,,,,,
2025-04-27,20.13,19.22,21.12,61.06,60.09,61.91,,,,22.0,59.0,
2025-04-28,20.14,19.25,21.14,61.06,60.1,61.9,,,,,,
2025-04-29,20.14,19.25,21.16,61.07,60.11,61.89,,,,,,
2025-04-30,20.15,19.25,21.17,61.08,60.12,61.89,,,,,,
2025-05-01,20.15,19.25,21.19,61.09,60.12,61.91,,,,,,
2025-05-02,20.15,19.26,21.2,61.1,60.14,61.93,,,,20.0,61.5,
2025-05-03,20.16,19.26,21.21,61.11,60.17,61.93,,,,,,
2025-05-04,20.16,19.27,21.22,61.13,60.2,61.93,,,,17.0,64.0,
2025-05-05,20.16,19.28,21.25,61.15,60.21,61.94,,,,,,
2025-05-06,20.16,19.29,21.26,61.16,60.23,61.98,,,,,,
2025-05-07,20.16,19.29,21.27,61.19,60.27,62.02,,,,,,
2025-05-08,20.16,19.29,21.28,61.21,60.31,62.06,,,,11.0,71.0,
2025-05-09,20.16,19.29,21.28,61.23,60.33,62.11,,,,,,
2025-05-10,20.16,19.28,21.28,61.26,60.33,62.15,,,,,,
2025-05-11,20.16,19.27,21.29,61.29,60.34,62.2,,,,,,
2025-05-12,20.15,19.25,21.29,61.32,60.36,62.23,,,,,,
2025-05-13,20.15,19.22,21.3,61.35,60.37,62.24,,,,,,
2025-05-14,20.15,19.19,21.3,61.38,60.38,62.26,,,,,,
2025-05-15,20.14,19.16,21.3,61.42,60.41,62.28,,,,,,
2025-05-16,20.14,19.16,21.3,61.45,60.43,62.3,,,,19.0,60.0,
2025-05-17,20.14,19.16,21.31,61.49,60.46,62.33,,,,,,
2025-05-18,20.13,19.17,21.31,61.53,60.5,62.43,,,,,,
2025-05-19,20.13,19.17,21.31,61.57,60.53,62.45,,,,,,
2025-05-20,20.12,19.18,21.31,61.61,60.55,62.48,,,,,,
2025-05-21,20.12,19.18,21.31,61.65,60.56,62.5,,,,,,
2025-05-22,20.11,19.17,21.31,61.69,60.59,62.52,,,,,,
2025-05-23,20.1,19.17,21.31,61.73,60.6,62.61,,,,,,
2025-05-24,20.1,19.17,21.31,61.77,60.61,62.7,,,,,,
2025-05-25,20.09,19.18,21.31,61.82,60.63,62.76,,,,,,
2025-05-26,20.09,19.17,21.31,61.86,60.66,62.79,,,,,,
2025-05-27,20.08,19.17,21.3,61.91,60.69,62.83,,,,,,
2025-05-28,20.08,19.16,21.3,61.96,60.72,62.86,,,,20.0,60.0,
2025-05-29,20.07,19.16,21.29,62.0,60.75,62.93,,,,,,
2025-05-30,20.06,19.16,21.28,62.05,60.78,63.02,,,,19.0,61.0,
2025-05-31,20.06,19.15,21.27,62.1,60.81,63.11,,,,,,
2025-06-01,20.05,19.15,21.27,62.14,60.84,63.19,,,,,,
2025-06-02,20.05,19.16,21.27,62.19,60.87,63.27,,,,27.0,60.0,
2025-06-03,20.04,19.17,21.29,62.24,60.92,63.31,,,,,,
2025-06-04,20.04,19.16,21.3,62.29,60.98,63.34,,,,,,
2025-06-05,20.03,19.12,21.3,62.34,61.03,63.37,,,,,,
2025-06-06,20.03,19.08,21.31,62.38,61.09,63.44,,,,,,
2025-06-07,20.03,19.09,21.31,62.43,61.12,63.52,,,,,,
2025-06-08,20.02,19.09,21.28,62.48,61.14,63.6,,,,,,
2025-06-09,20.02,19.1,21.26,62.53,61.17,63.68,,,,20.0,62.0,
2025-06-10,20.02,19.09,21.24,62.58,61.23,63.74,,,,,,
2025-06-11,20.02,19.09,21.24,62.63,61.3,63.79,,,,,,
2025-06-12,20.02,19.08,21.25,62.67,61.33,63.84,,,,,,
2025-06-13,20.02,19.07,21.27,62.72,61.37,63.87,,,,23.0,59.0,
2025-06-14,20.01,19.07,21.28,62.77,61.44,63.88,,,,,,
2025-06-15,20.01,19.03,21.29,62.82,61.49,63.9,,,,,,
2025-06-16,20.01,18.99,21.28,62.87,61.54,63.93,,,,24.0,61.0,
2025-06-17,20.02,19.0,21.27,62.92,61.58,64.02,,,,,,
2025-06-18,20.02,19.0,21.25,62.96,61.61,64.1,,,,,,
2025-06-19,20.02,18.99,21.24,63.01,61.64,64.17,,,,,,
2025-06-20,20.02,18.97,21.23,63.06,61.69,64.21,,,,,,
2025-06-21,20.02,18.95,21.21,63.11,61.76,64.27,,,,,,
2025-06-22,20.02,18.92,21.21,63.15,61.82,64.35,,,,,,
2025-06-23,20.02,18.88,21.23,63.2,61.85,64.41,,,,,,
2025-06-24,20.03,18.84,21.25,63.25,61.86,64.45,,,,,,
2025-06-25,20.03,18.8,21.24,63.29,61.88,64.54,,,,,,
2025-06-26,20.03,18.75,21.26,63.34,61.89,64.59,,,,,,
2025-06-27,20.03,18.72,21.25,63.38,61.91,64.66,,,,20.0,61.0,
2025-06-28,20.03,18.74,21.24,63.43,61.96,64.73,,,,,,
2025-06-29,20.03,18.78,21.22,63.47,62.04,64.79,,,,,,
2025-06-30,20.03,18.8,21.2,63.52,62.12,64.83,,,,,,
2025-07-01,20.03,18.78,21.21,63.56,62.17,64.84,,,,,,
2025-07-02,20.03,18.74,21.21,63.61,62.21,64.88,,,,,,
2025-07-03,20.03,18.75,21.21,63.65,62.24,64.94,,,,,,
2025-07-04,20.02,18.75,21.2,63.7,62.28,64.97,,,,,,
2025-07-05,20.02,18.73,21.19,63.74,62.35,65.0,,,,,,
2025-07-06,20.02,18.73,21.18,63.79,62.47,65.03,,,,,,
2025-07-07,20.01,18.73,21.16,63.84,62.49,65.05,,,,17.0,70.0,
2025-07-08,20.0,18.74,21.14,63.89,62.51,65.1,,,,,,
2025-07-09,19.99,18.73,21.13,63.93,62.56,65.13,,,,,,
2025-07-10,19.98,18.73,21.13,63.98,62.61,65.18,,,,,,
2025-07-11,19.97,18.72,21.13,64.03,62.65,65.26,,,,17.0,64.0,
2025-07-12,19.96,18.7,21.12,64.08,62.68,65.31,,,,,,
2025-07-13,19.94,18.68,21.12,64.13,62.72,65.39,,,,,,
2025-07-14,19.93,18.66,21.11,64.18,62.74,65.46,,,,22.0,70.0,
2025-07-15,19.91,18.65,21.09,64.23,62.76,65.53,,,,,,
2025-07-16,19.89,18.64,21.07,64.28,62.79,65.59,,,,,,
2025-07-17,19.86,18.62,21.05,64.34,62.86,65.66,,,,,,
2025-07-18,19.84,18.6,21.02,64.39,62.93,65.71,,,,,,
2025-07-19,19.82,18.58,21.0,64.45,62.99,65.78,,,,,,
2025-07-20,19.79,18.56,20.98,64.5,63.06,65.8,,,,,,
2025-07-21,19.76,18.53,20.94,64.56,63.14,65.83,,,,,,
2025-07-22,19.73,18.51,20.93,64.62,63.2,65.88,,,,,,
2025-07-23,19.7,18.48,20.9,64.67,63.28,65.93,,,,,,
2025-07-24,19.67,18.45,20.87,64.73,63.33,65.99,,,,,,
2025-07-25,19.64,18.44,20.84,64.79,63.37,66.06,,,,20.0,63.0,
2025-07-26,19.61,18.41,20.82,64.85,63.4,66.12,,,,,,
2025-07-27,19.58,18.36,20.79,64.9,63.43,66.19,,,,,,
2025-07-28,19.55,18.32,20.76,64.96,63.47,66.26,,,,,,
2025-07-29,19.52,18.29,20.73,65.01,63.54,66.33,,,,,,
2025-07-30,19.49,18.25,20.65,65.07,63.57,66.4,,,,,,
2025-07-31,19.46,18.22,20.61,65.12,63.6,66.47,,,,,,
2025-08-01,19.43,18.19,20.61,65.17,63.67,66.54,,,,,,
2025-08-02,19.4,18.14,20.59,65.22,63.75,66.6,,,,,,
2025-08-03,19.37,18.1,20.55,65.27,63.83,66.67,,,,19.5,64.5,
2025-08-04,19.34,18.06,20.51,65.32,63.92,66.73,,,,,,
2025-08-05,19.32,18.06,20.47,65.37,63.99,66.79,,,,,,
2025-08-06,19.29,18.04,20.46,65.41,64.05,66.85,,,,,,
2025-08-07,19.27,18.02,20.43,65.45,64.08,66.9,,,,,,
2025-08-08,19.24,17.96,20.42,65.5,64.14,66.93,,,,15.0,66.0,
2025-08-09,19.22,17.89,20.44,65.53,64.21,66.98,,,,,,
2025-08-10,19.2,17.82,20.45,65.57,64.25,67.05,,,,,,
2025-08-11,19.18,17.79,20.43,65.61,64.3,67.09,,,,,,
2025-08-12,19.16,17.8,20.43,65.64,64.33,67.12,,,,,,
2025-08-13,19.15,17.82,20.42,65.67,64.37,67.11,,,,,,
2025-08-14,19.13,17.82,20.41,65.7,64.4,67.11,,,,,,
2025-08-15,19.11,17.78,20.4,65.72,64.43,67.18,,,,24.0,70.0,
2025-08-16,19.1,17.75,20.4,65.75,64.46,67.24,,,,,,
2025-08-17,19.09,17.72,20.4,65.77,64.48,67.25,,,,,,
2025-08-18,19.08,17.69,20.37,65.79,64.51,67.25,,,,,,
2025-08-19,19.07,17.64,20.35,65.81,64.55,67.24,,,,,,
2025-08-20,19.06,17.59,20.32,65.83,64.59,67.22,,,,,,
2025-08-21,19.05,17.58,20.3,65.85,64.62,67.2,,,,,,
2025-08-22,19.04,17.59,20.28,65.87,64.63,67.2,,,,17.0,64.0,
2025-08-23,19.03,17.58,20.25,65.89,64.63,67.22,,,,,,
2025-08-24,19.02,17.55,20.26,65.91,64.65,67.24,,,,,,
2025-08-25,19.01,17.56,20.24,65.93,64.67,67.26,,,,,,
2025-08-26,19.0,17.58,20.2,65.95,64.7,67.29,,,,,,
2025-08-27,18.99,17.56,20.19,65.97,64.72,67.31,,,,,,
2025-08-28,18.98,17.55,20.19,65.99,64.75,67.33,,,,,,
2025-08-29,18.97,17.54,20.18,66.01,64.77,67.35,,,,,,
2025-08-30,18.96,17.52,20.16,66.03,64.8,67.37,,,,,,
2025-08-31,18.94,17.51,20.12,66.05,64.82,67.39,,,,,,
2025-09-01,18.93,17.5,20.09,66.07,64.83,67.41,,,,,,
2025-09-02,18.91,17.49,20.05,66.09,64.82,67.42,,,,,,
2025-09-03,18.89,17.48,20.02,66.12,64.82,67.44,,,,,,
2025-09-04,18.87,17.47,20.0,66.14,64.83,67.45,,,,,,
2025-09-05,18.85,17.46,20.0,66.17,64.86,67.46,,,,15.0,65.0,
2025-09-06,18.83,17.44,20.0,66.19,64.89,67.48,,,,,,
2025-09-07,18.81,17.39,20.0,66.22,64.92,67.49,,,,,,
2025-09-08,18.78,17.34,20.0,66.25,64.95,67.49,,,,,,
2025-09-09,18.76,17.31,20.0,66.28,64.97,67.49,,,,,,
2025-09-10,18.73,17.28,19.99,66.31,64.99,67.48,,,,,,
2025-09-11,18.7,17.25,19.98,66.34,65.0,67.49,,,,22.0,71.0,
2025-09-12,18.68,17.22,19.97,66.37,65.02,67.51,,,,,,
2025-09-13,18.65,17.18,19.96,66.4,65.05,67.54,,,,,,
2025-09-14,18.62,17.14,19.95,66.44,65.08,67.57,,,,,,
2025-09-15,18.59,17.1,19.93,66.47,65.12,67.61,,,,,,
2025-09-16,18.56,17.06,19.91,66.5,65.15,67.65,,,,,,
2025-09-17,18.53,17.02,19.88,66.54,65.18,67.7,,,,,,
2025-09-18,18.49,16.98,19.85,66.57,65.21,67.74,,,,,,
2025-09-19,18.46,16.93,19.81,66.61,65.26,67.74,,,,15.0,64.0,
2025-09-20,18.42,16.91,19.77,66.64,65.32,67.77,,,,,,
2025-09-21,18.38,16.87,19.72,66.68,65.36,67.81,,,,,,
2025-09-22,18.35,16.83,19.67,66.71,65.4,67.84,,,,,,
2025-09-23,18.31,16.79,19.62,66.75,65.43,67.87,,,,,,
2025-09-24,18.27,16.74,19.6,66.79,65.47,67.9,,,,,,
2025-09-25,18.22,16.7,19.57,66.82,65.5,67.94,,,,24.0,58.0,
2025-09-26,18.18,16.66,19.5,66.86,65.53,67.96,,,,15.0,67.0,
2025-09-27,18.14,16.62,19.43,66.89,65.57,68.0,,,,,,
2025-09-28,18.1,16.59,19.36,66.93,65.61,68.05,,,,,,
2025-09-29,18.05,16.55,19.3,66.96,65.64,68.1,,,,26.0,70.0,
2025-09-30,18.01,16.51,19.25,66.99,65.67,68.15,,,,,,
2025-10-01,17.96,16.47,19.19,67.03,65.7,68.2,,,,,,
2025-10-02,17.92,16.42,19.14,67.06,65.73,68.24,,,,,,
2025-10-03,17.87,16.38,19.11,67.09,65.75,68.28,,,,17.0,65.0,
2025-10-04,17.82,16.33,19.06,67.12,65.78,68.31,,,,,,
2025-10-05,17.78,16.29,19.03,67.15,65.81,68.34,,,,,,
2025-10-06,17.73,16.25,18.95,67.18,65.84,68.37,,,,,,
2025-10-07,17.68,16.2,18.87,67.2,65.87,68.39,,,,18.0,67.0,
2025-10-08,17.63,16.16,18.81,67.23,65.9,68.42,,,,,,
2025-10-09,17.59,16.11,18.73,67.26,65.97,68.45,,,,,,
2025-10-10,17.54,16.04,18.68,67.28,66.04,68.47,,,,,,
2025-10-11,17.49,16.0,18.63,67.31,66.09,68.48,,,,,,
2025-10-12,17.45,15.94,18.59,67.33,66.12,68.48,,,,,,
2025-10-13,17.4,15.88,18.57,67.35,66.14,68.51,,,,,,
2025-10-14,17.36,15.83,18.54,67.37,66.17,68.53,,,,,,
2025-10-15,17.31,15.78,18.48,67.4,66.19,68.55,,,,19.0,67.0,
2025-10-16,17.26,15.74,18.44,67.42,66.22,68.57,,,,,,
2025-10-17,17.22,15.7,18.42,67.44,66.25,68.59,,,,,,
2025-10-18,17.18,15.66,18.41,67.46,66.27,68.61,,,,,,
2025-10-19,17.13,15.62,18.39,67.48,66.3,68.63,,,,19.0,67.0,
2025-10-20,17.09,15.59,18.37,67.5,66.33,68.65,,,,,,
2025-10-21,17.04,15.55,18.35,67.52,66.37,68.67,,,,,,
2025-10-22,17.0,15.52,18.32,67.54,66.39,68.69,,,,,,
2025-10-23,16.96,15.49,18.28,67.56,66.41,68.71,,,,,,
2025-10-24,16.91,15.46,18.22,67.59,66.45,68.72,,,,17.0,66.0,
2025-10-25,16.87,15.43,18.16,67.61,66.48,68.74,,,,,,
2025-10-26,16.83,15.4,18.09,67.63,66.51,68.76,,,,,,
2025-10-27,16.79,15.37,18.04,67.65,66.54,68.78,,,,,,
2025-10-28,16.74,15.34,17.98,67.67,66.58,68.81,,,,,,
2025-10-29,16.7,15.29,17.95,67.7,66.61,68.84,,,,,,
2025-10-30,16.66,15.24,17.92,67.72,66.62,68.87,,,,,,
2025-10-31,16.61,15.2,17.89,67.74,66.65,68.89,,,,,,
2025-11-01,16.57,15.15,17.86,67.77,66.69,68.9,,,,,,
2025-11-02,16.52,15.1,17.83,67.79,66.72,68.92,,,,18.0,76.0,
2025-11-03,16.48,15.05,17.79,67.82,66.75,68.94,,,,,,
2025-11-04,16.43,15.0,17.72,67.84,66.76,68.94,,,,,,
2025-11-05,16.39,14.95,17.64,67.87,66.78,68.96,,,,,,
2025-11-06,16.34,14.9,17.56,67.9,66.79,68.98,,,,,,
2025-11-07,16.29,14.84,17.51,67.92,66.8,69.0,,,,12.0,69.5,
2025-11-08,16.25,14.79,17.46,67.95,66.82,69.02,,,,,,
2025-11-09,16.2,14.74,17.41,67.98,66.84,69.04,,,,,,
2025-11-10,16.15,14.71,17.36,68.0,66.89,69.06,,,,,,
2025-11-11,16.1,14.69,17.31,68.03,66.95,69.08,,,,,,
2025-11-12,16.05,14.63,17.24,68.06,67.0,69.09,,,,18.0,68.0,
2025-11-13,16.0,14.57,17.14,68.09,67.03,69.1,,,,,,
2025-11-14,15.95,14.5,17.06,68.11,67.1,69.11,,,,,,
2025-11-15,15.9,14.44,17.04,68.14,67.16,69.14,,,,,,
2025-11-16,15.85,14.4,17.01,68.17,67.22,69.15,,,,,,
2025-11-17,15.79,14.37,16.95,68.19,67.25,69.16,,,,,,
2025-11-18,15.74,14.34,16.88,68.22,67.28,69.18,,,,,,
2025-11-19,15.69,14.32,16.8,68.25,67.31,69.23,,,,,,
2025-11-20,15.64,14.29,16.74,68.27,67.36,69.27,,,,,,
2025-11-21,15.59,14.25,16.68,68.3,67.39,69.29,,,,17.0,67.0,
2025-11-22,15.54,14.21,16.62,68.32,67.44,69.3,,,,,,
2025-11-23,15.49,14.17,16.57,68.34,67.47,69.31,,,,,,
2025-11-24,15.44,14.15,16.51,68.36,67.53,69.33,,,,,,
2025-11-25,15.38,14.13,16.45,68.38,67.55,69.36,,,,,,
2025-11-26,15.34,14.11,16.39,68.4,67.55,69.37,,,,,,
2025-11-27,15.29,14.06,16.33,68.42,67.56,69.36,,,,,,
2025-11-28,15.24,14.02,16.28,68.44,67.59,69.35,,,,17.0,66.0,
2025-11-29,15.19,13.95,16.22,68.45,67.6,69.34,,,,,,
2025-11-30,15.15,13.92,16.17,68.46,67.59,69.34,,,,,,
2025-12-01,15.1,13.88,16.1,68.48,67.61,69.34,,,,15.0,71.0,
2025-12-02,15.06,13.84,16.06,68.49,67.63,69.34,,,,7.0,68.0,
2025-12-03,15.02,13.83,16.02,68.49,67.65,69.33,,,,,,
2025-12-04,14.98,13.81,15.99,68.5,67.67,69.33,,,,,,
2025-12-05,14.94,13.78,15.95,68.5,67.68,69.32,,,,,,
2025-12-06,14.91,13.76,15.91,68.5,67.7,69.31,,,,,,
2025-12-07,14.87,13.74,15.87,68.5,67.72,69.3,,,,,,
2025-12-08,14.84,13.71,15.83,68.5,67.73,69.28,,,,14.0,70.0,
2025-12-09,14.82,13.66,15.78,68.5,67.73,69.28,,,,,,
2025-12-10,14.79,13.62,15.75,68.5,67.72,69.28,,,,,,
2025-12-11,14.77,13.6,15.73,68.49,67.73,69.31,,,,,,
2025-12-12,14.75,13.58,15.7,68.48,67.72,69.33,,,,14.0,66.0,
2025-12-13,14.73,13.56,15.67,68.48,67.72,69.31,,,,,,
2025-12-14,14.72,13.56,15.66,68.47,67.72,69.29,,,,,,
2025-12-15,14.7,13.56,15.65,68.46,67.71,69.26,,,,,,
2025-12-16,14.69,13.53,15.6,68.45,67.7,69.26,,,,,,
2025-12-17,14.68,13.51,15.58,68.43,67.68,69.27,,,,,,
2025-12-18,14.67,13.52,15.57,68.42,67.66,69.27,,,,,,
2025-12-19,14.67,13.52,15.57,68.41,67.66,69.25,,,,,,
2025-12-20,14.66,13.54,15.58,68.39,67.67,69.22,,,,,,
2025-12-21,14.66,13.56,15.6,68.37,67.67,69.18,,,,,,
2025-12-22,14.66,13.58,15.63,68.36,67.66,69.15,,,,,,
2025-12-23,14.66,13.58,15.67,68.34,67.63,69.13,,,,15.0,70.0,
2025-12-24,14.66,13.59,15.71,68.31,67.63,69.11,,,,,,
2025-12-25,14.67,13.6,15.76,68.29,67.61,69.09,,,,,,
2025-12-26,14.68,13.62,15.74,68.27,67.59,69.07,,,,,,
2025-12-27,14.69,13.64,15.73,68.24,67.57,69.04,,,,,,
2025-12-28,14.7,13.67,15.79,68.22,67.55,69.02,,,,,,
2025-12-29,14.72,13.71,15.83,68.19,67.53,69.0,,,,,,
2025-12-30,14.73,13.74,15.83,68.17,67.5,68.98,,,,,,
2025-12-31,14.75,13.74,15.82,68.14,67.47,68.96,,,,,,
2026-01-01,14.78,13.74,15.87,68.11,67.44,68.94,,,,14.0,68.0,
2026-01-02,14.8,13.75,15.9,68.08,67.39,68.92,,,,,,
2026-01-03,14.82,13.75,15.91,68.05,67.35,68.9,,,,,,
2026-01-04,14.85,13.79,15.94,68.02,67.33,68.87,,,,,,
2026-01-05,14.88,13.8,15.97,67.99,67.3,68.85,,,,,,
2026-01-06,14.91,13.85,16.01,67.96,67.28,68.83,,,,,,
2026-01-07,14.94,13.87,16.03,67.93,67.24,68.81,,,,,,
2026-01-08,14.98,13.9,16.04,67.9,67.2,68.79,,,,,,
2026-01-09,15.01,13.93,16.07,67.87,67.16,68.77,,,,14.5,69.0,
2026-01-10,15.05,13.96,16.09,67.84,67.13,68.73,,,,,,
2026-01-11,15.09,14.03,16.13,67.81,67.07,68.7,,,,,,
2026-01-12,15.13,14.1,16.21,67.78,67.03,68.7,,,,,,
2026-01-13,15.17,14.15,16.3,67.75,66.96,68.7,,,,,,
2026-01-14,15.21,14.16,16.36,67.73,66.92,68.68,,,,,,
2026-01-15,15.26,14.23,16.41,67.7,66.89,68.67,,,,,,
2026-01-16,15.3,14.25,16.45,67.67,66.85,68.69,,,,,,
2026-01-17,15.35,14.27,16.52,67.64,66.82,68.68,,,,,,
2026-01-18,15.39,14.3,16.55,67.62,66.78,68.66,,,,,,
2026-01-19,15.44,14.37,16.63,67.59,66.74,68.65,,,,,,
2026-01-20,15.48,14.41,16.68,67.56,66.69,68.63,,,,,,
2026-01-21,15.53,14.45,16.74,67.54,66.63,68.58,,,,,,
2026-01-22,15.57,14.48,16.78,67.51,66.58,68.55,,,,,,
2026-01-23,15.62,14.52,16.81,67.49,66.52,68.53,,,,15.0,65.0,
2026-01-24,15.66,14.58,16.85,67.47,66.47,68.49,,,,,,
2026-01-25,15.71,14.64,16.89,67.44,66.42,68.46,,,,,,
2026-01-26,15.75,14.68,16.94,67.42,66.36,68.42,,,,,,
2026-01-27,15.8,14.73,17.0,67.39,66.33,68.43,,,,,,
2026-01-28,15.84,14.76,17.07,67.37,66.3,68.45,,,,,,
2026-01-29,15.89,14.8,17.15,67.34,66.24,68.45,,,,,,
2026-01-30,15.93,14.85,17.22,67.32,66.19,68.43,,,,,,
2026-01-31,15.98,14.87,17.29,67.3,66.17,68.41,,,,,,
2026-02-01,16.02,14.89,17.36,67.27,66.15,68.41,,,,15.0,68.0,
2026-02-02,16.06,14.93,17.43,67.25,66.07,68.38,,,,,,
2026-02-03,16.11,14.97,17.5,67.23,66.02,68.36,,,,,,
2026-02-04,16.15,15.01,17.57,67.21,65.98,68.35,,,,,,
2026-02-05,16.19,15.05,17.64,67.18,65.95,68.34,,,,,,
2026-02-06,16.23,15.09,17.71,67.16,65.93,68.33,,,,13.0,66.5,
2026-02-07,16.27,15.13,17.77,67.14,65.9,68.31,,,,,,
2026-02-08,16.31,15.17,17.83,67.12,65.87,68.3,,,,,,
2026-02-09,16.34,15.21,17.87,67.1,65.84,68.28,,,,,,
2026-02-10,16.38,15.24,17.9,67.08,65.82,68.28,,,,15.0,70.0,
2026-02-11,16.41,15.28,17.93,67.06,65.81,68.26,,,,24.0,69.0,
2026-02-12,16.45,15.31,17.96,67.04,65.79,68.26,,,,,,
2026-02-13,16.48,15.34,17.98,67.02,65.78,68.26,,,,,,
2026-02-14,16.51,15.37,18.01,67.0,65.76,68.26,,,,,,
2026-02-15,16.54,15.39,18.04,66.98,65.74,68.25,,,,,,
2026-02-16,16.57,15.42,18.07,66.97,65.73,68.24,,,,,,
2026-02-17,16.6,15.44,18.11,66.95,65.73,68.22,,,,,,
2026-02-18,16.63,15.48,18.12,66.93,65.72,68.21,,,,,,
2026-02-19,16.65,15.51,18.15,66.91,65.71,68.19,,,,,,
2026-02-20,16.68,15.55,18.17,66.9,65.7,68.16,,,,,,
2026-02-21,16.71,15.58,18.2,66.88,65.69,68.15,,,,,,
2026-02-22,16.73,15.6,18.22,66.86,65.67,68.12,,,,,,
2026-02-23,16.75,15.61,18.25,66.84,65.65,68.11,,,,,,
2026-02-24,16.78,15.63,18.28,66.83,65.62,68.09,,,,,,
2026-02-25,16.8,15.65,18.3,66.81,65.6,68.07,,,,,,
2026-02-26,16.83,15.68,18.33,66.79,65.58,68.05,,,,,,
2026-02-27,16.85,15.71,18.36,66.77,65.57,68.04,,,,14.0,67.0,
2026-02-28,16.87,15.75,18.39,66.75,65.55,68.02,,,,,,
2026-03-01,16.9,15.76,18.41,66.73,65.53,68.0,,,,,,
2026-03-02,16.92,15.77,18.44,66.71,65.5,67.99,,,,,,
2026-03-03,16.94,15.78,18.45,66.69,65.48,67.98,,,,,,
2026-03-04,16.96,15.82,18.44,66.67,65.46,67.98,,,,,,
2026-03-05,16.98,15.86,18.44,66.65,65.44,67.97,,,,24.0,59.0,
2026-03-06,17.01,15.9,18.46,66.63,65.42,67.94,,,,16.0,65.5,
2026-03-07,17.03,15.93,18.48,66.61,65.4,67.92,,,,,,
2026-03-08,17.05,15.96,18.5,66.59,65.38,67.91,,,,,,
2026-03-09,17.07,15.98,18.51,66.57,65.35,67.9,,,,,,
2026-03-10,17.09,16.0,18.52,66.55,65.34,67.89,,,,,,
2026-03-11,17.11,16.02,18.53,66.53,65.32,67.88,,,,18.0,74.0,
2026-03-12,17.13,16.04,18.55,66.51,65.29,67.83,,,,,,
2026-03-13,17.14,16.07,18.59,66.49,65.26,67.83,,,,,,
2026-03-14,17.16,16.1,18.62,66.47,65.24,67.82,,,,,,
2026-03-15,17.18,16.12,18.64,66.44,65.21,67.82,,,,,,
2026-03-16,17.2,16.14,18.67,66.42,65.19,67.82,,,,,,
2026-03-17,17.21,16.15,18.69,66.4,65.16,67.82,,,,,,
2026-03-18,17.23,16.16,18.71,66.38,65.13,67.81,,,,,,
2026-03-19,17.24,16.18,18.71,66.36,65.11,67.8,,,,,,
2026-03-20,17.26,16.21,18.73,66.34,65.08,67.78,,,,17.0,63.5,
2026-03-21,17.27,16.24,18.74,66.32,65.06,67.76,,,,,,
2026-03-22,17.28,16.26,18.73,66.3,65.03,67.73,,,,,,
2026-03-23,17.29,16.29,18.69,66.28,65.01,67.74,,,,22.0,70.0,
2026-03-24,17.31,16.3,18.67,66.26,64.98,67.74,,,,,,
2026-03-25,17.32,16.31,18.67,66.24,64.96,67.73,,,,,,
2026-03-26,17.33,16.32,18.68,66.22,64.93,67.72,,,,15.0,67.0,
2026-03-27,17.34,16.33,18.68,66.2,64.91,67.71,,,,,,
2026-03-28,17.35,16.33,18.69,66.18,64.88,67.69,,,,,,
2026-03-29,17.36,16.34,18.7,66.16,64.86,67.68,,,,,,
2026-03-30,17.37,16.36,18.7,66.14,64.83,67.66,,,,,,
2026-03-31,17.37,16.37,18.71,66.12,64.81,67.65,,,,,,
2026-04-01,17.38,16.4,18.71,66.1,64.78,67.63,,,,,,
2026-04-02,17.39,16.41,18.71,66.08,64.76,67.62,,,,,,
2026-04-03,17.39,16.41,18.7,66.06,64.74,67.6,,,,,,
2026-04-04,17.4,16.41,18.7,66.04,64.72,67.59,,,,,,
2026-04-05,17.41,16.41,18.69,66.02,64.7,67.57,,,,,,
2026-04-06,17.41,16.41,18.7,66.0,64.68,67.55,,,,,,
2026-04-07,17.41,16.42,18.67,65.98,64.66,67.53,,,,,,
2026-04-08,17.41,16.42,18.65,65.97,64.64,67.52,,,,,,
2026-04-09,17.42,16.42,18.62,65.95,64.62,67.49,,,,,,
2026-04-10,17.42,16.42,18.59,65.93,64.6,67.47,,,,,,
2026-04-11,17.41,16.42,18.56,65.91,64.59,67.45,,,,,,
2026-04-12,17.41,16.41,18.55,65.89,64.6,67.42,,,,,,
2026-04-13,17.41,16.41,18.55,65.88,64.59,67.39,,,,19.0,66.0,
2026-04-14,17.4,16.41,18.56,65.86,64.58,67.36,,,,,,
2026-04-15,17.4,16.41,18.56,65.85,64.57,67.33,,,,,,
2026-04-16,17.39,16.4,18.55,65.83,64.57,67.3,,,,,,
2026-04-17,17.39,16.4,18.53,65.82,64.56,67.26,,,,,,
2026-04-18,17.38,16.39,18.5,65.8,64.56,67.23,,,,,,
2026-04-19,17.37,16.39,18.48,65.79,64.55,67.19,,,,,,
2026-04-20,17.36,16.38,18.46,65.78,64.54,67.16,,,,,,
2026-04-21,17.35,16.38,18.43,65.77,64.53,67.12,,,,,,
2026-04-22,17.34,16.38,18.39,65.75,64.53,67.08,,,,,,
2026-04-23,17.33,16.37,18.36,65.74,64.55,67.07,,,,,,
2026-04-24,17.31,16.37,18.33,65.72,64.57,67.06,,,,17.0,65.0,
2026-04-25,17.3,16.35,18.32,65.7,64.57,67.03,,,,,,
2026-04-26,17.29,16.32,18.3,65.68,64.59,67.02,,,,,,
2026-04-27,17.27,16.31,18.29,65.64,64.59,66.92,,,,,,
2026-04-28,17.26,16.35,18.27,65.61,64.58,66.81,,,,,,
2026-04-29,17.24,16.32,18.25,65.56,64.55,66.76,,,,,,
2026-04-30,17.23,16.31,18.24,65.51,64.5,66.7,,,,,,
2026-05-01,17.21,16.32,18.22,65.44,64.43,66.63,,,,16.0,65.0,
2026-05-02,17.19,16.33,18.2,65.37,64.28,66.59,,,,,,
2026-05-03,17.18,16.34,18.15,65.29,64.21,66.47,,,,,,
2026-05-04,17.16,16.33,18.06,65.19,64.04,66.44,,,,,,
2026-05-05,17.14,16.31,18.06,65.09,63.88,66.39,,,,,,
2026-05-06,17.12,16.28,18.05,64.98,63.6,66.24,,,,,,
2026-05-07,17.1,16.25,18.01,64.85,63.31,66.19,,,,,,
2026-05-08,17.08,16.24,17.97,64.72,62.93,66.2,,,,17.0,64.0,
2026-05-09,17.06,16.22,17.93,64.58,62.6,66.16,,,,,,
2026-05-10,17.03,16.2,17.91,64.43,62.23,66.1,,,,,,
2026-05-11,17.01,16.18,17.9,64.27,61.83,66.04,,,,,,
2026-05-12,16.99,16.15,17.89,64.1,61.45,66.01,,,,,,
2026-05-13,16.96,16.14,17.89,63.92,61.05,65.99,,,,,,
2026-05-14,16.94,16.13,17.83,63.74,60.61,65.98,,,,,,
2026-05-15,16.91,16.1,17.82,63.55,60.16,65.97,,,,,,
2026-05-16,16.89,16.07,17.77,63.36,59.68,65.93,,,,,,
2026-05-17,16.87,16.05,17.8,63.16,59.17,65.88,,,,,,
2026-05-18,16.85,16.02,17.79,62.96,58.64,65.85,,,,,,
2026-05-19,16.82,15.99,17.78,62.75,57.96,65.84,,,,,,
2026-05-20,16.8,15.96,17.77,62.54,57.3,65.83,,,,,,
2026-05-21,16.78,15.94,17.76,62.33,56.79,65.82,,,,,,
2026-05-22,16.76,15.91,17.75,62.12,56.31,65.81,,,,15.0,65.0,
2026-05-23,16.74,15.88,17.75,61.91,55.81,65.82,,,,,,
2026-05-24,16.72,15.85,17.73,61.7,55.2,65.82,,,,,,
2026-05-25,16.7,15.83,17.66,61.49,54.61,65.78,,,,,,
2026-05-26,16.68,15.81,17.68,61.28,54.0,65.75,,,,,,
2026-05-27,16.66,15.79,17.66,61.08,53.41,65.71,,,,,,
2026-05-28,16.64,15.78,17.64,60.87,52.81,65.68,,,,,,
2026-05-29,16.63,15.76,17.61,60.67,52.23,65.68,,,,,,
2026-05-30,16.61,15.72,17.59,60.47,51.66,65.7,,,,,,
2026-05-31,16.59,15.69,17.57,60.27,51.09,65.71,,,,,,
2026-06-01,16.58,15.66,17.54,60.07,50.54,65.7,,,,,,
2026-06-02,16.56,15.64,17.54,59.88,50.01,65.7,,,,,,
2026-06-03,16.55,15.6,17.54,59.68,49.48,65.69,,,,,,
2026-06-04,16.53,15.6,17.54,59.5,48.92,65.69,,,,,,
2026-06-05,16.52,15.55,17.55,59.31,48.27,65.69,,,,,,
2026-06-06,16.51,15.52,17.55,59.13,47.61,65.69,,,,,,
2026-06-07,16.5,15.49,17.55,58.95,46.97,65.69,,,,,,
2026-06-08,16.48,15.48,17.56,58.77,46.47,65.69,,,,,,
2026-06-09,16.47,15.46,17.57,58.6,46.0,65.7,,,,,,
2026-06-10,16.46,15.42,17.57,58.42,45.54,65.7,,,,,,
2026-06-11,16.45,15.4,17.58,58.25,45.3,65.7,,,,,,
2026-06-12,16.44,15.37,17.58,58.08,45.08,65.7,,,,,,
2026-06-13,16.43,15.33,17.59,57.91,44.75,65.71,,,,,,
2026-06-14,16.42,15.3,17.59,57.74,44.29,65.71,,,,,,
2026-06-15,16.41,15.27,17.6,57.56,43.84,65.72,,,,,,
2026-06-16,16.4,15.23,17.61,57.39,43.4,65.72,,,,,,
2026-06-17,16.39,15.21,17.61,57.22,42.96,65.73,,,,,,
2026-06-18,16.38,15.19,17.63,57.04,42.66,65.74,,,,,,
2026-06-19,16.37,15.17,17.64,56.87,42.36,65.75,,,,15.0,68.0,
2026-06-20,16.36,15.14,17.65,56.7,41.77,65.75,,,,,,
2026-06-21,16.36,15.11,17.65,56.52,41.15,65.76,,,,,,
2026-06-22,16.35,15.09,17.66,56.35,40.64,65.77,,,,,,
2026-06-23,16.35,15.06,17.68,56.18,40.16,65.79,,,,,,
2026-06-24,16.34,15.04,17.7,56.0,39.68,65.8,,,,,,
2026-06-25,16.34,14.99,17.72,55.83,39.21,65.82,,,,,,
2026-06-26,16.33,14.93,17.75,55.66,38.67,65.84,,,,20.0,63.0,
2026-06-27,16.33,14.89,17.78,55.49,38.04,65.86,,,,,,
2026-06-28,16.33,14.87,17.81,55.32,37.44,65.87,,,,,,
2026-06-29,16.33,14.84,17.83,55.15,36.83,65.87,,,,,,
2026-06-30,16.33,14.82,17.84,54.98,36.25,65.87,,,,,,
2026-07-01,16.33,14.8,17.87,54.81,35.67,65.87,,,,,,
2026-07-02,16.33,14.78,17.92,54.65,35.1,65.88,,,,,,
2026-07-03,16.34,14.77,17.93,54.48,34.56,65.89,,,,17.0,63.0,
2026-07-04,16.34,14.74,17.98,54.31,34.07,65.9,,,,,,
2026-07-05,16.34,14.71,18.04,54.15,33.86,65.91,,,,,,
2026-07-06,16.35,14.69,18.09,53.98,33.67,65.93,,,,,,
2026-07-07,16.35,14.68,18.14,53.81,33.24,65.94,,,,,,
2026-07-08,16.36,14.68,18.18,53.65,32.73,65.94,,,,,,
2026-07-09,16.36,14.67,18.23,53.48,32.23,65.95,,,,,,
2026-07-10,16.37,14.67,18.28,53.31,31.73,65.97,,,,14.0,13.0,69.0