subgroup,Con latest,Con 2m ago,Con 6m ago,Lab latest,Lab 2m ago,Lab 6m ago,LDem latest,LDem 2m ago,LDem 6m ago,Grn latest,Grn 2m ago,Grn 6m ago,SNP latest,SNP 2m ago,SNP 6m ago,PC latest,PC 2m ago,PC 6m ago,Reform latest,Reform 2m ago,Reform 6m ago,Ukip latest,Ukip 2m ago,Ukip 6m ago
65+,31.03,31.1,27.6,15.75,15.0,12.4,11.4,12.0,12.8,3.5,3.5,5.4,3.62,3.8,2.1,1.68,1.8,1.8,29.49,29.5,34.0,,,
50-64,19.89,19.6,17.4,21.87,21.0,16.6,12.35,12.0,12.8,6.06,6.8,11.2,3.86,3.8,1.2,1.14,1.6,1.5,28.46,29.4,31.9,,,
35-49,14.81,15.0,13.8,28.69,27.2,20.2,10.18,10.6,12.0,13.03,14.0,23.4,2.68,2.6,2.9,2.23,2.3,1.6,21.82,22.2,19.2,,,
18-34,9.98,10.2,7.9,29.11,28.2,18.4,9.68,10.0,14.1,23.68,25.5,42.9,1.98,2.2,3.9,2.16,2.2,1.6,17.43,16.6,8.0,,,
C2DE voters,19.26,19.0,16.5,20.2,18.4,14.4,6.73,7.8,10.6,8.18,9.4,14.2,3.24,3.2,,1.8,1.8,,31.35,32.6,34.0,,,
ABC1 voters,18.52,19.2,18.9,28.33,25.8,19.5,12.28,13.1,15.4,9.75,11.8,18.7,2.21,2.2,,1.55,1.6,,19.55,19.5,19.1,,,
London,20.93,20.8,18.6,30.07,29.4,26.1,10.78,11.1,12.8,17.06,17.7,23.2,,,,,,,16.3,16.3,15.6,3.67,,
Southern England,22.05,22.3,20.3,17.87,16.9,13.1,16.56,16.5,18.0,11.18,11.7,16.8,,,,4.0,4.0,1.0,26.35,26.7,25.8,4.78,,
Northern England,17.44,17.4,14.9,30.41,28.7,20.7,7.78,8.4,9.1,12.24,13.2,19.4,,,,5.0,5.0,10.1,26.71,27.0,29.1,1.0,,
Midlands,21.77,22.0,20.8,24.98,23.1,17.3,7.89,8.1,8.9,12.11,13.0,18.6,0.0,,1.0,4.0,4.0,1.0,27.15,28.0,27.7,5.96,,
UK/GB,19.83,19.8,18.2,25.73,24.2,18.2,10.86,10.9,11.8,10.75,11.8,16.7,3.0,3.0,,1.38,1.4,2.0,23.74,24.2,25.9,6.0,,
Scotland,11.5,11.8,10.4,19.69,18.4,14.1,8.88,9.4,9.9,6.58,7.4,9.8,33.51,33.9,34.1,,,,16.76,16.6,18.8,2.23,,
Wales,13.23,13.9,11.1,20.32,19.4,12.8,5.75,5.2,6.2,8.59,8.6,11.2,,,,25.78,27.6,29.2,24.13,23.7,26.8,1.71,,