date,Positive,Positive (low),Positive (high),Negative,Negative (low),Negative (high),Positive (under-50s),Positive (under-50s) (low),Positive (under-50s) (high),Negative (under-50s),Negative (under-50s) (low),Negative (under-50s) (high),Positive (over-50s),Positive (over-50s) (low),Positive (over-50s) (high),Negative (over-50s),Negative (over-50s) (low),Negative (over-50s) (high),Positive (poll),Negative (poll),Positive (under-50s) (poll),Negative (under-50s) (poll),Positive (over-50s) (poll),Negative (over-50s) (poll)
2024-07-05,39.9,38.36,41.69,28.79,23.99,35.49,43.08,41.65,44.82,23.56,19.47,29.59,36.9,35.36,38.69,33.6,29.39,39.77,40.0,33.0,43.0,26.0,37.0,36.0
2024-07-06,39.78,38.29,41.53,29.26,24.5,35.56,43.0,41.57,44.73,23.98,19.83,29.93,36.78,35.29,38.53,34.07,29.78,40.16,,,,,,
2024-07-07,39.66,38.2,41.37,29.72,24.95,35.86,42.92,41.55,44.58,24.38,20.28,30.13,36.66,35.19,38.37,34.53,30.25,40.51,,,,,,
2024-07-08,39.53,38.0,41.21,30.16,25.35,36.18,42.83,41.49,44.51,24.78,20.68,30.43,36.53,34.99,38.21,34.98,30.83,40.62,45.0,25.0,48.0,18.0,42.0,28.0
2024-07-09,39.4,37.83,41.06,30.6,26.02,36.5,42.75,41.35,44.42,25.16,21.12,30.55,36.39,34.83,38.06,35.43,31.16,41.1,,,,,,
2024-07-10,39.27,37.72,40.91,31.02,26.46,37.01,42.66,41.25,44.31,25.53,21.39,30.89,36.26,34.7,37.9,35.86,31.47,41.46,,,,,,
2024-07-11,39.13,37.5,40.78,31.43,26.79,37.31,42.57,41.12,44.21,25.88,21.76,31.05,36.12,34.47,37.77,36.27,31.73,41.9,38.0,15.0,41.0,14.0,35.0,23.0
2024-07-12,39.0,37.3,40.64,31.82,27.23,37.47,42.48,40.99,44.11,26.22,22.14,31.28,35.98,34.26,37.64,36.67,32.07,42.19,,,,,,
2024-07-13,38.86,37.11,40.54,32.2,27.59,37.86,42.39,40.86,44.04,26.54,22.51,31.71,35.84,34.07,37.5,37.06,32.42,42.39,,,,,,
2024-07-14,38.73,36.93,40.4,32.55,27.91,38.36,42.31,40.74,44.03,26.84,22.85,31.96,35.7,33.86,37.35,37.42,32.78,42.7,,,,,,
2024-07-15,38.61,36.76,40.27,32.88,28.27,38.75,42.22,40.63,44.0,27.13,23.21,32.36,35.57,33.72,37.23,37.77,33.22,43.14,,,,,,
2024-07-16,38.49,36.69,40.2,33.2,28.64,38.98,42.14,40.53,43.77,27.4,23.56,32.43,35.44,33.68,37.07,38.09,33.66,43.58,,,,,,
2024-07-17,38.36,36.57,40.07,33.5,29.0,39.13,42.06,40.46,43.67,27.66,23.77,32.62,35.31,33.57,36.97,38.41,33.96,44.06,38.0,20.0,41.0,15.0,35.0,25.0
2024-07-18,38.24,36.45,39.91,33.79,29.35,39.49,41.98,40.37,43.66,27.9,24.05,32.74,35.18,33.45,36.9,38.71,34.27,44.19,,,,,,
2024-07-19,38.12,36.34,39.84,34.06,29.69,39.61,41.89,40.31,43.66,28.14,24.29,32.84,35.05,33.34,36.84,39.0,34.67,44.31,,,,,,
2024-07-20,38.0,36.22,39.77,34.33,29.93,39.71,41.8,40.27,43.55,28.37,24.44,33.02,34.92,33.22,36.76,39.28,34.99,44.41,,,,,,
2024-07-21,37.88,36.1,39.71,34.59,30.16,39.81,41.72,40.2,43.56,28.6,24.73,33.24,34.79,33.09,36.63,39.55,35.34,44.53,,,,,,
2024-07-22,37.76,35.98,39.59,34.86,30.3,39.97,41.62,40.11,43.43,28.83,24.87,33.48,34.66,32.98,36.54,39.83,35.56,44.65,,,,,,
2024-07-23,37.63,35.91,39.48,35.13,30.46,40.18,41.53,39.97,43.32,29.06,25.0,33.66,34.53,32.82,36.41,40.11,35.91,44.82,,,,,,
2024-07-24,37.5,35.81,39.38,35.4,30.89,40.41,41.42,39.87,43.21,29.31,25.19,33.8,34.39,32.69,36.3,40.4,36.26,45.05,,,,,,
2024-07-25,37.37,35.62,39.24,35.68,31.41,40.62,41.32,39.81,43.07,29.56,25.57,33.95,34.25,32.49,36.18,40.69,36.58,45.28,42.0,37.0,45.0,32.0,39.0,42.0
2024-07-26,37.23,35.47,39.09,35.98,31.61,40.77,41.21,39.73,42.99,29.83,25.85,34.1,34.11,32.32,36.08,41.0,36.89,45.53,,,,,,
2024-07-27,37.09,35.3,38.97,36.29,31.93,40.99,41.09,39.61,42.81,30.12,26.11,34.34,33.96,32.11,35.95,41.33,37.21,45.82,,,,,,
2024-07-28,36.94,35.07,38.85,36.61,32.32,41.28,40.96,39.46,42.66,30.42,26.47,34.58,33.8,31.91,35.81,41.67,37.58,46.19,,,,,,
2024-07-29,36.78,34.94,38.75,36.95,32.61,41.52,40.83,39.3,42.49,30.74,26.84,34.79,33.64,31.75,35.7,42.04,37.91,46.62,,,,,,
2024-07-30,36.63,34.84,38.57,37.31,32.95,41.76,40.69,39.2,42.34,31.07,27.25,35.12,33.47,31.56,35.52,42.42,38.24,46.78,40.0,49.0,43.0,44.0,37.0,54.0
2024-07-31,36.47,34.77,38.33,37.68,33.45,41.98,40.55,39.05,42.26,31.42,27.68,35.44,33.3,31.4,35.24,42.82,38.54,47.07,35.0,32.0,38.0,27.0,32.0,37.0
2024-08-01,36.31,34.66,38.12,38.07,33.82,42.2,40.42,38.92,42.18,31.78,28.05,35.68,33.13,31.32,35.07,43.23,39.0,47.32,42.0,31.0,45.0,26.0,39.0,36.0
2024-08-02,36.16,34.53,38.02,38.46,34.21,42.43,40.28,38.79,42.09,32.15,28.41,35.93,32.96,31.12,34.91,43.66,39.5,47.59,,,,,,
2024-08-03,36.01,34.3,37.92,38.86,34.67,42.66,40.14,38.62,41.94,32.53,28.87,36.14,32.8,30.92,34.75,44.09,40.0,47.92,,,,,,
2024-08-04,35.86,34.1,37.82,39.26,35.17,42.93,40.01,38.45,41.75,32.91,29.31,36.55,32.64,30.81,34.65,44.52,40.52,48.28,,,,,,
2024-08-05,35.72,33.94,37.76,39.65,35.71,43.26,39.88,38.29,41.6,33.28,29.6,36.82,32.49,30.73,34.51,44.95,41.02,48.63,37.0,53.0,46.0,40.0,34.0,57.0
2024-08-06,35.59,33.84,37.55,40.04,36.13,43.58,39.76,38.1,41.47,33.65,29.89,37.05,32.34,30.58,34.43,45.38,41.42,48.93,,,,,,
2024-08-07,35.46,33.74,37.36,40.42,36.63,43.9,39.65,37.94,41.36,34.01,30.23,37.3,32.2,30.41,34.34,45.79,41.75,49.22,31.5,37.5,35.5,31.5,28.5,42.5
2024-08-08,35.34,33.57,37.26,40.79,36.96,44.26,39.54,37.79,41.32,34.36,30.69,37.48,32.07,30.18,34.18,46.19,42.09,49.6,,,,,,
2024-08-09,35.23,33.41,37.15,41.14,37.42,44.45,39.44,37.62,41.21,34.69,31.28,37.77,31.94,29.97,33.99,46.57,42.59,49.91,,,,,,
2024-08-10,35.13,33.26,37.06,41.47,37.78,44.75,39.35,37.49,41.07,35.0,31.63,38.17,31.83,29.85,33.89,46.93,43.11,50.27,,,,,,
2024-08-11,35.03,33.13,36.97,41.79,38.29,44.97,39.26,37.32,40.94,35.29,32.1,38.45,31.72,29.78,33.74,47.26,43.57,50.69,,,,,,
2024-08-12,34.94,33.06,36.81,42.08,38.72,45.18,39.17,37.19,40.82,35.56,32.48,38.66,31.61,29.79,33.6,47.58,44.13,51.07,,,,,,
2024-08-13,34.85,32.98,36.71,42.35,39.02,45.47,39.09,37.17,40.74,35.82,32.71,38.86,31.51,29.66,33.43,47.88,44.57,51.37,,,,,,
2024-08-14,34.76,32.86,36.59,42.6,39.36,45.7,39.01,37.07,40.65,36.05,32.99,39.04,31.41,29.52,33.36,48.15,44.85,51.6,33.5,47.0,39.0,39.0,29.5,53.0
2024-08-15,34.68,32.78,36.46,42.84,39.67,45.89,38.93,36.98,40.57,36.27,33.2,39.18,31.32,29.38,33.29,48.4,45.11,51.73,,,,,,
2024-08-16,34.59,32.65,36.39,43.05,39.98,46.03,38.85,36.94,40.46,36.47,33.39,39.32,31.22,29.24,33.23,48.64,45.34,51.81,,,,,,
2024-08-17,34.5,32.55,36.32,43.25,40.19,46.14,38.76,36.89,40.38,36.66,33.62,39.48,31.12,29.13,33.16,48.86,45.58,51.9,,,,,,
2024-08-18,34.39,32.46,36.24,43.44,40.49,46.27,38.67,36.84,40.27,36.85,33.87,39.69,31.01,29.05,33.05,49.07,45.81,51.99,,,,,,
2024-08-19,34.28,32.37,36.06,43.63,40.8,46.38,38.56,36.79,40.26,37.02,34.15,39.82,30.89,28.92,32.91,49.28,46.04,52.09,,,,,,
2024-08-20,34.16,32.27,35.99,43.8,41.08,46.55,38.44,36.73,40.18,37.2,34.44,39.98,30.75,28.81,32.74,49.48,46.3,52.31,,,,,,
2024-08-21,34.02,32.15,35.88,43.98,41.3,46.71,38.31,36.57,40.08,37.37,34.71,40.15,30.61,28.73,32.62,49.67,46.63,52.45,,,,,,
2024-08-22,33.88,32.07,35.8,44.16,41.49,46.86,38.16,36.4,39.89,37.54,34.93,40.29,30.46,28.61,32.5,49.87,46.94,52.66,,,,,,
2024-08-23,33.72,31.93,35.7,44.33,41.7,46.91,38.0,36.15,39.73,37.72,35.11,40.32,30.29,28.43,32.39,50.06,47.14,52.85,,,,,,
2024-08-24,33.54,31.6,35.53,44.51,41.98,46.93,37.83,35.81,39.6,37.9,35.33,40.33,30.11,28.05,32.28,50.25,47.51,53.01,27.0,43.0,31.0,37.0,24.0,48.0
2024-08-25,33.36,31.37,35.4,44.69,42.23,47.08,37.65,35.57,39.48,38.08,35.51,40.48,29.92,27.77,32.12,50.45,47.8,53.16,,,,,,
2024-08-26,33.17,31.22,35.14,44.87,42.53,47.3,37.45,35.37,39.42,38.26,35.59,40.67,29.72,27.57,32.02,50.64,48.0,53.22,,,,,,
2024-08-27,32.97,30.93,34.99,45.05,42.77,47.5,37.24,35.17,39.35,38.46,35.86,40.91,29.52,27.35,31.87,50.85,48.29,53.31,,,,,,
2024-08-28,32.76,30.54,34.87,45.25,42.97,47.62,37.03,34.95,39.3,38.66,36.25,41.0,29.3,27.17,31.64,51.07,48.68,53.39,38.0,52.0,42.0,46.0,35.0,57.0
2024-08-29,32.54,30.39,34.76,45.46,43.22,47.72,36.8,34.7,39.19,38.86,36.49,41.17,29.07,26.9,31.35,51.3,48.9,53.49,28.0,44.0,32.0,38.0,25.0,49.0
2024-08-30,32.32,30.21,34.63,45.68,43.46,47.9,36.57,34.4,39.03,39.08,36.73,41.38,28.84,26.66,31.19,51.55,49.16,53.67,,,,,,
2024-08-31,32.09,29.91,34.52,45.91,43.71,48.04,36.34,34.09,38.86,39.3,36.98,41.58,28.6,26.42,31.11,51.81,49.53,53.94,,,,,,
2024-09-01,31.86,29.66,34.49,46.15,43.98,48.15,36.11,33.81,38.7,39.53,37.25,41.77,28.36,26.12,30.97,52.09,49.91,54.24,,,,,,
2024-09-02,31.64,29.46,34.41,46.4,44.33,48.33,35.88,33.56,38.53,39.76,37.53,41.95,28.13,25.82,30.81,52.37,50.09,54.56,31.5,45.0,35.0,38.5,26.5,54.5
2024-09-03,31.43,29.14,34.34,46.66,44.66,48.62,35.65,33.26,38.36,40.0,37.75,42.16,27.9,25.54,30.56,52.67,50.31,54.87,,,,,,
2024-09-04,31.22,28.91,34.28,46.92,44.92,48.85,35.44,33.12,38.27,40.23,37.95,42.39,27.67,25.27,30.36,52.97,50.77,55.01,39.0,46.0,43.0,40.0,36.0,51.0
2024-09-05,31.02,28.66,34.13,47.18,45.18,49.16,35.24,32.93,38.2,40.46,38.15,42.59,27.46,25.03,30.26,53.27,51.19,55.25,,,,,,
2024-09-06,30.84,28.37,33.95,47.43,45.52,49.43,35.05,32.66,38.13,40.68,38.35,42.75,27.26,24.81,30.23,53.57,51.5,55.49,39.0,46.0,43.0,40.0,36.0,51.0
2024-09-07,30.67,28.11,33.86,47.68,45.77,49.68,34.88,32.32,38.08,40.88,38.63,42.88,27.07,24.61,30.07,53.86,51.8,55.86,,,,,,
2024-09-08,30.51,27.85,33.79,47.92,45.9,49.93,34.73,32.09,38.04,41.08,38.94,43.02,26.89,24.42,29.91,54.14,52.06,56.16,,,,,,
2024-09-09,30.36,27.6,33.72,48.15,46.15,50.14,34.58,31.91,37.94,41.27,39.16,43.18,26.73,24.23,29.74,54.42,52.22,56.45,,,,,,
2024-09-10,30.22,27.36,33.66,48.38,46.42,50.39,34.45,31.75,37.86,41.44,39.42,43.29,26.57,24.02,29.64,54.69,52.33,56.87,,,,,,
2024-09-11,30.08,27.2,33.57,48.61,46.58,50.63,34.32,31.6,37.83,41.61,39.72,43.53,26.41,23.83,29.6,54.95,52.5,57.21,,,,,,
2024-09-12,29.94,27.04,33.47,48.83,46.76,50.84,34.19,31.35,37.75,41.77,39.96,43.6,26.25,23.65,29.56,55.21,52.6,57.52,,,,,,
2024-09-13,29.8,26.9,33.33,49.04,46.94,51.05,34.08,31.1,37.58,41.92,40.18,43.67,26.1,23.48,29.52,55.46,52.76,57.83,,,,,,
2024-09-14,29.67,26.79,33.07,49.25,47.13,51.24,33.96,30.85,37.47,42.06,40.27,43.84,25.95,23.29,29.47,55.71,52.97,58.09,,,,,,
2024-09-15,29.53,26.55,33.02,49.45,47.25,51.45,33.84,30.67,37.32,42.2,40.27,43.99,25.79,23.1,29.42,55.95,53.09,58.33,,,,,,
2024-09-16,29.39,26.41,32.96,49.65,47.36,51.83,33.73,30.61,37.16,42.33,40.38,44.07,25.64,22.92,29.37,56.18,53.19,58.5,,,,,,
2024-09-17,29.25,26.31,32.84,49.85,47.47,52.27,33.61,30.56,37.02,42.46,40.51,44.15,25.48,22.75,29.31,56.42,53.32,58.81,,,,,,
2024-09-18,29.1,26.2,32.69,50.06,47.59,52.46,33.49,30.5,36.98,42.59,40.62,44.64,25.32,22.55,29.2,56.65,53.43,59.04,24.0,50.0,28.0,44.0,21.0,55.0
2024-09-19,28.95,26.01,32.52,50.26,47.72,52.62,33.36,30.5,36.83,42.72,40.68,44.81,25.15,22.37,29.04,56.89,53.57,59.28,,,,,,
2024-09-20,28.79,25.75,32.34,50.46,47.86,52.85,33.23,30.46,36.66,42.84,40.74,44.88,24.98,22.22,28.97,57.12,53.71,59.53,,,,,,
2024-09-21,28.63,25.59,32.23,50.67,48.0,53.0,33.09,30.33,36.46,42.98,40.74,45.0,24.8,22.05,28.79,57.36,53.88,59.73,,,,,,
2024-09-22,28.45,25.55,32.17,50.88,48.15,53.21,32.95,30.18,36.32,43.11,40.79,45.08,24.61,21.87,28.58,57.6,54.04,60.06,,,,,,
2024-09-23,28.27,25.45,31.99,51.09,48.32,53.33,32.79,30.05,36.18,43.25,40.98,45.3,24.41,21.65,28.35,57.85,54.29,60.47,,,,,,
2024-09-24,28.07,25.28,31.63,51.31,48.5,53.63,32.61,29.87,35.96,43.39,41.09,45.48,24.21,21.44,28.1,58.1,54.5,60.7,21.0,48.0,25.0,42.0,18.0,53.0
2024-09-25,27.87,25.19,31.3,51.53,48.7,54.02,32.43,29.67,35.54,43.54,41.21,45.66,23.99,21.27,27.83,58.35,54.8,61.05,23.0,53.0,27.0,47.0,20.0,58.0
2024-09-26,27.65,25.07,31.03,51.75,48.87,54.35,32.22,29.37,35.33,43.7,41.33,45.85,23.76,21.09,27.52,58.61,55.11,61.33,,,,,,
2024-09-27,27.42,24.83,30.73,51.98,49.05,54.69,32.01,29.11,35.11,43.86,41.41,46.04,23.52,20.88,27.08,58.88,55.35,61.6,,,,,,
2024-09-28,27.18,24.59,30.38,52.21,49.23,54.88,31.78,28.85,34.83,44.02,41.48,46.18,23.27,20.74,26.52,59.14,55.53,61.94,,,,,,
2024-09-29,26.93,24.4,30.01,52.43,49.41,55.16,31.55,28.59,34.61,44.18,41.52,46.36,23.02,20.62,26.29,59.41,55.72,62.25,,,,,,
2024-09-30,26.69,24.22,29.58,52.66,49.6,55.34,31.31,28.45,34.35,44.35,41.57,46.61,22.77,20.46,25.99,59.67,55.89,62.6,,,,,,
2024-10-01,26.45,24.06,29.27,52.88,49.79,55.55,31.07,28.21,34.11,44.51,41.64,46.89,22.52,20.24,25.7,59.94,56.11,62.91,,,,,,
2024-10-02,26.21,23.9,28.93,53.1,50.01,55.8,30.83,28.03,33.68,44.68,41.8,47.13,22.28,20.12,25.33,60.2,56.36,63.22,,,,,,
2024-10-03,25.98,23.76,28.47,53.31,50.25,56.08,30.61,27.9,33.3,44.83,41.91,47.28,22.05,19.96,24.72,60.46,56.66,63.63,25.0,52.0,30.0,37.0,17.0,65.0
2024-10-04,25.77,23.7,28.13,53.51,50.44,56.43,30.4,27.83,32.99,44.97,41.98,47.52,21.83,19.74,24.53,60.72,56.89,63.94,27.0,63.0,33.0,52.0,25.0,69.0
2024-10-05,25.59,23.59,27.85,53.71,50.69,56.53,30.21,27.7,32.61,45.1,42.09,47.75,21.63,19.62,24.13,60.98,57.37,64.19,,,,,,
2024-10-06,25.42,23.54,27.57,53.88,51.0,56.75,30.04,27.58,32.44,45.21,42.1,47.95,21.45,19.47,23.96,61.22,57.84,64.43,,,,,,
2024-10-07,25.29,23.45,27.35,54.03,51.23,57.0,29.91,27.48,32.3,45.3,42.1,48.11,21.3,19.39,23.61,61.45,58.11,64.55,30.0,61.0,37.0,52.0,25.0,68.0
2024-10-08,25.18,23.39,27.0,54.16,51.4,57.01,29.8,27.48,32.09,45.36,42.15,48.23,21.16,19.28,23.47,61.67,58.28,64.83,,,,,,
2024-10-09,25.1,23.22,26.9,54.27,51.55,56.92,29.73,27.42,31.92,45.39,42.25,48.22,21.05,19.21,23.36,61.88,58.61,64.79,,,,,,
2024-10-10,25.05,23.16,26.86,54.36,51.67,57.02,29.68,27.46,31.87,45.39,42.25,48.28,20.97,19.07,22.93,62.07,58.91,64.82,,,,,,
2024-10-11,25.02,23.2,26.75,54.42,51.72,57.09,29.67,27.47,31.84,45.37,42.23,48.26,20.91,19.06,22.81,62.24,59.14,64.86,,,,,,
2024-10-12,25.02,23.23,26.68,54.46,51.79,57.12,29.68,27.53,31.82,45.33,42.25,48.23,20.87,19.05,22.7,62.39,59.29,64.96,,,,,,
2024-10-13,25.04,23.22,26.64,54.49,51.76,56.97,29.7,27.51,31.81,45.28,42.28,48.26,20.85,19.01,22.69,62.53,59.53,65.09,,,,,,
2024-10-14,25.06,23.25,26.64,54.51,51.69,57.09,29.75,27.55,31.79,45.21,42.29,48.22,20.84,18.98,22.69,62.66,59.84,65.19,,,,,,
2024-10-15,25.09,23.29,26.71,54.52,51.78,57.12,29.8,27.59,31.79,45.14,42.17,48.16,20.84,18.95,22.71,62.78,60.02,65.17,,,,,,
2024-10-16,25.13,23.35,26.74,54.52,51.85,57.18,29.85,27.73,31.79,45.05,42.04,48.09,20.83,18.89,22.76,62.9,60.23,65.19,21.0,53.0,26.0,43.0,17.0,61.0
2024-10-17,25.16,23.44,26.72,54.52,51.94,57.29,29.9,27.81,31.79,44.97,41.9,48.07,20.83,18.89,22.8,63.01,60.55,65.24,,,,,,
2024-10-18,25.19,23.49,26.72,54.52,51.89,57.38,29.95,27.96,31.78,44.88,41.79,48.11,20.82,18.85,22.78,63.11,60.67,65.3,,,,,,
2024-10-19,25.22,23.56,26.73,54.51,51.86,57.42,30.0,27.95,31.77,44.78,41.65,47.99,20.81,18.89,22.82,63.21,60.83,65.41,,,,,,
2024-10-20,25.24,23.57,26.74,54.49,51.9,57.28,30.05,27.93,31.83,44.69,41.51,47.96,20.8,18.88,22.81,63.3,60.94,65.44,,,,,,
2024-10-21,25.26,23.59,26.74,54.47,51.89,57.29,30.09,27.9,31.91,44.59,41.37,47.98,20.79,18.87,22.83,63.38,61.06,65.58,,,,,,
2024-10-22,25.28,23.64,26.77,54.44,51.86,57.12,30.12,27.87,31.9,44.49,41.14,48.0,20.77,18.85,22.81,63.45,61.15,65.6,,,,,,
2024-10-23,25.3,23.68,26.82,54.4,51.81,57.06,30.15,27.89,31.92,44.39,40.83,47.95,20.76,18.83,22.76,63.51,61.27,65.72,,,,,,
2024-10-24,25.31,23.72,26.86,54.35,51.81,57.08,30.17,27.93,31.83,44.28,40.52,47.81,20.74,18.82,22.72,63.55,61.26,65.76,,,,,,
2024-10-25,25.31,23.76,26.82,54.3,51.81,57.13,30.19,27.98,31.88,44.18,40.37,47.83,20.72,18.79,22.67,63.58,61.36,65.68,,,,,,
2024-10-26,25.31,23.77,26.82,54.23,51.7,56.97,30.19,28.02,31.91,44.07,40.25,47.85,20.7,18.76,22.62,63.6,61.46,65.81,,,,,,
2024-10-27,25.31,23.76,26.83,54.16,51.65,56.97,30.19,28.05,31.93,43.96,39.91,47.86,20.68,18.79,22.57,63.6,61.43,66.04,,,,,,
2024-10-28,25.3,23.75,26.92,54.08,51.69,57.02,30.18,28.05,31.99,43.86,39.79,47.88,20.65,18.8,22.6,63.59,61.36,66.22,27.0,52.0,27.0,48.0,24.0,62.0
2024-10-29,25.29,23.74,26.89,54.0,51.57,57.06,30.17,28.03,32.0,43.76,39.69,47.88,20.63,18.7,22.7,63.57,61.28,66.32,,,,,,
2024-10-30,25.28,23.73,26.88,53.91,51.53,57.02,30.14,28.09,32.0,43.67,39.51,47.91,20.61,18.67,22.76,63.54,61.21,66.37,,,,,,
2024-10-31,25.26,23.73,26.89,53.83,51.42,56.95,30.12,28.08,31.98,43.59,39.32,47.95,20.58,18.67,22.73,63.5,61.15,66.37,,,,,,
2024-11-01,25.25,23.72,26.91,53.74,51.33,56.8,30.08,28.16,31.95,43.52,39.08,48.0,20.56,18.66,22.74,63.45,61.09,66.3,,,,,,
2024-11-02,25.23,23.73,26.88,53.67,51.24,56.76,30.04,28.24,31.96,43.46,38.86,48.17,20.54,18.67,22.7,63.4,60.99,66.2,,,,,,
2024-11-03,25.2,23.7,26.79,53.59,51.15,56.72,29.99,28.2,31.89,43.41,38.74,48.26,20.52,18.57,22.75,63.35,60.89,66.09,,,,,,
2024-11-04,25.18,23.67,26.72,53.53,51.09,56.68,29.95,28.08,31.87,43.38,38.69,48.17,20.49,18.5,22.67,63.3,60.83,65.98,,,,,,
2024-11-05,25.15,23.63,26.63,53.48,51.07,56.65,29.9,28.07,31.77,43.35,38.4,48.25,20.47,18.43,22.56,63.26,60.82,65.86,,,,,,
2024-11-06,25.13,23.64,26.59,53.45,50.98,56.61,29.85,28.08,31.69,43.35,38.31,48.34,20.45,18.48,22.5,63.22,60.83,65.77,,,,,,
2024-11-07,25.1,23.62,26.5,53.43,50.89,56.48,29.8,27.95,31.62,43.35,38.2,48.44,20.42,18.48,22.34,63.2,60.72,65.73,,,,,,
2024-11-08,25.08,23.6,26.5,53.44,50.84,56.54,29.76,27.83,31.52,43.38,38.13,48.39,20.4,18.39,22.3,63.19,60.63,65.69,28.0,61.0,31.0,52.0,24.0,70.0
2024-11-09,25.05,23.57,26.41,53.46,50.83,56.62,29.72,27.8,31.36,43.42,38.2,48.37,20.37,18.31,22.32,63.19,60.63,65.7,24.0,48.0,33.0,31.0,17.0,61.0
2024-11-10,25.03,23.57,26.41,53.52,50.84,56.69,29.69,27.8,31.3,43.49,38.29,48.5,20.35,18.3,22.35,63.21,60.65,65.73,,,,,,
2024-11-11,25.01,23.59,26.36,53.59,50.81,56.8,29.66,27.81,31.25,43.58,38.42,48.7,20.33,18.32,22.31,63.25,60.7,65.79,23.0,52.0,27.0,45.0,19.0,58.0
2024-11-12,24.99,23.61,26.33,53.69,50.83,57.0,29.64,27.81,31.2,43.69,38.56,48.9,20.31,18.33,22.28,63.3,60.73,65.87,,,,,,
2024-11-13,24.96,23.62,26.35,53.81,50.99,57.18,29.62,27.74,31.19,43.82,38.73,49.04,20.28,18.36,22.18,63.36,60.76,65.97,25.0,50.0,32.0,36.0,19.0,64.0
2024-11-14,24.94,23.64,26.34,53.94,51.03,57.32,29.59,27.65,31.16,43.96,38.92,49.12,20.26,18.4,22.15,63.42,60.8,66.08,,,,,,
2024-11-15,24.91,23.64,26.31,54.09,51.25,57.39,29.57,27.67,31.19,44.13,39.13,49.2,20.23,18.39,22.12,63.49,61.0,66.05,,,,,,
2024-11-16,24.87,23.58,26.3,54.24,51.32,57.52,29.54,27.54,31.02,44.3,39.36,49.29,20.2,18.42,22.06,63.57,61.1,66.12,,,,,,
2024-11-17,24.83,23.56,26.27,54.41,51.48,57.63,29.51,27.54,30.99,44.49,39.66,49.45,20.16,18.36,22.04,63.66,61.22,66.15,,,,,,
2024-11-18,24.78,23.45,26.27,54.58,51.7,57.86,29.47,27.53,31.0,44.7,39.95,49.47,20.12,18.35,21.98,63.75,61.31,66.22,,,,,,
2024-11-19,24.73,23.44,26.24,54.77,51.97,57.94,29.42,27.52,31.01,44.91,40.31,49.56,20.07,18.43,21.95,63.86,61.35,66.34,,,,,,
2024-11-20,24.67,23.35,26.15,54.95,52.03,58.08,29.36,27.45,30.95,45.14,40.68,49.66,20.02,18.45,21.93,63.96,61.43,66.46,,,,,,
2024-11-21,24.61,23.26,26.07,55.14,52.19,58.26,29.31,27.4,30.84,45.37,41.0,49.76,19.96,18.42,21.84,64.07,61.49,66.59,,,,,,
2024-11-22,24.54,23.17,25.98,55.32,52.46,58.41,29.24,27.35,30.8,45.6,41.25,50.01,19.91,18.43,21.75,64.18,61.62,66.72,,,,,,
2024-11-23,24.48,23.09,25.94,55.51,52.65,58.62,29.18,27.3,30.81,45.84,41.51,50.09,19.85,18.35,21.64,64.3,61.88,66.87,,,,,,
2024-11-24,24.41,23.01,25.91,55.69,52.85,58.8,29.11,27.25,30.74,46.08,41.79,50.17,19.8,18.32,21.58,64.41,61.94,66.96,,,,,,
2024-11-25,24.34,22.91,25.82,55.88,53.01,58.96,29.04,27.19,30.66,46.32,41.89,50.37,19.74,18.27,21.45,64.53,61.93,67.14,,,,,,
2024-11-26,24.28,22.82,25.78,56.07,53.19,59.21,28.97,27.15,30.62,46.57,42.21,50.48,19.69,18.22,21.36,64.65,62.07,67.27,,,,,,
2024-11-27,24.22,22.71,25.74,56.26,53.17,59.3,28.9,27.1,30.63,46.83,42.71,50.7,19.64,18.18,21.27,64.77,62.12,67.26,,,,,,
2024-11-28,24.16,22.66,25.67,56.45,53.49,59.43,28.83,27.05,30.63,47.1,42.82,50.94,19.6,18.1,21.27,64.9,62.24,67.34,,,,,,
2024-11-29,24.11,22.54,25.64,56.65,53.85,59.59,28.76,26.97,30.58,47.38,43.08,51.17,19.56,18.02,21.27,65.04,62.39,67.47,,,,,,
2024-11-30,24.06,22.46,25.62,56.86,54.23,59.82,28.69,26.89,30.53,47.67,43.45,51.43,19.53,17.99,21.24,65.18,62.52,67.67,,,,,,
2024-12-01,24.02,22.38,25.61,57.08,54.47,60.03,28.62,26.82,30.46,47.98,43.87,51.69,19.51,17.9,21.19,65.34,62.65,67.89,,,,,,
2024-12-02,23.98,22.31,25.64,57.3,54.7,60.18,28.54,26.75,30.41,48.29,44.53,51.95,19.49,17.83,21.25,65.49,62.81,68.1,,,,,,
2024-12-03,23.94,22.3,25.64,57.52,54.81,60.37,28.47,26.72,30.32,48.62,44.92,52.17,19.47,17.84,21.27,65.65,63.06,68.18,,,,,,
2024-12-04,23.9,22.22,25.61,57.75,55.08,60.51,28.39,26.6,30.23,48.96,45.38,52.37,19.46,17.82,21.34,65.8,63.16,68.28,27.0,61.0,31.0,53.0,23.0,67.0
2024-12-05,23.86,22.15,25.57,57.97,55.31,60.63,28.31,26.51,30.12,49.3,45.82,52.62,19.45,17.81,21.29,65.95,63.36,68.48,,,,,,
2024-12-06,23.82,22.14,25.54,58.19,55.53,60.76,28.23,26.46,30.11,49.64,46.34,52.71,19.44,17.76,21.28,66.1,63.38,68.7,,,,,,
2024-12-07,23.78,22.09,25.48,58.4,55.73,60.91,28.13,26.35,30.01,49.97,46.83,52.93,19.42,17.7,21.26,66.24,63.43,68.87,,,,,,
2024-12-08,23.73,22.03,25.42,58.6,55.97,61.15,28.04,26.32,29.9,50.29,47.21,53.12,19.4,17.65,21.25,66.37,63.51,68.98,,,,,,
2024-12-09,23.68,21.95,25.32,58.79,56.15,61.44,27.94,26.22,29.81,50.6,47.67,53.37,19.38,17.59,21.26,66.48,63.5,69.04,,,,,,
2024-12-10,23.63,21.89,25.34,58.96,56.25,61.7,27.85,26.11,29.75,50.9,48.02,53.49,19.36,17.54,21.22,66.59,63.52,69.18,19.0,55.0,23.0,47.0,15.0,61.0
2024-12-11,23.58,21.84,25.29,59.12,56.36,61.82,27.76,26.02,29.63,51.17,48.42,53.88,19.34,17.5,21.16,66.68,63.56,69.34,,,,,,
2024-12-12,23.53,21.81,25.25,59.27,56.55,62.07,27.67,25.95,29.41,51.41,48.59,54.3,19.32,17.46,21.21,66.76,63.57,69.5,,,,,,
2024-12-13,23.49,21.79,25.13,59.39,56.65,62.23,27.6,25.89,29.26,51.62,48.66,54.64,19.3,17.46,21.06,66.83,63.59,69.43,,,,,,
2024-12-14,23.45,21.8,25.16,59.49,56.76,62.35,27.53,25.84,29.24,51.81,49.02,54.69,19.28,17.49,20.97,66.88,63.61,69.62,,,,,,
2024-12-15,23.42,21.73,25.08,59.57,56.87,62.48,27.48,25.79,29.19,51.96,49.21,54.89,19.26,17.44,20.96,66.93,63.75,69.72,,,,,,
2024-12-16,23.4,21.68,25.01,59.63,56.92,62.5,27.43,25.75,29.07,52.07,49.36,54.98,19.25,17.47,20.88,66.95,63.86,69.75,25.0,66.0,29.0,58.0,21.0,72.0
2024-12-17,23.38,21.67,24.99,59.67,56.99,62.47,27.4,25.72,29.03,52.15,49.44,54.96,19.24,17.5,20.88,66.97,63.85,69.77,,,,,,
2024-12-18,23.36,21.69,24.98,59.7,57.02,62.63,27.37,25.7,29.0,52.21,49.47,55.04,19.23,17.57,20.87,66.98,63.85,69.75,,,,,,
2024-12-19,23.34,21.67,24.96,59.7,57.04,62.63,27.35,25.68,28.98,52.23,49.47,55.09,19.22,17.61,20.86,66.97,63.84,69.69,,,,,,
2024-12-20,23.33,21.68,24.9,59.69,57.04,62.62,27.33,25.68,28.9,52.24,49.45,55.1,19.21,17.6,20.85,66.97,63.83,69.72,22.0,54.0,26.0,46.0,18.0,60.0
2024-12-21,23.32,21.68,24.88,59.68,57.06,62.59,27.32,25.69,28.88,52.23,49.41,55.08,19.2,17.55,20.83,66.95,63.83,69.73,,,,,,
2024-12-22,23.31,21.69,24.88,59.65,57.08,62.55,27.31,25.7,28.88,52.21,49.37,54.93,19.18,17.55,20.81,66.94,63.82,69.77,,,,,,
2024-12-23,23.3,21.7,24.87,59.63,57.05,62.43,27.31,25.72,28.88,52.18,49.34,54.9,19.17,17.56,20.79,66.92,63.82,69.75,24.0,60.5,28.0,53.5,19.5,70.5
2024-12-24,23.29,21.71,24.84,59.59,57.01,62.42,27.3,25.74,28.86,52.13,49.36,54.8,19.15,17.53,20.75,66.91,63.83,69.72,,,,,,
2024-12-25,23.28,21.71,24.81,59.56,56.95,62.35,27.3,25.71,28.84,52.09,49.38,54.67,19.14,17.49,20.74,66.89,63.9,69.71,,,,,,
2024-12-26,23.27,21.68,24.78,59.53,56.92,62.26,27.3,25.68,28.78,52.03,49.38,54.54,19.12,17.48,20.71,66.88,63.92,69.68,,,,,,
2024-12-27,23.25,21.65,24.74,59.49,56.87,62.16,27.3,25.65,28.74,51.97,49.34,54.44,19.1,17.46,20.7,66.87,63.9,69.63,,,,,,
2024-12-28,23.24,21.62,24.73,59.45,56.84,62.07,27.31,25.67,28.75,51.9,49.26,54.39,19.08,17.47,20.66,66.86,63.89,69.48,,,,,,
2024-12-29,23.23,21.58,24.73,59.41,56.88,61.96,27.31,25.74,28.77,51.83,48.92,54.29,19.06,17.42,20.62,66.85,63.89,69.44,,,,,,
2024-12-30,23.22,21.6,24.73,59.38,56.93,61.85,27.32,25.8,28.8,51.76,48.85,54.11,19.03,17.37,20.57,66.84,63.91,69.43,,,,,,
2024-12-31,23.21,21.62,24.7,59.34,56.96,61.85,27.33,25.84,28.79,51.68,48.8,54.05,19.01,17.33,20.54,66.83,63.92,69.35,,,,,,
2025-01-01,23.21,21.66,24.67,59.3,56.98,61.76,27.34,25.84,28.78,51.6,48.76,54.09,18.99,17.34,20.56,66.82,63.97,69.28,,,,,,
2025-01-02,23.2,21.7,24.65,59.25,56.93,61.71,27.35,25.84,28.79,51.52,48.71,53.98,18.96,17.26,20.57,66.82,64.03,69.18,,,,,,
2025-01-03,23.19,21.74,24.65,59.21,56.87,61.62,27.36,25.84,28.8,51.43,48.65,53.91,18.93,17.22,20.56,66.81,64.07,69.08,26.0,68.0,30.0,61.0,22.0,75.0
2025-01-04,23.18,21.75,24.69,59.17,56.82,61.66,27.37,25.79,28.8,51.34,48.56,53.88,18.9,17.21,20.54,66.8,64.09,68.97,,,,,,
2025-01-05,23.17,21.66,24.72,59.13,56.77,61.62,27.39,25.81,28.8,51.24,48.49,53.9,18.87,17.2,20.53,66.79,64.11,68.93,,,,,,
2025-01-06,23.16,21.65,24.71,59.08,56.67,61.46,27.4,25.82,28.82,51.14,48.37,53.84,18.84,17.17,20.51,66.78,64.13,68.91,,,,,,
2025-01-07,23.15,21.66,24.68,59.03,56.57,61.37,27.42,25.8,28.83,51.04,48.25,53.75,18.81,17.08,20.47,66.77,64.15,68.85,,,,,,
2025-01-08,23.14,21.64,24.67,58.99,56.49,61.39,27.44,25.76,28.88,50.93,48.09,53.66,18.78,17.05,20.4,66.75,64.18,68.84,,,,,,
2025-01-09,23.13,21.62,24.69,58.94,56.42,61.38,27.45,25.75,28.9,50.82,47.9,53.57,18.74,17.04,20.32,66.73,64.2,68.84,,,,,,
2025-01-10,23.12,21.62,24.64,58.88,56.4,61.31,27.46,25.72,28.92,50.7,47.73,53.49,18.71,17.03,20.24,66.7,64.19,68.84,21.0,56.0,25.0,49.0,17.0,63.0
2025-01-11,23.11,21.59,24.59,58.83,56.4,61.31,27.48,25.7,28.96,50.59,47.56,53.42,18.67,17.02,20.24,66.67,64.19,68.88,,,,,,
2025-01-12,23.1,21.56,24.56,58.77,56.4,61.28,27.49,25.67,28.99,50.47,47.49,53.33,18.63,16.99,20.11,66.64,64.17,68.91,,,,,,
2025-01-13,23.08,21.53,24.55,58.71,56.37,61.16,27.5,25.67,29.01,50.34,47.41,53.24,18.59,16.98,20.15,66.6,64.17,68.93,,,,,,
2025-01-14,23.07,21.5,24.51,58.64,56.31,61.14,27.5,25.68,28.99,50.21,47.24,53.14,18.54,16.93,20.12,66.55,64.16,68.93,,,,,,
2025-01-15,23.04,21.46,24.49,58.58,56.26,61.01,27.51,25.68,28.98,50.08,47.06,53.13,18.5,16.84,20.08,66.5,64.15,68.92,,,,,,
2025-01-16,23.02,21.42,24.46,58.51,56.19,60.95,27.5,25.69,28.96,49.95,46.9,53.05,18.45,16.74,20.06,66.45,64.15,68.86,,,,,,
2025-01-17,23.0,21.42,24.45,58.43,56.13,60.9,27.5,25.67,28.97,49.82,46.74,52.97,18.4,16.66,20.08,66.39,64.09,68.86,29.0,64.0,33.0,57.0,25.0,71.0
2025-01-18,22.97,21.41,24.44,58.36,56.07,60.82,27.49,25.61,28.96,49.68,46.57,52.84,18.35,16.57,20.09,66.33,64.04,68.76,,,,,,
2025-01-19,22.95,21.35,24.42,58.29,55.99,60.72,27.48,25.54,28.96,49.55,46.41,52.74,18.3,16.52,19.99,66.27,64.01,68.64,,,,,,
2025-01-20,22.93,21.29,24.43,58.21,55.91,60.56,27.46,25.47,28.94,49.42,46.11,52.61,18.25,16.49,19.96,66.21,64.01,68.51,,,,,,
2025-01-21,22.9,21.3,24.46,58.14,55.82,60.53,27.44,25.4,28.94,49.29,45.91,52.48,18.2,16.45,19.93,66.16,64.0,68.38,,,,,,
2025-01-22,22.88,21.27,24.48,58.07,55.81,60.5,27.42,25.33,28.92,49.16,45.76,52.34,18.15,16.38,19.94,66.1,63.97,68.35,,,,,,
2025-01-23,22.86,21.24,24.51,57.99,55.75,60.38,27.39,25.27,28.9,49.04,45.63,52.18,18.11,16.32,19.96,66.05,63.95,68.29,21.0,55.0,25.0,45.0,16.0,64.0
2025-01-24,22.85,21.22,24.47,57.92,55.73,60.21,27.36,25.16,28.88,48.91,45.49,52.09,18.06,16.31,19.91,66.0,63.96,68.13,,,,,,
2025-01-25,22.83,21.21,24.36,57.85,55.73,60.06,27.33,25.12,28.82,48.79,45.3,52.05,18.02,16.22,19.91,65.95,63.96,67.93,,,,,,
2025-01-26,22.82,21.2,24.29,57.77,55.67,60.01,27.3,25.01,28.76,48.67,45.12,51.97,17.98,16.17,19.89,65.91,63.96,67.88,,,,,,
2025-01-27,22.8,21.21,24.26,57.69,55.61,59.95,27.26,25.0,28.68,48.54,45.03,51.82,17.94,16.17,19.9,65.87,63.98,67.82,,,,,,
2025-01-28,22.79,21.2,24.24,57.61,55.56,59.74,27.22,25.0,28.62,48.41,44.98,51.58,17.89,16.17,19.9,65.83,63.99,67.66,22.0,55.0,30.0,40.0,16.0,65.0
2025-01-29,22.78,21.19,24.23,57.53,55.54,59.58,27.19,24.96,28.59,48.28,44.92,51.56,17.85,16.15,19.85,65.8,64.0,67.56,,,,,,
2025-01-30,22.77,21.27,24.2,57.45,55.52,59.4,27.15,24.86,28.6,48.16,44.81,51.44,17.81,16.12,19.82,65.78,64.08,67.4,,,,,,
2025-01-31,22.76,21.29,24.23,57.38,55.53,59.3,27.11,24.88,28.52,48.03,44.76,51.2,17.77,16.08,19.76,65.76,64.14,67.25,,,,,,
2025-02-01,22.75,21.33,24.28,57.3,55.55,59.22,27.08,24.8,28.52,47.9,44.51,51.14,17.73,16.05,19.7,65.75,64.21,67.17,,,,,,
2025-02-02,22.74,21.34,24.24,57.22,55.54,59.09,27.04,24.78,28.5,47.77,44.26,51.06,17.68,16.02,19.64,65.74,64.28,67.17,,,,,,
2025-02-03,22.74,21.28,24.27,57.15,55.52,58.98,27.01,24.67,28.49,47.63,44.1,51.0,17.64,15.98,19.58,65.74,64.28,67.21,,,,,,
2025-02-04,22.73,21.31,24.31,57.07,55.53,58.82,26.97,24.55,28.53,47.49,43.95,50.87,17.59,15.94,19.51,65.74,64.3,67.24,,,,,,
2025-02-05,22.72,21.3,24.28,57.0,55.51,58.73,26.93,24.46,28.51,47.35,43.62,50.77,17.54,15.91,19.51,65.75,64.27,67.2,,,,,,
2025-02-06,22.72,21.28,24.21,56.93,55.47,58.62,26.89,24.37,28.51,47.21,43.4,50.68,17.48,15.88,19.48,65.76,64.33,67.21,,,,,,
2025-02-07,22.71,21.29,24.13,56.87,55.44,58.55,26.86,24.35,28.61,47.07,43.34,50.69,17.43,15.86,19.42,65.79,64.26,67.18,22.0,56.0,27.0,44.0,15.0,65.0
2025-02-08,22.72,21.33,24.11,56.82,55.41,58.56,26.83,24.23,28.73,46.93,43.3,50.71,17.37,15.83,19.38,65.82,64.33,67.2,,,,,,
2025-02-09,22.73,21.37,24.08,56.77,55.4,58.58,26.83,24.22,28.89,46.8,43.29,50.53,17.32,15.8,19.31,65.86,64.37,67.2,,,,,,
2025-02-10,22.75,21.49,24.03,56.74,55.41,58.52,26.84,24.23,28.97,46.68,43.08,50.31,17.26,15.77,19.21,65.91,64.38,67.28,,,,,,
2025-02-11,22.78,21.74,24.09,56.72,55.42,58.42,26.87,24.28,29.25,46.56,42.84,50.02,17.21,15.76,19.1,65.97,64.46,67.35,,,,,,
2025-02-12,22.83,21.8,24.28,56.71,55.4,58.35,26.92,24.39,29.87,46.45,42.65,49.91,17.16,15.76,18.96,66.04,64.66,67.47,,,,,,
2025-02-13,22.88,21.86,24.43,56.7,55.42,58.28,27.0,24.5,30.2,46.34,42.62,49.78,17.11,15.77,18.8,66.1,64.73,67.56,,,,,,
2025-02-14,22.95,21.86,24.63,56.69,55.4,58.2,27.1,24.73,30.49,46.24,42.77,49.64,17.06,15.76,18.67,66.16,64.8,67.59,,,,,,
2025-02-15,23.03,21.93,24.58,56.68,55.41,58.15,27.22,24.7,30.99,46.15,42.89,49.65,17.02,15.81,18.58,66.22,64.84,67.62,,,,,,
2025-02-16,23.12,21.97,24.98,56.68,55.41,58.12,27.36,24.72,31.43,46.07,42.78,49.6,16.99,15.8,18.58,66.27,64.86,67.71,,,,,,
2025-02-17,23.22,21.98,25.36,56.68,55.42,58.18,27.52,24.93,32.06,46.01,42.89,49.02,16.97,15.88,18.45,66.31,64.86,67.69,,,,,,
2025-02-18,23.33,21.99,25.59,56.68,55.41,58.31,27.7,24.91,32.66,45.96,42.85,48.79,16.96,15.84,18.3,66.34,64.83,67.73,,,,,,
2025-02-19,23.45,22.04,25.96,56.69,55.36,58.21,27.9,24.88,33.32,45.93,42.87,48.6,16.96,15.89,18.17,66.37,64.8,67.69,,,,,,
2025-02-20,23.59,22.13,26.12,56.69,55.24,58.31,28.12,24.78,33.96,45.89,42.79,48.41,16.97,15.89,18.09,66.39,64.75,67.69,,,,,,
2025-02-21,23.73,22.19,26.26,56.69,55.11,58.35,28.35,24.75,34.31,45.86,42.82,48.29,17.0,15.86,18.09,66.41,64.71,67.7,,,,,,
2025-02-22,23.87,22.27,26.33,56.7,55.0,58.3,28.59,24.79,34.59,45.84,42.64,48.19,17.04,15.93,18.07,66.43,64.57,67.68,,,,,,
2025-02-23,24.02,22.31,26.52,56.7,54.88,58.2,28.82,24.81,34.95,45.83,42.66,48.04,17.09,16.0,18.09,66.44,64.48,67.71,23.0,57.0,22.0,51.0,18.0,68.0
2025-02-24,24.16,22.33,26.74,56.7,54.7,58.27,29.05,24.9,35.36,45.81,42.63,48.07,17.15,16.06,18.14,66.44,64.37,67.7,,,,,,
2025-02-25,24.29,22.43,26.95,56.7,54.53,58.24,29.26,24.95,35.73,45.8,42.52,48.06,17.21,16.01,18.16,66.44,64.26,67.74,,,,,,
2025-02-26,24.42,22.56,27.13,56.69,54.41,58.33,29.46,24.97,36.03,45.79,42.51,48.04,17.27,16.0,18.19,66.43,64.13,67.84,,,,,,
2025-02-27,24.52,22.63,27.27,56.67,54.3,58.41,29.64,24.89,36.29,45.76,42.5,48.01,17.33,16.02,18.2,66.41,63.95,67.86,,,,,,
2025-02-28,24.61,22.65,27.33,56.64,54.21,58.45,29.79,24.91,36.3,45.73,42.54,47.95,17.38,16.11,18.25,66.38,63.75,67.92,,,,,,
2025-03-01,24.68,22.67,27.36,56.6,54.14,58.56,29.93,24.87,36.17,45.69,42.5,47.97,17.42,16.22,18.26,66.35,63.67,67.92,,,,,,
2025-03-02,24.74,22.68,27.35,56.56,54.06,58.62,30.05,24.93,36.11,45.64,42.44,48.07,17.46,16.31,18.26,66.31,63.64,67.99,,,,,,
2025-03-03,24.79,22.69,27.28,56.52,54.0,58.66,30.15,25.01,35.96,45.58,42.43,48.13,17.49,16.42,18.26,66.26,63.61,68.02,,,,,,
2025-03-04,24.83,22.74,27.24,56.47,54.02,58.7,30.25,25.09,35.93,45.52,42.38,48.19,17.51,16.44,18.26,66.21,63.6,68.07,,,,,,
2025-03-05,24.86,22.79,27.24,56.42,53.99,58.73,30.34,25.28,35.84,45.45,42.33,48.09,17.54,16.55,18.28,66.16,63.56,68.11,,,,,,
2025-03-06,24.89,22.84,27.18,56.37,53.94,58.71,30.41,25.36,35.9,45.38,42.34,48.07,17.56,16.7,18.3,66.11,63.5,68.11,,,,,,
2025-03-07,24.9,22.89,27.19,56.32,53.9,58.7,30.49,25.42,35.76,45.3,42.33,48.02,17.58,16.7,18.34,66.06,63.46,68.1,,,,,,
2025-03-08,24.91,22.92,27.22,56.26,53.88,58.7,30.55,25.53,36.15,45.22,42.33,47.91,17.59,16.7,18.35,66.01,63.46,68.07,,,,,,
2025-03-09,24.92,22.91,27.3,56.21,53.86,58.67,30.6,25.64,36.18,45.14,42.35,47.85,17.6,16.71,18.36,65.96,63.47,68.08,,,,,,
2025-03-10,24.91,22.9,27.28,56.15,53.85,58.61,30.64,25.69,36.36,45.05,42.37,47.71,17.61,16.79,18.33,65.9,63.52,68.06,,,,,,
2025-03-11,24.9,22.88,27.24,56.1,53.85,58.6,30.67,25.67,36.4,44.97,42.4,47.45,17.62,16.82,18.35,65.85,63.54,68.0,,,,,,
2025-03-12,24.88,22.87,27.24,56.05,53.84,58.51,30.7,25.52,36.11,44.88,42.42,47.46,17.62,16.8,18.36,65.8,63.54,68.01,,,,,,
2025-03-13,24.86,22.86,27.23,56.0,53.84,58.43,30.71,25.69,36.07,44.79,42.45,47.31,17.61,16.81,18.31,65.75,63.57,68.0,,,,,,
2025-03-14,24.83,22.85,27.25,55.95,53.85,58.37,30.72,25.85,35.72,44.71,42.51,47.15,17.6,16.79,18.29,65.7,63.6,67.97,,,,,,
2025-03-15,24.8,22.82,27.24,55.9,53.86,58.34,30.71,26.06,35.3,44.63,42.58,46.97,17.59,16.8,18.3,65.65,63.62,67.91,,,,,,
2025-03-16,24.76,22.83,26.97,55.86,53.9,58.22,30.69,26.28,35.25,44.56,42.63,46.78,17.58,16.78,18.31,65.6,63.65,67.8,,,,,,
2025-03-17,24.71,22.83,26.92,55.81,53.92,58.09,30.66,26.39,35.0,44.49,42.67,46.64,17.57,16.75,18.31,65.56,63.68,67.66,31.0,62.0,43.0,46.0,19.0,70.0
2025-03-18,24.66,22.79,26.9,55.77,53.94,58.02,30.61,26.54,34.73,44.43,42.72,46.52,17.55,16.71,18.31,65.52,63.72,67.56,,,,,,
2025-03-19,24.6,22.72,26.87,55.73,53.95,57.97,30.55,26.7,34.71,44.38,42.72,46.39,17.54,16.74,18.33,65.48,63.78,67.41,,,,,,
2025-03-20,24.54,22.7,26.83,55.69,53.97,57.91,30.49,26.78,34.66,44.34,42.76,46.28,17.53,16.73,18.35,65.45,63.79,67.33,,,,,,
2025-03-21,24.48,22.64,26.68,55.66,53.98,57.85,30.41,26.84,34.55,44.31,42.77,46.17,17.52,16.72,18.34,65.41,63.78,67.26,24.0,53.0,29.0,44.0,18.0,64.0
2025-03-22,24.41,22.59,26.61,55.62,54.0,57.79,30.32,26.94,34.15,44.29,42.81,46.05,17.52,16.72,18.34,65.37,63.8,67.19,,,,,,
2025-03-23,24.35,22.55,26.54,55.59,54.01,57.72,30.22,27.01,34.04,44.29,42.84,45.93,17.51,16.73,18.33,65.33,63.82,67.12,,,,,,
2025-03-24,24.28,22.53,26.46,55.56,54.0,57.67,30.11,26.95,33.92,44.3,42.92,45.82,17.51,16.75,18.34,65.29,63.83,67.05,,,,,,
2025-03-25,24.21,22.51,26.36,55.53,54.03,57.62,29.99,26.96,33.78,44.31,42.96,45.77,17.52,16.71,18.36,65.25,63.81,66.96,,,,,,
2025-03-26,24.14,22.48,26.21,55.51,54.06,57.56,29.87,26.95,33.62,44.34,42.92,45.71,17.52,16.73,18.37,65.22,63.8,66.8,,,,,,
2025-03-27,24.06,22.45,26.04,55.48,54.1,57.49,29.73,26.87,33.45,44.37,42.92,45.75,17.52,16.76,18.37,65.18,63.82,66.64,24.0,54.0,32.0,40.0,16.0,62.0
2025-03-28,23.99,22.42,25.85,55.46,54.12,57.43,29.6,26.84,33.26,44.41,43.04,45.72,17.52,16.75,18.37,65.15,63.85,66.55,22.0,54.0,26.0,44.0,17.0,65.0
2025-03-29,23.91,22.4,25.72,55.44,54.16,57.36,29.45,26.82,33.04,44.45,43.13,45.73,17.52,16.75,18.37,65.12,63.86,66.45,,,,,,
2025-03-30,23.82,22.37,25.61,55.43,54.2,57.29,29.3,26.79,32.82,44.5,43.21,45.72,17.52,16.75,18.36,65.09,63.89,66.34,,,,,,
2025-03-31,23.74,22.35,25.49,55.42,54.24,57.21,29.15,26.74,32.57,44.55,43.26,45.72,17.51,16.8,18.32,65.07,63.9,66.23,,,,,,
2025-04-01,23.66,22.33,25.36,55.41,54.28,57.13,28.99,26.69,32.31,44.6,43.33,45.73,17.51,16.81,18.29,65.06,63.94,66.14,,,,,,
2025-04-02,23.57,22.3,25.21,55.4,54.32,57.04,28.83,26.64,32.01,44.65,43.4,45.75,17.5,16.81,18.26,65.04,63.95,66.09,,,,,,
2025-04-03,23.49,22.27,25.04,55.39,54.38,56.96,28.68,26.59,31.73,44.7,43.46,45.78,17.49,16.82,18.24,65.04,63.97,66.04,,,,,,
2025-04-04,23.4,22.17,24.86,55.39,54.45,56.88,28.52,26.55,31.42,44.75,43.52,45.79,17.47,16.79,18.18,65.03,63.99,66.03,,,,,,
2025-04-05,23.32,22.13,24.64,55.38,54.52,56.81,28.37,26.5,31.05,44.8,43.58,45.81,17.46,16.78,18.14,65.03,63.96,66.02,,,,,,
2025-04-06,23.24,22.09,24.45,55.38,54.55,56.71,28.23,26.46,30.68,44.84,43.63,45.83,17.45,16.77,18.1,65.02,64.01,66.0,,,,,,
2025-04-07,23.16,22.07,24.29,55.37,54.56,56.63,28.09,26.43,30.36,44.88,43.68,45.84,17.43,16.75,18.06,65.02,64.0,66.0,,,,,,
2025-04-08,23.07,22.04,24.13,55.37,54.58,56.56,27.94,26.4,30.02,44.92,43.73,45.86,17.41,16.72,18.03,65.02,64.0,65.99,,,,,,
2025-04-09,22.99,21.98,23.98,55.36,54.63,56.5,27.81,26.37,29.73,44.96,43.79,45.88,17.4,16.7,18.03,65.02,64.05,65.95,,,,,,
2025-04-10,22.91,21.92,23.84,55.36,54.64,56.43,27.67,26.33,29.49,44.99,43.84,45.91,17.38,16.66,18.0,65.02,64.09,65.92,,,,,,
2025-04-11,22.83,21.88,23.71,55.36,54.68,56.36,27.53,26.31,29.21,45.03,43.85,45.95,17.36,16.65,18.0,65.02,64.13,65.94,25.0,55.0,30.0,45.0,19.0,65.0
2025-04-12,22.75,21.84,23.55,55.36,54.7,56.3,27.4,26.23,28.97,45.07,43.85,45.98,17.34,16.59,17.99,65.02,64.13,65.9,,,,,,
2025-04-13,22.68,21.78,23.42,55.35,54.75,56.23,27.27,26.17,28.73,45.11,43.87,46.01,17.32,16.53,17.96,65.03,64.17,65.89,,,,,,
2025-04-14,22.6,21.7,23.31,55.35,54.79,56.17,27.14,26.11,28.49,45.15,43.9,46.05,17.3,16.56,17.95,65.03,64.18,65.93,20.0,55.0,24.0,43.0,15.0,65.0
2025-04-15,22.52,21.63,23.21,55.35,54.82,56.1,27.02,26.05,28.19,45.2,43.92,46.1,17.28,16.52,17.91,65.03,64.17,65.97,,,,,,
2025-04-16,22.45,21.55,23.12,55.36,54.83,56.05,26.9,25.95,27.98,45.24,43.97,46.14,17.26,16.48,17.86,65.04,64.2,65.96,,,,,,
2025-04-17,22.38,21.52,23.02,55.36,54.85,55.99,26.78,25.86,27.78,45.29,44.01,46.16,17.24,16.43,17.86,65.05,64.23,65.98,,,,,,
2025-04-18,22.31,21.47,22.97,55.37,54.85,55.93,26.67,25.74,27.65,45.34,44.1,46.2,17.22,16.37,17.86,65.06,64.26,66.01,,,,,,
2025-04-19,22.25,21.4,22.89,55.38,54.87,55.88,26.57,25.68,27.5,45.39,44.15,46.27,17.2,16.33,17.87,65.07,64.25,65.98,,,,,,
2025-04-20,22.19,21.34,22.83,55.39,54.93,55.89,26.48,25.6,27.36,45.45,44.16,46.31,17.18,16.32,17.86,65.08,64.24,65.99,,,,,,
2025-04-21,22.13,21.29,22.76,55.4,54.95,55.9,26.39,25.51,27.24,45.5,44.22,46.37,17.17,16.3,17.85,65.09,64.22,65.99,22.5,55.0,25.0,46.5,18.0,66.0
2025-04-22,22.09,21.25,22.72,55.42,54.97,55.91,26.32,25.48,27.13,45.55,44.34,46.43,17.16,16.24,17.83,65.11,64.23,66.03,,,,,,
2025-04-23,22.04,21.2,22.68,55.44,54.99,55.92,26.26,25.45,27.05,45.6,44.38,46.46,17.14,16.18,17.82,65.13,64.22,66.07,,,,,,
2025-04-24,22.01,21.14,22.64,55.45,55.01,55.92,26.21,25.46,26.96,45.64,44.51,46.52,17.13,16.18,17.82,65.15,64.2,66.08,,,,,,
2025-04-25,21.98,21.1,22.62,55.47,55.03,55.92,26.18,25.47,26.93,45.68,44.58,46.56,17.12,16.2,17.81,65.17,64.21,66.08,22.0,56.0,26.0,48.0,18.0,63.0
2025-04-26,21.96,21.06,22.6,55.49,55.07,55.94,26.17,25.5,26.9,45.72,44.61,46.62,17.12,16.16,17.81,65.19,64.22,66.1,,,,,,
2025-04-27,21.94,21.06,22.56,55.5,55.09,55.96,26.16,25.5,26.92,45.75,44.59,46.67,17.12,16.16,17.8,65.2,64.26,66.12,23.0,56.0,27.0,48.0,19.0,63.0
2025-04-28,21.94,21.12,22.56,55.51,55.11,55.96,26.18,25.53,26.95,45.77,44.6,46.65,17.12,16.17,17.81,65.22,64.26,66.13,,,,,,
2025-04-29,21.94,21.07,22.59,55.52,55.11,55.97,26.21,25.57,27.01,45.78,44.56,46.67,17.12,16.18,17.82,65.23,64.26,66.15,,,,,,
2025-04-30,21.94,21.08,22.61,55.52,55.12,55.96,26.25,25.59,27.1,45.78,44.51,46.71,17.13,16.18,17.84,65.24,64.26,66.17,,,,,,
2025-05-01,21.96,21.12,22.61,55.52,55.12,55.98,26.31,25.61,27.27,45.77,44.53,46.72,17.14,16.18,17.83,65.25,64.27,66.2,,,,,,
2025-05-02,21.98,21.11,22.67,55.52,55.12,55.99,26.38,25.59,27.47,45.75,44.46,46.72,17.15,16.21,17.84,65.25,64.27,66.21,22.0,56.0,26.0,46.0,17.0,66.0
2025-05-03,22.0,21.09,22.7,55.52,55.12,56.0,26.46,25.59,27.66,45.73,44.43,46.74,17.16,16.24,17.86,65.26,64.27,66.22,,,,,,
2025-05-04,22.03,21.14,22.78,55.52,55.12,56.0,26.55,25.58,27.76,45.7,44.31,46.71,17.17,16.28,17.9,65.27,64.3,66.22,19.0,57.0,25.0,43.0,14.0,69.0
2025-05-05,22.06,21.11,22.84,55.52,55.11,55.99,26.64,25.57,28.02,45.67,44.22,46.78,17.19,16.25,17.96,65.27,64.3,66.21,,,,,,
2025-05-06,22.08,21.09,22.96,55.51,55.11,55.99,26.74,25.55,28.26,45.63,44.2,46.81,17.2,16.27,18.01,65.28,64.35,66.21,,,,,,
2025-05-07,22.11,21.06,23.06,55.52,55.1,56.01,26.84,25.5,28.44,45.59,44.1,46.86,17.22,16.24,18.06,65.29,64.39,66.2,,,,,,
2025-05-08,22.14,21.08,23.16,55.52,55.11,56.02,26.94,25.48,28.62,45.56,44.03,46.87,17.23,16.27,18.11,65.3,64.42,66.23,,,,,,
2025-05-09,22.17,21.05,23.28,55.52,55.13,56.02,27.04,25.42,28.85,45.52,43.96,46.89,17.25,16.29,18.2,65.31,64.42,66.23,,,,,,
2025-05-10,22.2,21.04,23.37,55.53,55.11,56.04,27.14,25.36,29.06,45.48,43.89,46.9,17.27,16.29,18.24,65.33,64.44,66.27,,,,,,
2025-05-11,22.22,21.0,23.44,55.53,55.11,56.09,27.23,25.3,29.34,45.45,43.78,46.91,17.28,16.27,18.33,65.35,64.45,66.28,,,,,,
2025-05-12,22.25,20.97,23.55,55.54,55.1,56.1,27.32,25.24,29.6,45.42,43.7,46.92,17.3,16.25,18.41,65.36,64.47,66.28,,,,,,
2025-05-13,22.27,20.92,23.66,55.55,55.08,56.12,27.41,25.16,29.86,45.4,43.66,46.97,17.32,16.21,18.45,65.38,64.51,66.29,,,,,,
2025-05-14,22.29,20.91,23.75,55.56,55.09,56.14,27.5,25.07,30.1,45.38,43.63,46.98,17.35,16.17,18.49,65.4,64.53,66.31,,,,,,
2025-05-15,22.32,20.85,23.86,55.57,55.1,56.17,27.58,24.98,30.36,45.36,43.55,47.03,17.37,16.18,18.55,65.43,64.57,66.34,,,,,,
2025-05-16,22.34,20.8,23.97,55.58,55.08,56.18,27.65,24.9,30.58,45.35,43.57,47.1,17.39,16.2,18.65,65.45,64.61,66.34,21.0,55.0,26.0,48.0,16.0,64.0
2025-05-17,22.36,20.73,24.16,55.59,55.08,56.22,27.73,24.81,30.8,45.34,43.54,47.18,17.42,16.17,18.75,65.47,64.65,66.32,,,,,,
2025-05-18,22.38,20.73,24.27,55.59,55.09,56.29,27.79,24.73,30.9,45.33,43.48,47.26,17.44,16.16,18.78,65.49,64.69,66.35,,,,,,
2025-05-19,22.4,20.68,24.35,55.6,55.1,56.32,27.86,24.65,31.05,45.33,43.44,47.33,17.47,16.17,18.85,65.51,64.7,66.34,,,,,,
2025-05-20,22.42,20.65,24.44,55.61,55.08,56.33,27.92,24.57,31.29,45.33,43.38,47.38,17.5,16.19,18.92,65.54,64.71,66.32,,,,,,
2025-05-21,22.44,20.58,24.51,55.61,55.07,56.35,27.97,24.5,31.5,45.33,43.31,47.43,17.53,16.21,18.95,65.56,64.76,66.3,,,,,,
2025-05-22,22.46,20.54,24.65,55.62,55.05,56.37,28.01,24.42,31.57,45.33,43.25,47.52,17.55,16.24,18.96,65.58,64.8,66.28,,,,,,
2025-05-23,22.48,20.52,24.78,55.62,55.04,56.41,28.05,24.35,31.75,45.34,43.19,47.59,17.58,16.28,19.05,65.6,64.8,66.29,,,,,,
2025-05-24,22.49,20.48,24.89,55.62,55.02,56.46,28.08,24.27,31.88,45.36,43.16,47.69,17.61,16.25,19.18,65.62,64.84,66.31,,,,,,
2025-05-25,22.51,20.45,24.91,55.62,54.99,56.48,28.11,24.2,32.11,45.37,43.14,47.74,17.64,16.18,19.32,65.64,64.89,66.35,,,,,,
2025-05-26,22.52,20.43,24.91,55.62,54.98,56.51,28.13,24.13,32.22,45.39,43.21,47.84,17.68,16.14,19.45,65.65,64.94,66.38,,,,,,
2025-05-27,22.54,20.39,25.11,55.62,54.95,56.55,28.14,24.07,32.36,45.42,43.13,47.89,17.71,16.16,19.47,65.67,64.99,66.4,,,,,,
2025-05-28,22.55,20.36,25.12,55.62,54.96,56.58,28.15,23.99,32.4,45.45,43.07,47.96,17.75,16.19,19.51,65.68,65.07,66.4,23.0,54.0,32.0,40.0,17.0,65.0
2025-05-29,22.57,20.32,25.28,55.62,54.91,56.6,28.15,23.86,32.52,45.48,42.95,48.03,17.79,16.21,19.62,65.69,65.12,66.41,,,,,,
2025-05-30,22.58,20.29,25.48,55.62,54.85,56.61,28.15,23.76,32.61,45.52,42.86,48.13,17.83,16.25,19.69,65.7,65.16,66.43,20.0,56.0,23.0,48.0,16.0,66.0
2025-05-31,22.59,20.26,25.6,55.62,54.82,56.62,28.15,23.75,32.71,45.55,42.78,48.22,17.86,16.28,19.72,65.72,65.18,66.44,,,,,,
2025-06-01,22.61,20.23,25.62,55.62,54.82,56.65,28.14,23.69,32.82,45.58,42.75,48.32,17.9,16.33,19.75,65.73,65.19,66.48,,,,,,
2025-06-02,22.61,20.18,25.66,55.63,54.8,56.71,28.13,23.63,32.91,45.6,42.7,48.42,17.93,16.35,19.73,65.75,65.23,66.52,32.0,54.0,44.0,39.0,23.0,65.0
2025-06-03,22.61,20.16,25.65,55.65,54.78,56.74,28.12,23.62,33.0,45.62,42.63,48.47,17.96,16.39,19.77,65.78,65.23,66.55,,,,,,
2025-06-04,22.61,20.13,25.65,55.68,54.82,56.79,28.1,23.63,33.09,45.64,42.58,48.52,17.98,16.42,19.81,65.82,65.26,66.64,,,,,,
2025-06-05,22.6,20.1,25.63,55.71,54.86,56.87,28.08,23.64,33.15,45.65,42.55,48.57,17.99,16.42,19.82,65.87,65.27,66.82,,,,,,
2025-06-06,22.57,20.07,25.57,55.76,54.88,56.96,28.06,23.64,33.1,45.66,42.49,48.6,17.99,16.41,19.82,65.93,65.33,67.01,,,,,,
2025-06-07,22.54,20.04,25.57,55.83,54.95,57.04,28.02,23.62,33.04,45.68,42.43,48.62,17.99,16.42,19.78,66.01,65.38,67.21,,,,,,
2025-06-08,22.51,19.91,25.53,55.91,55.0,57.23,27.98,23.6,33.02,45.71,42.46,48.57,17.98,16.4,19.77,66.1,65.45,67.46,,,,,,
2025-06-09,22.46,19.85,25.48,56.0,55.08,57.35,27.92,23.58,33.0,45.75,42.53,48.47,17.95,16.37,19.75,66.22,65.51,67.64,19.0,58.0,23.0,48.0,17.0,67.0
2025-06-10,22.4,19.86,25.41,56.11,55.16,57.54,27.86,23.56,33.05,45.8,42.55,48.64,17.93,16.34,19.7,66.34,65.57,67.87,,,,,,
2025-06-11,22.34,19.87,25.24,56.23,55.2,57.72,27.79,23.55,33.06,45.86,42.69,48.65,17.89,16.31,19.66,66.48,65.61,68.1,,,,,,
2025-06-12,22.28,19.86,25.17,56.37,55.26,58.0,27.72,23.6,33.02,45.93,42.73,48.71,17.86,16.29,19.63,66.63,65.69,68.33,,,,,,
2025-06-13,22.21,19.82,25.09,56.51,55.36,58.2,27.64,23.57,32.96,46.01,42.8,48.88,17.82,16.21,19.55,66.78,65.77,68.6,,,,,,
2025-06-14,22.14,19.78,25.01,56.66,55.45,58.45,27.55,23.62,32.86,46.1,42.91,48.96,17.78,16.14,19.46,66.94,65.84,68.83,,,,,,
2025-06-15,22.06,19.72,24.92,56.81,55.54,58.67,27.46,23.62,32.74,46.21,43.04,49.02,17.74,16.07,19.34,67.1,65.88,69.06,,,,,,
2025-06-16,21.99,19.7,24.83,56.97,55.65,59.04,27.36,23.61,32.6,46.32,43.23,49.17,17.69,16.06,19.23,67.26,65.9,69.32,22.0,56.0,22.0,52.0,20.0,66.0
2025-06-17,21.91,19.67,24.76,57.14,55.74,59.18,27.26,23.61,32.44,46.45,43.47,49.34,17.65,16.06,19.18,67.42,65.98,69.63,,,,,,
2025-06-18,21.83,19.64,24.61,57.3,55.78,59.3,27.16,23.6,32.32,46.58,43.56,49.47,17.61,16.04,19.17,67.59,66.0,69.81,,,,,,
2025-06-19,21.75,19.61,24.47,57.46,55.88,59.48,27.05,23.63,32.21,46.73,43.76,49.55,17.57,15.98,19.07,67.75,66.03,70.08,,,,,,
2025-06-20,21.67,19.66,24.32,57.63,55.97,59.66,26.93,23.61,32.04,46.88,43.95,49.78,17.52,15.93,19.0,67.91,66.08,70.28,,,,,,
2025-06-21,21.59,19.6,24.19,57.79,56.06,59.84,26.81,23.64,31.61,47.04,44.0,49.93,17.48,15.9,18.94,68.06,66.1,70.39,,,,,,
2025-06-22,21.51,19.57,23.99,57.95,56.13,60.04,26.69,23.68,31.29,47.2,44.07,50.14,17.43,15.87,18.87,68.21,66.12,70.65,,,,,,
2025-06-23,21.43,19.56,23.81,58.1,56.23,60.32,26.56,23.76,31.0,47.37,44.02,50.34,17.39,15.83,18.84,68.36,66.17,70.93,,,,,,
2025-06-24,21.35,19.56,23.64,58.25,56.26,60.6,26.44,23.87,30.76,47.53,44.02,50.6,17.34,15.8,18.73,68.51,66.27,71.18,,,,,,
2025-06-25,21.26,19.56,23.47,58.4,56.29,60.73,26.31,23.9,30.48,47.7,44.08,50.69,17.29,15.76,18.67,68.65,66.32,71.34,,,,,,
2025-06-26,21.18,19.54,23.32,58.55,56.38,60.8,26.18,23.93,30.09,47.87,44.12,50.78,17.24,15.73,18.63,68.79,66.37,71.41,,,,,,
2025-06-27,21.1,19.47,23.2,58.69,56.47,61.14,26.06,23.89,29.66,48.04,44.21,50.92,17.18,15.67,18.57,68.92,66.43,71.52,21.0,56.0,25.0,47.0,17.0,66.0
2025-06-28,21.02,19.44,22.94,58.84,56.53,61.47,25.94,23.85,29.45,48.2,44.3,51.08,17.13,15.68,18.48,69.06,66.52,71.67,,,,,,
2025-06-29,20.94,19.47,22.76,58.98,56.58,61.67,25.83,23.92,29.08,48.36,44.37,51.28,17.07,15.65,18.38,69.19,66.61,71.81,,,,,,
2025-06-30,20.87,19.5,22.58,59.12,56.75,61.76,25.72,23.99,28.63,48.51,44.57,51.6,17.02,15.66,18.31,69.31,66.91,71.94,,,,,,
2025-07-01,20.8,19.46,22.32,59.25,56.94,61.98,25.63,24.01,28.13,48.65,44.7,51.73,16.96,15.61,18.24,69.43,67.11,72.15,,,,,,
2025-07-02,20.74,19.45,22.12,59.37,57.15,62.02,25.55,24.02,27.74,48.78,44.84,51.91,16.9,15.6,18.12,69.54,67.23,72.33,,,,,,
2025-07-03,20.68,19.41,21.97,59.49,57.36,62.05,25.49,24.0,27.45,48.89,44.97,52.02,16.83,15.59,18.05,69.65,67.29,72.42,,,,,,
2025-07-04,20.63,19.38,21.8,59.6,57.42,62.18,25.44,23.95,27.12,48.99,45.06,52.07,16.77,15.5,17.95,69.74,67.36,72.45,,,,,,
2025-07-05,20.59,19.39,21.66,59.7,57.52,62.17,25.41,24.06,26.94,49.07,44.94,52.09,16.7,15.41,17.85,69.83,67.52,72.43,,,,,,
2025-07-06,20.55,19.34,21.55,59.79,57.71,62.15,25.4,23.98,26.91,49.14,44.76,52.18,16.64,15.32,17.75,69.91,67.64,72.42,,,,,,
2025-07-07,20.52,19.33,21.52,59.87,57.8,62.15,25.4,23.98,26.61,49.19,44.69,52.26,16.57,15.26,17.67,69.98,67.81,72.51,18.0,61.0,27.0,40.0,14.0,75.0
2025-07-08,20.51,19.3,21.55,59.95,57.96,62.17,25.42,23.96,26.56,49.23,44.73,52.23,16.51,15.22,17.56,70.04,67.9,72.51,,,,,,
2025-07-09,20.49,19.27,21.51,60.03,58.08,62.19,25.45,23.96,26.6,49.28,44.79,52.26,16.46,15.1,17.51,70.11,67.99,72.54,,,,,,
2025-07-10,20.49,19.27,21.52,60.11,58.15,62.24,25.49,23.98,26.54,49.32,44.85,52.28,16.41,15.03,17.49,70.17,68.13,72.47,,,,,,
2025-07-11,20.5,19.26,21.51,60.19,58.34,62.3,25.53,24.04,26.53,49.37,44.95,52.27,16.36,15.04,17.43,70.24,68.31,72.49,18.0,60.0,22.0,51.0,14.0,69.0
2025-07-12,20.5,19.27,21.51,60.27,58.49,62.29,25.58,24.13,26.59,49.43,45.09,52.31,16.32,14.98,17.37,70.3,68.45,72.52,,,,,,
2025-07-13,20.51,19.29,21.5,60.36,58.67,62.33,25.63,24.25,26.64,49.5,45.35,52.53,16.29,14.94,17.34,70.37,68.54,72.51,,,,,,
2025-07-14,20.52,19.35,21.51,60.45,58.82,62.45,25.67,24.26,26.69,49.59,45.55,52.74,16.26,14.92,17.29,70.43,68.65,72.51,23.0,67.0,28.0,58.0,19.0,75.0
2025-07-15,20.53,19.32,21.51,60.54,58.91,62.46,25.7,24.31,26.71,49.69,45.69,52.83,16.23,14.88,17.24,70.5,68.76,72.51,,,,,,
2025-07-16,20.54,19.32,21.52,60.63,59.02,62.48,25.73,24.33,26.71,49.79,46.03,52.84,16.2,14.85,17.22,70.56,68.88,72.5,,,,,,
2025-07-17,20.55,19.34,21.54,60.73,59.15,62.55,25.76,24.35,26.74,49.91,46.3,52.86,16.19,14.87,17.23,70.63,68.99,72.5,,,,,,
2025-07-18,20.56,19.33,21.57,60.82,59.21,62.59,25.78,24.43,26.77,50.03,46.53,52.88,16.17,14.88,17.19,70.68,69.05,72.52,,,,,,
2025-07-19,20.58,19.33,21.58,60.91,59.26,62.62,25.79,24.44,26.78,50.17,46.77,53.05,16.16,14.82,17.2,70.74,69.14,72.52,,,,,,
2025-07-20,20.59,19.36,21.58,60.99,59.38,62.66,25.8,24.46,26.79,50.3,47.02,53.22,16.15,14.83,17.21,70.79,69.25,72.51,,,,,,
2025-07-21,20.61,19.41,21.59,61.07,59.44,62.74,25.81,24.5,26.79,50.44,47.13,53.43,16.14,14.84,17.23,70.83,69.35,72.51,,,,,,
2025-07-22,20.62,19.43,21.61,61.15,59.49,62.8,25.81,24.53,26.79,50.59,47.38,53.6,16.14,14.81,17.22,70.87,69.44,72.55,,,,,,
2025-07-23,20.64,19.44,21.64,61.22,59.54,62.96,25.81,24.54,26.76,50.73,47.57,53.8,16.14,14.75,17.21,70.9,69.48,72.51,,,,,,
2025-07-24,20.66,19.46,21.68,61.28,59.62,63.1,25.81,24.55,26.77,50.87,47.68,53.96,16.14,14.7,17.21,70.93,69.56,72.49,,,,,,
2025-07-25,20.68,19.41,21.7,61.34,59.67,63.19,25.8,24.56,26.75,51.02,47.94,54.18,16.15,14.67,17.25,70.95,69.56,72.52,22.0,57.0,27.0,48.0,17.0,68.0
2025-07-26,20.7,19.47,21.72,61.39,59.74,63.24,25.79,24.57,26.74,51.16,48.22,54.32,16.15,14.63,17.29,70.96,69.54,72.52,,,,,,
2025-07-27,20.72,19.49,21.74,61.44,59.74,63.25,25.79,24.61,26.72,51.3,48.5,54.44,16.16,14.63,17.33,70.97,69.55,72.57,,,,,,
2025-07-28,20.74,19.46,21.77,61.48,59.76,63.31,25.78,24.64,26.7,51.43,48.69,54.55,16.17,14.63,17.36,70.98,69.57,72.58,,,,,,
2025-07-29,20.76,19.48,21.79,61.51,59.79,63.3,25.77,24.65,26.68,51.56,48.76,54.63,16.17,14.63,17.38,70.98,69.57,72.59,,,,,,
2025-07-30,20.78,19.5,21.8,61.54,59.82,63.35,25.76,24.67,26.67,51.68,48.83,54.74,16.18,14.64,17.39,70.97,69.58,72.58,,,,,,
2025-07-31,20.8,19.53,21.82,61.56,59.83,63.43,25.75,24.72,26.65,51.8,48.91,54.88,16.18,14.64,17.43,70.96,69.58,72.58,,,,,,
2025-08-01,20.82,19.54,21.82,61.57,59.85,63.5,25.74,24.72,26.63,51.91,49.0,55.09,16.18,14.64,17.46,70.94,69.55,72.6,,,,,,
2025-08-02,20.83,19.56,21.83,61.58,59.8,63.57,25.73,24.73,26.63,52.01,49.13,55.22,16.18,14.65,17.45,70.92,69.53,72.61,,,,,,
2025-08-03,20.85,19.57,21.83,61.58,59.79,63.57,25.72,24.71,26.6,52.1,49.19,55.29,16.18,14.63,17.48,70.89,69.54,72.52,21.0,61.0,26.5,50.0,16.5,69.5
2025-08-04,20.86,19.56,21.88,61.57,59.79,63.56,25.71,24.7,26.58,52.18,49.27,55.4,16.17,14.55,17.47,70.85,69.54,72.52,,,,,,
2025-08-05,20.87,19.57,21.89,61.56,59.8,63.56,25.7,24.74,26.57,52.26,49.32,55.51,16.16,14.48,17.47,70.82,69.53,72.46,,,,,,
2025-08-06,20.88,19.53,21.89,61.55,59.81,63.52,25.68,24.73,26.51,52.33,49.42,55.67,16.15,14.42,17.53,70.79,69.52,72.38,,,,,,
2025-08-07,20.88,19.51,22.0,61.55,59.82,63.52,25.67,24.72,26.5,52.41,49.5,55.76,16.14,14.42,17.59,70.76,69.52,72.33,,,,,,
2025-08-08,20.88,19.49,22.06,61.55,59.86,63.55,25.65,24.69,26.49,52.48,49.6,55.96,16.13,14.43,17.69,70.74,69.47,72.31,19.0,60.0,24.0,50.0,13.0,71.0
2025-08-09,20.88,19.46,22.11,61.56,59.88,63.49,25.63,24.66,26.44,52.55,49.62,56.12,16.11,14.44,17.69,70.72,69.5,72.31,,,,,,
2025-08-10,20.87,19.46,22.14,61.58,59.86,63.53,25.6,24.62,26.44,52.62,49.71,56.14,16.09,14.41,17.74,70.72,69.49,72.33,,,,,,
2025-08-11,20.86,19.45,22.18,61.61,59.86,63.58,25.58,24.59,26.43,52.68,49.88,56.23,16.08,14.41,17.74,70.72,69.44,72.31,,,,,,
2025-08-12,20.84,19.42,22.22,61.64,59.85,63.61,25.55,24.59,26.39,52.75,49.94,56.32,16.06,14.28,17.78,70.73,69.49,72.34,,,,,,
2025-08-13,20.82,19.43,22.21,61.69,59.86,63.81,25.51,24.6,26.36,52.82,49.97,56.49,16.03,14.27,17.83,70.75,69.49,72.34,,,,,,
2025-08-14,20.79,19.43,22.19,61.74,59.86,63.82,25.48,24.61,26.32,52.88,50.03,56.65,16.01,14.26,17.82,70.78,69.52,72.34,,,,,,
2025-08-15,20.77,19.36,22.16,61.79,59.87,63.88,25.44,24.51,26.29,52.96,49.96,56.68,15.99,14.24,17.8,70.81,69.51,72.35,24.0,68.0,26.0,65.0,20.0,75.0
2025-08-16,20.73,19.3,22.12,61.86,59.85,63.95,25.39,24.5,26.24,53.03,49.95,56.7,15.96,14.19,17.77,70.85,69.48,72.36,,,,,,
2025-08-17,20.7,19.28,22.07,61.93,59.82,64.09,25.35,24.46,26.19,53.12,49.94,56.86,15.94,14.16,17.74,70.89,69.46,72.39,,,,,,
2025-08-18,20.66,19.25,22.02,62.0,59.78,64.19,25.3,24.42,26.15,53.21,49.93,56.95,15.91,14.14,17.71,70.93,69.45,72.5,,,,,,
2025-08-19,20.62,19.26,21.97,62.08,59.78,64.3,25.25,24.4,26.08,53.32,49.97,57.07,15.88,14.13,17.7,70.98,69.44,72.56,,,,,,
2025-08-20,20.59,19.21,21.86,62.16,59.8,64.47,25.2,24.39,26.02,53.42,49.99,57.2,15.86,14.14,17.66,71.03,69.44,72.62,,,,,,
2025-08-21,20.55,19.16,21.77,62.24,59.78,64.67,25.14,24.37,25.97,53.53,50.03,57.39,15.83,14.14,17.6,71.08,69.45,72.68,,,,,,
2025-08-22,20.51,19.15,21.74,62.33,59.81,64.79,25.09,24.36,25.92,53.64,50.09,57.56,15.8,14.16,17.54,71.14,69.47,72.73,19.0,60.0,24.0,51.0,14.0,69.0
2025-08-23,20.47,19.15,21.7,62.42,59.84,64.88,25.04,24.32,25.85,53.76,50.16,57.65,15.78,14.14,17.46,71.2,69.5,72.8,,,,,,
2025-08-24,20.44,19.15,21.65,62.51,59.89,64.95,24.99,24.31,25.78,53.89,50.28,57.69,15.75,14.09,17.41,71.26,69.55,72.84,,,,,,
2025-08-25,20.41,19.16,21.58,62.6,59.91,65.1,24.94,24.27,25.7,54.01,50.29,57.78,15.73,14.07,17.39,71.32,69.6,72.91,,,,,,
2025-08-26,20.37,19.16,21.51,62.69,59.95,65.24,24.88,24.24,25.63,54.14,50.43,57.81,15.71,13.96,17.39,71.38,69.69,72.93,,,,,,
2025-08-27,20.34,19.17,21.52,62.78,60.0,65.37,24.83,24.2,25.54,54.28,50.57,57.89,15.7,13.81,17.35,71.43,69.83,73.02,,,,,,
2025-08-28,20.32,19.18,21.51,62.87,60.06,65.42,24.78,24.15,25.44,54.41,50.69,57.87,15.68,13.78,17.31,71.49,69.89,73.07,,,,,,
2025-08-29,20.29,19.2,21.47,62.95,60.14,65.56,24.72,24.11,25.42,54.55,50.84,57.84,15.67,13.77,17.28,71.54,69.91,73.08,,,,,,
2025-08-30,20.27,19.21,21.42,63.04,60.21,65.69,24.67,24.07,25.33,54.68,51.01,57.8,15.66,13.81,17.26,71.59,69.96,73.17,,,,,,
2025-08-31,20.24,19.19,21.36,63.11,60.31,65.79,24.62,24.04,25.28,54.81,51.16,57.92,15.66,13.81,17.28,71.64,70.03,73.15,,,,,,
2025-09-01,20.22,19.21,21.31,63.19,60.34,65.86,24.57,24.03,25.23,54.93,51.3,58.1,15.65,13.78,17.26,71.68,70.05,73.18,,,,,,
2025-09-02,20.2,19.26,21.26,63.26,60.35,65.92,24.53,24.01,25.22,55.05,51.46,58.17,15.64,13.85,17.28,71.72,70.08,73.15,,,,,,
2025-09-03,20.18,19.25,21.2,63.32,60.45,65.95,24.49,24.0,25.21,55.15,51.63,58.27,15.64,13.9,17.26,71.75,70.1,73.18,,,,,,
2025-09-04,20.16,19.27,21.25,63.38,60.49,65.97,24.44,23.94,25.16,55.25,51.77,58.52,15.63,13.95,17.34,71.78,70.15,73.2,,,,,,
2025-09-05,20.14,19.29,21.26,63.43,60.53,65.98,24.41,23.9,25.11,55.34,51.92,58.68,15.63,13.99,17.44,71.8,70.18,73.25,19.0,59.0,25.0,50.0,13.0,70.0
2025-09-06,20.13,19.29,21.26,63.48,60.58,66.04,24.37,23.88,25.03,55.41,52.06,58.87,15.62,13.93,17.49,71.82,70.21,73.28,,,,,,
2025-09-07,20.11,19.29,21.23,63.52,60.65,66.15,24.34,23.79,25.0,55.48,52.15,59.03,15.62,13.86,17.54,71.84,70.26,73.3,,,,,,
2025-09-08,20.09,19.29,21.23,63.55,60.74,66.22,24.31,23.76,24.96,55.53,52.29,59.14,15.61,13.79,17.6,71.85,70.3,73.3,,,,,,
2025-09-09,20.08,19.26,21.21,63.58,60.85,66.28,24.29,23.72,24.95,55.57,52.4,59.22,15.61,13.74,17.64,71.86,70.34,73.3,,,,,,
2025-09-10,20.06,19.26,21.13,63.61,60.86,66.23,24.26,23.68,24.92,55.59,52.52,59.27,15.6,13.77,17.69,71.86,70.35,73.3,,,,,,
2025-09-11,20.05,19.29,21.11,63.63,60.89,66.29,24.25,23.66,24.9,55.62,52.61,59.28,15.6,13.76,17.75,71.87,70.36,73.31,21.0,71.0,24.0,61.0,19.0,76.0
2025-09-12,20.04,19.29,21.07,63.65,60.96,66.33,24.23,23.66,24.87,55.63,52.68,59.27,15.6,13.76,17.8,71.87,70.37,73.32,,,,,,
2025-09-13,20.03,19.28,21.07,63.67,61.03,66.31,24.21,23.66,24.85,55.65,52.73,59.23,15.59,13.77,17.82,71.88,70.41,73.34,,,,,,
2025-09-14,20.02,19.29,21.03,63.69,61.11,66.27,24.2,23.64,24.85,55.66,52.8,59.2,15.59,13.74,17.82,71.88,70.45,73.29,,,,,,
2025-09-15,20.01,19.28,20.99,63.71,61.19,66.28,24.18,23.64,24.84,55.68,52.82,59.17,15.59,13.8,17.76,71.89,70.5,73.25,,,,,,
2025-09-16,20.0,19.29,20.95,63.74,61.28,66.26,24.17,23.62,24.83,55.7,52.86,59.13,15.59,13.8,17.69,71.9,70.52,73.24,,,,,,
2025-09-17,19.99,19.31,20.92,63.76,61.37,66.24,24.15,23.59,24.78,55.72,52.91,58.92,15.59,13.81,17.61,71.91,70.55,73.21,,,,,,
2025-09-18,19.99,19.3,20.89,63.78,61.42,66.3,24.13,23.57,24.75,55.75,52.92,58.79,15.6,13.84,17.55,71.92,70.61,73.22,,,,,,
2025-09-19,19.98,19.31,20.86,63.8,61.57,66.27,24.12,23.54,24.73,55.78,52.97,58.68,15.6,13.87,17.49,71.93,70.66,73.24,18.0,60.0,23.0,53.0,13.0,69.0
2025-09-20,19.98,19.32,20.83,63.82,61.66,66.23,24.1,23.53,24.72,55.81,53.1,58.68,15.61,13.9,17.39,71.94,70.72,73.22,,,,,,
2025-09-21,19.98,19.3,20.83,63.84,61.7,66.15,24.08,23.51,24.7,55.85,53.18,58.72,15.61,13.9,17.31,71.95,70.77,73.22,,,,,,
2025-09-22,19.97,19.31,20.81,63.86,61.8,66.12,24.06,23.5,24.65,55.89,53.23,58.75,15.62,13.94,17.34,71.96,70.81,73.21,,,,,,
2025-09-23,19.97,19.3,20.78,63.88,61.9,66.08,24.04,23.48,24.65,55.92,53.29,58.71,15.63,13.97,17.34,71.97,70.86,73.18,,,,,,
2025-09-24,19.97,19.31,20.79,63.89,61.96,66.05,24.02,23.44,24.63,55.96,53.33,58.63,15.64,14.01,17.3,71.97,70.89,73.16,,,,,,
2025-09-25,19.96,19.32,20.79,63.9,62.0,66.03,24.0,23.41,24.62,55.99,53.38,58.65,15.64,14.05,17.25,71.98,70.93,73.13,,,,,,
2025-09-26,19.95,19.3,20.78,63.92,62.08,66.0,23.97,23.38,24.57,56.02,53.46,58.7,15.64,14.09,17.2,71.99,70.94,73.12,20.0,61.0,26.0,50.0,13.0,72.0
2025-09-27,19.94,19.3,20.76,63.93,62.18,65.94,23.94,23.37,24.52,56.05,53.53,58.72,15.64,14.14,17.16,72.0,70.97,73.13,,,,,,
2025-09-28,19.93,19.3,20.72,63.94,62.22,65.95,23.91,23.35,24.52,56.07,53.58,58.68,15.64,14.17,17.15,72.02,71.0,73.09,,,,,,
2025-09-29,19.92,19.28,20.7,63.96,62.4,65.99,23.88,23.34,24.5,56.1,53.6,58.63,15.64,14.18,17.13,72.04,71.06,73.09,23.0,70.0,23.0,66.0,22.0,75.0
2025-09-30,19.9,19.23,20.66,63.99,62.49,65.85,23.85,23.29,24.44,56.13,53.7,58.59,15.63,14.18,17.12,72.07,71.08,73.07,,,,,,
2025-10-01,19.88,19.18,20.63,64.01,62.57,65.75,23.82,23.26,24.42,56.15,53.75,58.54,15.62,14.2,17.16,72.1,71.15,73.1,,,,,,
2025-10-02,19.86,19.16,20.63,64.04,62.62,65.77,23.78,23.2,24.41,56.17,53.8,58.53,15.61,14.2,17.15,72.14,71.21,73.13,,,,,,
2025-10-03,19.83,19.14,20.64,64.07,62.66,65.8,23.75,23.12,24.4,56.2,53.92,58.47,15.59,14.22,17.14,72.18,71.23,73.19,19.0,63.0,24.0,56.0,14.0,70.0
2025-10-04,19.8,19.12,20.65,64.1,62.73,65.84,23.71,23.02,24.36,56.22,53.95,58.45,15.57,14.22,17.14,72.23,71.3,73.31,,,,,,
2025-10-05,19.77,19.09,20.68,64.14,62.75,65.86,23.67,22.96,24.35,56.24,53.98,58.41,15.55,14.23,17.14,72.28,71.3,73.38,,,,,,
2025-10-06,19.73,19.03,20.68,64.17,62.74,65.99,23.63,22.88,24.35,56.25,54.0,58.39,15.52,14.24,17.13,72.34,71.32,73.5,,,,,,
2025-10-07,19.69,18.98,20.66,64.2,62.8,66.08,23.59,22.84,24.32,56.26,54.03,58.35,15.49,14.24,17.11,72.4,71.37,73.62,20.0,63.0,24.0,55.0,15.0,72.0
2025-10-08,19.64,18.92,20.64,64.24,62.82,66.06,23.56,22.81,24.29,56.27,54.1,58.38,15.45,14.21,17.08,72.46,71.39,73.83,,,,,,
2025-10-09,19.59,18.88,20.56,64.27,62.84,66.04,23.52,22.76,24.28,56.28,54.16,58.49,15.41,14.19,17.04,72.52,71.43,74.01,,,,,,
2025-10-10,19.54,18.82,20.47,64.3,62.78,66.06,23.48,22.73,24.26,56.28,54.21,58.59,15.37,14.14,17.0,72.59,71.42,74.15,,,,,,
2025-10-11,19.47,18.77,20.42,64.33,62.72,66.12,23.45,22.69,24.24,56.27,54.26,58.65,15.33,14.09,16.94,72.65,71.41,74.28,,,,,,
2025-10-12,19.41,18.66,20.38,64.36,62.71,66.16,23.41,22.67,24.21,56.27,54.31,58.65,15.28,14.08,16.94,72.71,71.46,74.4,,,,,,
2025-10-13,19.35,18.57,20.31,64.39,62.78,66.18,23.38,22.61,24.18,56.26,54.35,58.6,15.24,13.98,16.94,72.78,71.5,74.52,,,,,,
2025-10-14,19.28,18.44,20.27,64.42,62.8,66.28,23.35,22.58,24.15,56.25,54.42,58.55,15.19,13.85,16.82,72.84,71.55,74.63,,,,,,
2025-10-15,19.21,18.35,20.22,64.45,62.76,66.38,23.31,22.55,24.1,56.24,54.48,58.5,15.15,13.79,16.79,72.9,71.56,74.73,20.0,64.0,24.0,56.0,16.0,72.0
2025-10-16,19.13,18.25,20.12,64.48,62.77,66.45,23.28,22.52,24.05,56.22,54.56,58.44,15.1,13.75,16.76,72.97,71.55,74.8,,,,,,
2025-10-17,19.06,18.17,20.0,64.51,62.82,66.49,23.24,22.49,24.03,56.21,54.61,58.38,15.06,13.73,16.69,73.03,71.56,74.9,,,,,,
2025-10-18,18.98,18.09,19.94,64.54,62.89,66.52,23.2,22.45,23.97,56.2,54.67,58.31,15.02,13.73,16.62,73.09,71.58,74.98,,,,,,
2025-10-19,18.9,18.02,19.9,64.57,62.96,66.52,23.16,22.41,23.95,56.18,54.74,58.25,14.97,13.74,16.56,73.14,71.6,75.01,20.0,64.0,24.0,56.0,16.0,72.0
2025-10-20,18.82,17.89,19.83,64.6,63.02,66.42,23.12,22.38,23.88,56.17,54.79,58.15,14.93,13.68,16.49,73.2,71.65,75.12,,,,,,
2025-10-21,18.74,17.76,19.75,64.62,63.02,66.46,23.07,22.36,23.84,56.15,54.77,57.93,14.89,13.66,16.41,73.25,71.7,75.2,,,,,,
2025-10-22,18.66,17.65,19.67,64.64,63.04,66.52,23.03,22.3,23.79,56.12,54.74,57.81,14.85,13.6,16.32,73.3,71.73,75.3,,,,,,
2025-10-23,18.57,17.54,19.49,64.65,63.06,66.6,22.98,22.23,23.73,56.09,54.72,57.69,14.8,13.58,16.22,73.34,71.76,75.37,,,,,,
2025-10-24,18.48,17.43,19.42,64.65,63.08,66.69,22.93,22.17,23.7,56.06,54.71,57.52,14.75,13.55,16.11,73.38,71.77,75.41,18.0,62.0,21.0,55.0,14.0,71.0
2025-10-25,18.39,17.34,19.4,64.65,63.1,66.73,22.88,22.12,23.68,56.01,54.71,57.32,14.7,13.5,16.0,73.41,71.78,75.45,,,,,,
2025-10-26,18.3,17.22,19.31,64.64,63.08,66.75,22.83,22.09,23.67,55.96,54.71,57.23,14.63,13.48,15.87,73.44,71.78,75.48,,,,,,
2025-10-27,18.21,17.11,19.23,64.62,63.11,66.73,22.79,22.07,23.62,55.89,54.7,57.2,14.57,13.45,15.74,73.47,71.81,75.52,,,,,,
2025-10-28,18.12,17.02,19.2,64.6,63.04,66.78,22.75,22.02,23.59,55.82,54.64,57.09,14.49,13.43,15.62,73.49,71.85,75.59,,,,,,
2025-10-29,18.04,16.95,19.05,64.57,63.06,66.68,22.72,21.93,23.54,55.73,54.5,56.87,14.41,13.39,15.46,73.52,71.86,75.66,,,,,,
2025-10-30,17.95,16.84,18.88,64.54,63.01,66.59,22.7,21.92,23.51,55.65,54.39,56.77,14.32,13.23,15.34,73.54,71.9,75.69,,,,,,
2025-10-31,17.87,16.76,18.78,64.51,62.95,66.53,22.68,21.92,23.57,55.55,54.32,56.72,14.23,13.18,15.21,73.57,71.93,75.73,,,,,,
2025-11-01,17.79,16.69,18.74,64.48,62.93,66.46,22.67,21.92,23.56,55.46,54.26,56.62,14.13,13.06,15.18,73.6,71.99,75.7,,,,,,
2025-11-02,17.71,16.62,18.68,64.45,62.9,66.48,22.66,21.91,23.58,55.36,54.13,56.5,14.03,12.89,15.14,73.63,72.0,75.76,17.0,73.0,21.0,60.0,15.0,82.0
2025-11-03,17.64,16.6,18.6,64.43,62.87,66.49,22.66,21.85,23.62,55.26,54.04,56.39,13.93,12.73,15.06,73.66,72.02,75.8,,,,,,
2025-11-04,17.58,16.57,18.52,64.4,62.85,66.48,22.67,21.82,23.69,55.16,53.91,56.36,13.83,12.59,14.99,73.69,72.04,75.81,,,,,,
2025-11-05,17.52,16.53,18.44,64.38,62.85,66.46,22.68,21.79,23.77,55.06,53.8,56.3,13.73,12.53,14.95,73.73,72.06,75.8,,,,,,
2025-11-06,17.47,16.51,18.37,64.36,62.83,66.43,22.7,21.76,23.82,54.97,53.71,56.21,13.63,12.39,14.88,73.76,72.06,75.77,,,,,,
2025-11-07,17.42,16.51,18.31,64.34,62.82,66.4,22.72,21.75,23.9,54.87,53.58,56.18,13.53,12.24,14.81,73.79,72.1,75.72,17.0,62.0,23.0,52.0,10.0,74.0
2025-11-08,17.37,16.47,18.25,64.32,62.81,66.37,22.74,21.74,23.95,54.78,53.49,56.09,13.44,12.14,14.76,73.82,72.16,75.66,,,,,,
2025-11-09,17.33,16.45,18.16,64.3,62.8,66.33,22.76,21.74,24.03,54.69,53.38,56.03,13.34,12.03,14.68,73.84,72.14,75.66,,,,,,
2025-11-10,17.29,16.46,18.09,64.28,62.78,66.26,22.78,21.75,24.09,54.6,53.3,55.98,13.24,11.84,14.62,73.86,72.17,75.61,,,,,,
2025-11-11,17.25,16.44,18.03,64.25,62.78,66.29,22.81,21.76,24.16,54.51,53.2,55.94,13.15,11.77,14.54,73.88,72.24,75.64,,,,,,
2025-11-12,17.22,16.4,17.97,64.22,62.77,66.23,22.84,21.74,24.24,54.41,53.08,55.89,13.06,11.55,14.49,73.89,72.28,75.62,14.0,65.0,23.0,56.0,15.0,73.0
2025-11-13,17.19,16.4,17.92,64.19,62.75,66.16,22.87,21.74,24.3,54.33,52.97,55.84,12.97,11.51,14.44,73.9,72.29,75.67,,,,,,
2025-11-14,17.16,16.37,17.86,64.16,62.74,66.09,22.89,21.75,24.33,54.24,52.89,55.78,12.89,11.39,14.34,73.9,72.29,75.65,,,,,,
2025-11-15,17.13,16.3,17.81,64.12,62.67,66.0,22.92,21.75,24.36,54.15,52.79,55.69,12.81,11.26,14.28,73.9,72.35,75.62,,,,,,
2025-11-16,17.11,16.22,17.74,64.09,62.61,66.0,22.95,21.78,24.37,54.07,52.69,55.62,12.74,11.15,14.17,73.9,72.39,75.62,,,,,,
2025-11-17,17.09,16.25,17.72,64.05,62.59,65.99,22.98,21.78,24.42,53.98,52.58,55.55,12.66,11.05,14.1,73.9,72.43,75.59,,,,,,
2025-11-18,17.07,16.28,17.69,64.01,62.58,65.98,23.0,21.8,24.47,53.9,52.51,55.49,12.6,10.97,14.07,73.89,72.47,75.55,,,,,,
2025-11-19,17.06,16.3,17.66,63.97,62.57,65.91,23.03,21.79,24.53,53.83,52.48,55.44,12.54,10.9,13.99,73.88,72.52,75.49,,,,,,
2025-11-20,17.05,16.32,17.65,63.92,62.56,65.82,23.06,21.8,24.58,53.75,52.41,55.39,12.48,10.87,13.94,73.87,72.57,75.42,,,,,,
2025-11-21,17.04,16.3,17.62,63.88,62.51,65.73,23.08,21.82,24.63,53.68,52.34,55.33,12.43,10.81,13.89,73.85,72.63,75.34,17.0,62.0,20.0,54.0,14.0,72.0
2025-11-22,17.04,16.29,17.6,63.83,62.51,65.65,23.1,21.84,24.68,53.62,52.28,55.26,12.39,10.78,13.85,73.83,72.68,75.24,,,,,,
2025-11-23,17.04,16.3,17.58,63.77,62.5,65.59,23.12,21.86,24.72,53.55,52.26,55.17,12.35,10.77,13.8,73.8,72.69,75.21,,,,,,
2025-11-24,17.05,16.31,17.58,63.72,62.45,65.44,23.15,21.87,24.75,53.49,52.23,55.07,12.32,10.75,13.74,73.77,72.72,75.12,,,,,,
2025-11-25,17.06,16.28,17.59,63.66,62.38,65.28,23.17,21.89,24.79,53.43,52.15,54.99,12.29,10.71,13.71,73.73,72.7,75.08,,,,,,
2025-11-26,17.08,16.25,17.59,63.61,62.35,65.19,23.18,21.9,24.79,53.37,52.11,54.92,12.27,10.67,13.68,73.7,72.69,75.05,,,,,,
2025-11-27,17.09,16.27,17.61,63.55,62.36,65.1,23.2,21.91,24.78,53.32,52.06,54.85,12.25,10.55,13.63,73.66,72.66,74.96,,,,,,
2025-11-28,17.12,16.33,17.62,63.49,62.36,64.99,23.22,21.92,24.77,53.27,52.04,54.78,12.23,10.51,13.58,73.61,72.64,74.84,18.0,62.0,22.0,55.0,14.0,71.0
2025-11-29,17.14,16.36,17.64,63.42,62.34,64.84,23.23,21.93,24.78,53.21,52.01,54.69,12.21,10.46,13.54,73.57,72.58,74.74,,,,,,
2025-11-30,17.16,16.38,17.65,63.36,62.32,64.73,23.25,21.94,24.75,53.16,52.0,54.6,12.19,10.42,13.51,73.53,72.57,74.65,,,,,,
2025-12-01,17.19,16.5,17.67,63.3,62.27,64.55,23.26,21.95,24.79,53.12,51.95,54.49,12.17,10.37,13.48,73.49,72.52,74.59,18.0,66.0,29.0,48.0,13.0,76.0
2025-12-02,17.22,16.53,17.68,63.25,62.22,64.4,23.27,21.96,24.84,53.07,51.88,54.39,12.15,10.32,13.46,73.45,72.47,74.54,17.0,61.0,24.0,54.0,6.0,73.0
2025-12-03,17.25,16.58,17.69,63.19,62.2,64.26,23.28,21.96,24.88,53.02,51.81,54.3,12.14,10.26,13.43,73.41,72.42,74.45,,,,,,
2025-12-04,17.28,16.64,17.71,63.14,62.16,64.18,23.29,21.96,24.93,52.98,51.74,54.22,12.12,10.2,13.4,73.37,72.4,74.37,,,,,,
2025-12-05,17.31,16.68,17.72,63.1,62.11,64.09,23.3,21.97,24.97,52.94,51.67,54.15,12.1,10.22,13.37,73.35,72.39,74.37,,,,,,
2025-12-06,17.34,16.72,17.73,63.06,62.09,64.06,23.3,21.98,24.96,52.91,51.6,54.1,12.08,10.18,13.35,73.32,72.35,74.36,,,,,,
2025-12-07,17.37,16.78,17.74,63.03,62.05,64.02,23.3,22.0,24.95,52.88,51.54,54.07,12.07,10.18,13.33,73.31,72.31,74.29,,,,,,
2025-12-08,17.4,16.87,17.75,63.01,62.03,63.99,23.3,22.02,24.97,52.85,51.48,54.07,12.05,10.19,13.3,73.3,72.21,74.22,17.0,65.0,23.0,52.0,12.0,75.0
2025-12-09,17.43,16.96,17.77,62.99,62.0,63.96,23.3,22.05,24.98,52.83,51.43,54.01,12.04,10.19,13.27,73.29,72.17,74.25,,,,,,
2025-12-10,17.46,17.01,17.79,62.98,61.99,63.94,23.29,22.07,24.97,52.81,51.42,53.96,12.02,10.22,13.23,73.3,72.12,74.28,,,,,,
2025-12-11,17.49,17.05,17.82,62.97,61.98,63.92,23.28,22.08,24.91,52.8,51.4,53.93,12.01,10.29,13.21,73.3,72.1,74.32,,,,,,
2025-12-12,17.51,17.09,17.82,62.97,61.98,63.9,23.27,22.07,24.87,52.79,51.4,53.91,11.99,10.4,13.15,73.31,72.09,74.36,18.0,61.0,23.0,52.0,12.0,71.0
2025-12-13,17.53,17.12,17.83,62.96,61.98,63.88,23.26,22.04,24.81,52.78,51.39,53.87,11.98,10.43,13.12,73.32,72.08,74.36,,,,,,
2025-12-14,17.55,17.15,17.85,62.96,61.98,63.88,23.24,22.03,24.78,52.77,51.39,53.86,11.97,10.41,13.1,73.33,72.08,74.35,,,,,,
2025-12-15,17.57,17.19,17.86,62.96,61.99,63.89,23.23,22.07,24.74,52.76,51.36,53.85,11.95,10.41,13.06,73.34,72.09,74.35,,,,,,
2025-12-16,17.59,17.23,17.89,62.96,62.0,63.89,23.21,22.02,24.71,52.75,51.39,53.83,11.94,10.49,13.04,73.35,72.11,74.34,,,,,,
2025-12-17,17.6,17.24,17.9,62.95,62.01,63.88,23.19,22.03,24.68,52.75,51.43,53.82,11.94,10.54,13.02,73.36,72.12,74.34,,,,,,
2025-12-18,17.61,17.26,17.92,62.95,62.01,63.89,23.17,22.02,24.64,52.75,51.48,53.8,11.93,10.58,12.98,73.36,72.14,74.33,,,,,,
2025-12-19,17.62,17.28,17.93,62.94,62.01,63.93,23.14,22.04,24.6,52.74,51.47,53.78,11.93,10.58,12.95,73.36,72.15,74.32,,,,,,
2025-12-20,17.63,17.3,17.95,62.93,61.99,63.91,23.11,22.05,24.53,52.74,51.5,53.76,11.94,10.57,12.94,73.36,72.16,74.29,,,,,,
2025-12-21,17.64,17.29,17.97,62.92,61.98,63.87,23.08,22.01,24.41,52.75,51.55,53.73,11.95,10.58,12.92,73.35,72.19,74.24,,,,,,
2025-12-22,17.65,17.31,17.99,62.91,61.96,63.83,23.05,22.03,24.37,52.75,51.59,53.71,11.96,10.61,12.91,73.34,72.22,74.25,,,,,,
2025-12-23,17.65,17.32,18.0,62.89,61.97,63.79,23.02,21.95,24.32,52.75,51.63,53.7,11.98,10.68,12.9,73.33,72.25,74.19,18.0,63.0,22.0,54.0,13.0,75.0
2025-12-24,17.67,17.34,18.0,62.87,61.98,63.76,22.98,21.87,24.27,52.76,51.67,53.66,12.0,10.75,12.89,73.31,72.28,74.16,,,,,,
2025-12-25,17.68,17.35,18.02,62.85,61.98,63.73,22.94,21.83,24.2,52.76,51.7,53.63,12.03,10.8,12.87,73.29,72.28,74.16,,,,,,
2025-12-26,17.69,17.36,18.04,62.82,62.0,63.61,22.89,21.8,24.13,52.77,51.72,53.6,12.06,10.9,12.85,73.26,72.29,74.16,,,,,,
2025-12-27,17.71,17.38,18.07,62.78,61.98,63.55,22.84,21.78,24.04,52.78,51.75,53.57,12.09,11.02,12.83,73.23,72.25,74.11,,,,,,
2025-12-28,17.73,17.4,18.09,62.75,61.98,63.5,22.78,21.77,23.95,52.79,51.79,53.55,12.14,11.16,12.82,73.2,72.23,74.12,,,,,,
2025-12-29,17.76,17.42,18.13,62.71,61.9,63.42,22.72,21.67,23.85,52.8,51.83,53.54,12.18,11.3,12.81,73.16,72.16,74.13,,,,,,
2025-12-30,17.79,17.44,18.2,62.66,61.85,63.34,22.66,21.67,23.75,52.81,51.82,53.55,12.23,11.4,12.8,73.12,72.1,74.1,,,,,,
2025-12-31,17.82,17.43,18.26,62.61,61.78,63.3,22.6,21.65,23.66,52.82,51.82,53.55,12.28,11.53,12.8,73.07,72.03,74.09,,,,,,
2026-01-01,17.85,17.44,18.33,62.56,61.68,63.26,22.54,21.62,23.59,52.84,51.86,53.57,12.34,11.64,12.81,73.03,71.98,74.08,18.0,63.0,23.0,53.0,12.0,73.0
2026-01-02,17.88,17.47,18.39,62.51,61.6,63.21,22.48,21.57,23.52,52.84,51.92,53.54,12.39,11.78,12.81,72.98,71.88,74.07,,,,,,
2026-01-03,17.92,17.47,18.43,62.46,61.51,63.19,22.42,21.53,23.47,52.85,51.88,53.52,12.44,11.89,12.82,72.93,71.78,74.04,,,,,,
2026-01-04,17.96,17.46,18.46,62.41,61.47,63.17,22.38,21.48,23.37,52.86,51.88,53.52,12.48,11.99,12.83,72.88,71.69,73.95,,,,,,
2026-01-05,17.99,17.47,18.52,62.38,61.42,63.12,22.34,21.29,23.36,52.87,51.93,53.55,12.53,12.07,12.84,72.84,71.65,73.94,,,,,,
2026-01-06,18.03,17.49,18.6,62.36,61.42,63.11,22.31,21.32,23.34,52.88,51.9,53.54,12.58,12.14,12.88,72.8,71.56,73.87,,,,,,
2026-01-07,18.06,17.51,18.66,62.35,61.46,63.11,22.3,21.34,23.33,52.9,51.91,53.57,12.63,12.2,12.96,72.77,71.5,73.76,,,,,,
2026-01-08,18.1,17.53,18.71,62.36,61.48,63.15,22.3,21.31,23.3,52.92,51.91,53.64,12.68,12.21,13.07,72.75,71.47,73.76,,,,,,
2026-01-09,18.13,17.54,18.79,62.39,61.45,63.2,22.3,21.31,23.31,52.95,51.94,53.73,12.73,12.26,13.17,72.73,71.48,73.76,17.0,63.0,20.0,54.0,13.0,73.0
2026-01-10,18.16,17.56,18.87,62.43,61.48,63.28,22.32,21.33,23.33,52.98,51.86,53.83,12.78,12.29,13.32,72.72,71.52,73.72,,,,,,
2026-01-11,18.18,17.59,18.89,62.47,61.48,63.45,22.34,21.36,23.36,53.02,51.72,54.0,12.83,12.28,13.47,72.72,71.51,73.68,,,,,,
2026-01-12,18.21,17.6,18.99,62.53,61.51,63.56,22.35,21.38,23.38,53.07,51.65,54.18,12.88,12.23,13.63,72.72,71.51,73.7,,,,,,
2026-01-13,18.24,17.63,19.04,62.59,61.53,63.7,22.38,21.38,23.41,53.11,51.6,54.5,12.93,12.2,13.77,72.72,71.52,73.69,,,,,,
2026-01-14,18.26,17.6,19.06,62.66,61.58,63.9,22.4,21.41,23.43,53.16,51.54,54.67,12.99,12.2,13.9,72.73,71.53,73.73,,,,,,
2026-01-15,18.28,17.54,19.08,62.73,61.59,64.07,22.42,21.42,23.45,53.22,51.47,54.89,13.04,12.22,14.05,72.74,71.55,73.75,,,,,,
2026-01-16,18.3,17.46,19.14,62.81,61.57,64.25,22.45,21.47,23.46,53.27,51.4,55.14,13.1,12.2,14.21,72.74,71.61,73.73,,,,,,
2026-01-17,18.32,17.38,19.21,62.88,61.56,64.42,22.48,21.5,23.49,53.32,51.38,55.36,13.15,12.18,14.4,72.75,71.63,73.75,,,,,,
2026-01-18,18.34,17.3,19.28,62.95,61.52,64.58,22.5,21.52,23.49,53.37,51.34,55.55,13.2,12.18,14.6,72.76,71.64,73.75,,,,,,
2026-01-19,18.35,17.31,19.34,63.02,61.49,64.72,22.53,21.54,23.53,53.42,51.3,55.85,13.25,12.18,14.79,72.76,71.63,73.78,,,,,,
2026-01-20,18.37,17.32,19.4,63.08,61.46,64.87,22.55,21.6,23.55,53.47,51.26,56.17,13.3,12.17,14.97,72.76,71.65,73.8,,,,,,
2026-01-21,18.39,17.33,19.45,63.15,61.43,65.03,22.58,21.67,23.59,53.52,51.23,56.39,13.35,12.16,15.06,72.76,71.65,73.84,,,,,,
2026-01-22,18.4,17.26,19.5,63.21,61.4,65.19,22.6,21.68,23.58,53.57,51.23,56.55,13.4,12.15,15.14,72.77,71.64,73.88,,,,,,
2026-01-23,18.41,17.17,19.56,63.27,61.38,65.31,22.61,21.67,23.58,53.62,51.19,56.7,13.44,12.14,15.21,72.77,71.66,73.92,19.0,60.0,24.0,51.0,13.0,70.0
2026-01-24,18.41,17.1,19.59,63.32,61.36,65.46,22.63,21.63,23.54,53.68,51.14,56.84,13.48,12.14,15.27,72.77,71.65,73.94,,,,,,
2026-01-25,18.42,17.01,19.67,63.38,61.33,65.59,22.64,21.68,23.53,53.73,51.17,57.12,13.52,12.13,15.33,72.76,71.63,73.93,,,,,,
2026-01-26,18.42,16.97,19.72,63.42,61.32,65.7,22.65,21.67,23.51,53.78,51.22,57.21,13.56,12.13,15.48,72.76,71.62,73.91,,,,,,
2026-01-27,18.42,16.93,19.75,63.46,61.3,65.78,22.66,21.68,23.5,53.83,51.26,57.22,13.59,12.14,15.53,72.75,71.61,73.91,,,,,,
2026-01-28,18.43,16.9,19.74,63.48,61.28,65.83,22.67,21.64,23.5,53.86,51.24,57.32,13.63,12.13,15.63,72.73,71.6,73.87,,,,,,
2026-01-29,18.45,16.91,19.83,63.49,61.26,65.85,22.69,21.55,23.53,53.89,51.15,57.4,13.68,12.15,15.74,72.7,71.5,73.82,,,,,,
2026-01-30,18.47,16.87,19.92,63.48,61.18,65.74,22.71,21.62,23.61,53.9,51.04,57.46,13.72,12.17,15.79,72.65,71.43,73.72,,,,,,
2026-01-31,18.49,16.97,19.96,63.45,60.96,65.7,22.74,21.66,23.62,53.9,51.0,57.5,13.76,12.23,15.87,72.6,71.26,73.65,,,,,,
2026-02-01,18.52,17.14,20.05,63.42,60.89,65.66,22.78,21.69,23.73,53.89,50.92,57.54,13.81,12.27,15.89,72.55,71.17,73.58,20.0,62.0,22.0,53.0,13.0,73.0
2026-02-02,18.56,17.12,20.12,63.38,60.84,65.55,22.81,21.64,23.84,53.88,50.92,57.48,13.86,12.32,15.94,72.49,71.02,73.55,,,,,,
2026-02-03,18.6,17.08,20.25,63.33,60.78,65.56,22.85,21.73,23.94,53.86,50.91,57.56,13.9,12.35,16.07,72.42,70.93,73.45,,,,,,
2026-02-04,18.64,17.04,20.34,63.28,60.73,65.58,22.9,21.8,24.04,53.84,50.87,57.46,13.95,12.37,16.25,72.36,70.81,73.37,,,,,,
2026-02-05,18.69,17.07,20.46,63.23,60.63,65.54,22.95,21.75,24.19,53.83,50.69,57.19,14.0,12.39,16.3,72.31,70.7,73.35,,,,,,
2026-02-06,18.73,17.13,20.61,63.19,60.48,65.43,23.0,21.7,24.33,53.81,50.68,57.12,14.05,12.41,16.38,72.25,70.5,73.37,17.0,61.0,22.0,51.0,11.0,72.0
2026-02-07,18.78,17.14,20.69,63.15,60.44,65.46,23.05,21.73,24.49,53.8,50.61,57.13,14.09,12.4,16.47,72.21,70.39,73.37,,,,,,
2026-02-08,18.82,17.16,20.88,63.11,60.46,65.43,23.09,21.76,24.63,53.79,50.56,57.15,14.14,12.42,16.45,72.17,70.26,73.38,,,,,,
2026-02-09,18.87,17.12,21.07,63.08,60.35,65.49,23.14,21.72,24.72,53.78,50.49,57.17,14.18,12.43,16.48,72.13,70.12,73.41,,,,,,
2026-02-10,18.91,17.06,21.24,63.06,60.2,65.59,23.19,21.69,24.83,53.78,50.43,57.09,14.23,12.45,16.44,72.1,69.93,73.55,16.0,67.0,24.0,50.0,13.0,75.0
2026-02-11,18.95,17.07,21.38,63.04,60.2,65.45,23.23,21.73,24.98,53.79,50.37,57.2,14.27,12.47,16.37,72.08,69.83,73.51,22.0,69.0,24.0,65.0,20.0,74.0
2026-02-12,18.98,17.08,21.42,63.03,60.2,65.3,23.28,21.76,25.12,53.79,50.34,57.24,14.31,12.49,16.31,72.06,69.79,73.57,,,,,,
2026-02-13,19.02,17.07,21.45,63.02,60.14,65.3,23.32,21.8,25.26,53.81,50.32,57.28,14.35,12.52,16.34,72.05,69.79,73.57,,,,,,
2026-02-14,19.06,17.06,21.47,63.02,60.02,65.42,23.36,21.8,25.37,53.83,50.33,57.32,14.4,12.53,16.43,72.04,69.74,73.66,,,,,,
2026-02-15,19.09,17.02,21.48,63.02,59.93,65.5,23.4,21.78,25.47,53.86,50.35,57.4,14.45,12.54,16.43,72.03,69.67,73.71,,,,,,
2026-02-16,19.13,17.01,21.55,63.03,59.9,65.54,23.43,21.77,25.54,53.89,50.31,57.39,14.5,12.57,16.46,72.02,69.55,73.81,,,,,,
2026-02-17,19.16,17.06,21.61,63.04,59.78,65.52,23.46,21.76,25.55,53.94,50.31,57.3,14.55,12.61,16.54,72.02,69.52,73.9,,,,,,
2026-02-18,19.2,17.05,21.61,63.06,59.74,65.55,23.49,21.75,25.61,53.99,50.32,57.34,14.6,12.67,16.6,72.02,69.43,73.99,,,,,,
2026-02-19,19.23,17.09,21.57,63.08,59.71,65.64,23.52,21.74,25.62,54.04,50.36,57.37,14.65,12.72,16.68,72.01,69.35,74.07,,,,,,
2026-02-20,19.26,17.13,21.52,63.1,59.67,65.73,23.54,21.73,25.61,54.09,50.38,57.37,14.71,12.83,16.78,72.01,69.29,74.13,,,,,,
2026-02-21,19.29,17.15,21.55,63.13,59.65,65.79,23.57,21.73,25.62,54.15,50.42,57.38,14.76,12.88,16.83,72.01,69.23,74.22,,,,,,
2026-02-22,19.32,17.19,21.61,63.15,59.64,65.87,23.59,21.72,25.57,54.21,50.46,57.49,14.81,12.93,16.83,72.01,69.2,74.27,,,,,,
2026-02-23,19.35,17.27,21.68,63.18,59.75,65.95,23.61,21.72,25.63,54.26,50.45,57.46,14.86,13.02,16.83,72.0,69.18,74.29,,,,,,
2026-02-24,19.37,17.31,21.67,63.2,59.77,66.01,23.63,21.71,25.65,54.32,50.37,57.54,14.91,13.09,16.82,72.0,69.16,74.32,,,,,,
2026-02-25,19.4,17.3,21.66,63.22,59.8,66.07,23.65,21.72,25.64,54.37,50.3,57.64,14.96,13.13,16.83,71.99,69.15,74.34,,,,,,
2026-02-26,19.42,17.28,21.64,63.24,59.75,66.13,23.66,21.7,25.63,54.42,50.39,57.71,15.01,13.18,16.83,71.98,69.15,74.34,,,,,,
2026-02-27,19.45,17.32,21.66,63.25,59.66,66.18,23.68,21.68,25.6,54.47,50.51,57.79,15.05,13.22,16.82,71.97,69.09,74.42,15.0,64.0,19.0,57.0,12.0,72.0
2026-02-28,19.47,17.37,21.63,63.26,59.62,66.22,23.69,21.66,25.55,54.51,50.56,57.85,15.1,13.31,16.82,71.95,69.04,74.48,,,,,,
2026-03-01,19.49,17.4,21.65,63.27,59.62,66.24,23.7,21.64,25.56,54.55,50.49,57.89,15.13,13.41,16.84,71.93,69.04,74.52,,,,,,
2026-03-02,19.51,17.38,21.62,63.26,59.55,66.26,23.71,21.62,25.59,54.58,50.39,57.83,15.17,13.43,16.85,71.91,69.01,74.51,,,,,,
2026-03-03,19.53,17.37,21.6,63.26,59.46,66.31,23.72,21.59,25.58,54.61,50.3,57.93,15.2,13.44,16.87,71.88,68.96,74.49,,,,,,
2026-03-04,19.56,17.39,21.69,63.24,59.36,66.32,23.73,21.59,25.61,54.63,50.29,57.93,15.24,13.46,16.88,71.86,68.91,74.51,,,,,,
2026-03-05,19.58,17.42,21.7,63.22,59.26,66.42,23.74,21.61,25.62,54.64,50.34,57.96,15.26,13.5,16.91,71.82,68.87,74.59,27.0,52.0,31.0,44.0,20.0,63.0
2026-03-06,19.6,17.39,21.7,63.2,59.14,66.47,23.75,21.63,25.68,54.65,50.4,57.95,15.29,13.49,16.97,71.79,68.79,74.66,18.0,60.0,22.0,51.0,13.0,70.0
2026-03-07,19.62,17.38,21.71,63.17,59.04,66.49,23.76,21.64,25.7,54.65,50.46,58.0,15.32,13.53,17.02,71.76,68.74,74.68,,,,,,
2026-03-08,19.65,17.37,21.7,63.13,58.93,66.53,23.77,21.65,25.72,54.64,50.49,57.98,15.34,13.57,17.06,71.72,68.67,74.67,,,,,,
2026-03-09,19.67,17.37,21.72,63.09,58.84,66.5,23.77,21.67,25.74,54.62,50.26,57.99,15.36,13.6,17.11,71.68,68.59,74.66,,,,,,
2026-03-10,19.69,17.39,21.79,63.04,58.79,66.48,23.77,21.68,25.74,54.59,49.98,58.06,15.38,13.62,17.14,71.65,68.53,74.64,,,,,,
2026-03-11,19.7,17.41,21.82,63.0,58.77,66.46,23.77,21.7,25.76,54.56,49.72,58.13,15.39,13.66,17.16,71.62,68.49,74.62,19.0,72.0,24.0,63.0,15.0,80.0
2026-03-12,19.72,17.45,21.86,62.95,58.74,66.51,23.77,21.71,25.75,54.52,49.54,58.2,15.4,13.72,17.11,71.59,68.45,74.58,,,,,,
2026-03-13,19.73,17.48,21.84,62.91,58.73,66.54,23.77,21.7,25.74,54.47,49.52,58.23,15.41,13.71,17.12,71.56,68.43,74.54,,,,,,
2026-03-14,19.74,17.52,21.79,62.87,58.71,66.55,23.76,21.68,25.74,54.43,49.49,58.14,15.42,13.71,17.12,71.54,68.39,74.51,,,,,,
2026-03-15,19.74,17.55,21.79,62.83,58.53,66.56,23.76,21.66,25.73,54.38,49.31,58.11,15.43,13.74,17.12,71.53,68.35,74.47,,,,,,
2026-03-16,19.74,17.57,21.8,62.8,58.53,66.45,23.75,21.65,25.74,54.33,49.3,58.07,15.43,13.76,17.11,71.52,68.33,74.43,,,,,,
2026-03-17,19.74,17.58,21.79,62.78,58.55,66.33,23.75,21.66,25.72,54.28,49.29,57.93,15.44,13.75,17.1,71.52,68.32,74.39,,,,,,
2026-03-18,19.74,17.58,21.79,62.77,58.55,66.26,23.74,21.67,25.71,54.24,49.27,57.97,15.44,13.75,17.08,71.52,68.32,74.34,,,,,,
2026-03-19,19.74,17.6,21.78,62.76,58.56,66.16,23.73,21.69,25.69,54.2,49.26,58.01,15.45,13.77,17.06,71.53,68.33,74.34,,,,,,
2026-03-20,19.73,17.66,21.78,62.77,58.59,66.09,23.72,21.76,25.66,54.17,49.25,57.93,15.46,13.78,17.03,71.54,68.36,74.34,20.0,58.0,25.0,50.0,15.0,68.0
2026-03-21,19.72,17.71,21.75,62.78,58.64,66.05,23.72,21.85,25.65,54.14,49.26,57.98,15.48,13.8,17.0,71.56,68.39,74.35,,,,,,
2026-03-22,19.72,17.75,21.72,62.81,58.71,66.0,23.71,21.93,25.54,54.13,49.27,58.01,15.49,13.88,16.98,71.58,68.44,74.31,,,,,,
2026-03-23,19.71,17.8,21.61,62.83,58.79,65.97,23.7,21.98,25.49,54.11,49.28,58.0,15.51,13.93,16.96,71.61,68.49,74.24,22.0,70.0,23.0,65.0,19.0,75.0
2026-03-24,19.7,17.86,21.59,62.87,58.89,65.92,23.69,22.0,25.44,54.11,49.29,58.0,15.53,13.97,16.96,71.63,68.53,74.17,,,,,,
2026-03-25,19.69,17.92,21.58,62.9,58.99,65.99,23.67,22.0,25.45,54.1,49.31,58.0,15.55,14.01,16.97,71.66,68.44,74.09,,,,,,
2026-03-26,19.68,17.98,21.55,62.94,58.85,66.08,23.66,22.0,25.46,54.1,49.33,57.98,15.57,14.06,16.98,71.7,68.53,74.02,17.0,63.0,22.0,51.0,13.0,72.0
2026-03-27,19.67,18.02,21.52,62.98,58.95,66.15,23.64,22.07,25.4,54.11,49.34,57.99,15.59,14.11,17.0,71.73,68.69,73.95,,,,,,
2026-03-28,19.65,18.05,21.48,63.03,59.09,66.2,23.61,22.14,25.27,54.11,49.36,58.17,15.6,14.15,17.01,71.77,68.77,73.88,,,,,,
2026-03-29,19.63,18.08,21.43,63.08,59.01,66.26,23.59,22.18,25.23,54.12,49.38,58.38,15.62,14.19,17.02,71.8,68.85,73.94,,,,,,
2026-03-30,19.61,18.06,21.37,63.13,58.93,66.34,23.56,22.25,25.19,54.13,49.42,58.59,15.64,14.21,17.03,71.84,68.84,74.0,,,,,,
2026-03-31,19.58,18.02,21.3,63.18,58.97,66.44,23.52,22.28,25.1,54.14,49.44,58.78,15.65,14.25,17.07,71.88,68.91,74.08,,,,,,
2026-04-01,19.54,18.04,21.34,63.23,59.15,66.43,23.47,22.3,25.09,54.15,49.49,58.89,15.66,14.28,17.14,71.91,69.06,74.07,,,,,,
2026-04-02,19.5,18.04,21.3,63.28,59.3,66.49,23.42,22.32,25.01,54.16,49.53,58.94,15.66,14.29,17.2,71.94,69.15,74.08,,,,,,
2026-04-03,19.46,17.98,21.21,63.32,59.5,66.45,23.36,22.33,24.9,54.17,49.6,59.13,15.66,14.28,17.28,71.96,69.18,73.99,,,,,,
2026-04-04,19.4,17.99,21.14,63.36,59.72,66.32,23.29,22.3,24.85,54.17,49.67,59.17,15.66,14.16,17.38,71.97,69.22,73.89,,,,,,
2026-04-05,19.34,17.95,21.09,63.38,59.71,66.46,23.21,22.28,24.74,54.17,49.7,59.38,15.65,14.11,17.41,71.97,69.27,73.93,,,,,,
2026-04-06,19.28,17.98,21.0,63.39,59.74,66.63,23.13,22.24,24.47,54.16,49.75,59.46,15.63,14.09,17.35,71.97,69.5,73.82,,,,,,
2026-04-07,19.21,17.89,20.92,63.39,59.86,66.65,23.04,22.22,24.31,54.14,49.81,59.59,15.62,13.96,17.34,71.94,69.51,73.79,,,,,,
2026-04-08,19.14,17.81,20.82,63.36,59.98,66.92,22.95,22.18,24.1,54.1,49.98,59.75,15.59,13.89,17.38,71.91,69.54,73.84,,,,,,
2026-04-09,19.07,17.77,20.81,63.32,60.11,67.15,22.86,22.12,24.12,54.05,50.09,59.84,15.57,13.89,17.31,71.85,69.56,73.69,,,,,,
2026-04-10,19.01,17.65,20.81,63.26,60.23,66.92,22.77,22.04,24.04,53.98,50.05,59.89,15.54,13.88,17.32,71.79,69.65,73.67,,,,,,
2026-04-11,18.94,17.6,20.69,63.18,60.28,66.96,22.69,21.92,24.02,53.89,50.03,60.61,15.52,13.89,17.26,71.7,69.7,73.71,,,,,,
2026-04-12,18.89,17.56,20.55,63.07,60.3,66.87,22.61,21.84,23.97,53.79,50.08,60.73,15.49,13.9,17.21,71.61,69.68,73.44,,,,,,
2026-04-13,18.83,17.52,20.61,62.96,60.33,66.75,22.54,21.8,23.77,53.67,50.07,60.55,15.46,13.86,17.19,71.5,69.64,73.34,18.0,61.0,22.0,49.0,16.0,71.0
2026-04-14,18.77,17.54,20.61,62.83,60.37,66.35,22.46,21.71,23.58,53.54,50.04,60.28,15.43,13.81,17.18,71.39,69.63,73.24,,,,,,
2026-04-15,18.72,17.56,20.53,62.71,60.31,65.77,22.39,21.65,23.54,53.42,49.94,59.63,15.4,13.77,17.17,71.29,69.64,73.07,,,,,,
2026-04-16,18.65,17.57,20.27,62.58,60.34,65.43,22.31,21.62,23.43,53.3,49.86,59.3,15.36,13.71,17.01,71.19,69.47,72.9,,,,,,
2026-04-17,18.59,17.59,20.16,62.47,60.45,65.24,22.23,21.52,23.38,53.18,49.79,59.08,15.32,13.68,17.02,71.1,69.49,72.86,,,,,,
2026-04-18,18.52,17.62,20.05,62.36,60.52,65.17,22.15,21.45,23.31,53.07,49.74,58.65,15.28,13.68,17.04,71.01,69.49,72.74,,,,,,
2026-04-19,18.46,17.64,20.0,62.25,60.61,65.06,22.07,21.41,23.26,52.97,49.69,58.18,15.24,13.68,16.93,70.93,69.43,72.55,,,,,,
2026-04-20,18.39,17.67,20.0,62.14,60.69,64.86,22.0,21.37,23.2,52.86,49.65,57.87,15.19,13.7,16.91,70.85,69.39,72.48,,,,,,
2026-04-21,18.32,17.7,19.93,62.02,60.78,64.96,21.92,21.33,23.09,52.76,49.6,57.83,15.15,13.77,16.89,70.76,69.6,72.42,,,,,,
2026-04-22,18.25,17.71,19.74,61.9,60.85,64.69,21.84,21.29,23.01,52.66,49.54,57.79,15.11,13.78,16.79,70.67,69.54,72.44,,,,,,
2026-04-23,18.19,17.75,19.61,61.77,60.91,64.6,21.77,21.25,22.95,52.56,49.48,57.56,15.06,13.77,16.68,70.57,69.44,72.46,,,,,,
2026-04-24,18.14,17.79,19.49,61.64,60.94,64.69,21.7,21.21,22.86,52.46,49.42,57.26,15.02,13.8,16.57,70.47,69.34,72.53,,,,,,
2026-04-25,18.09,17.78,19.34,61.51,60.97,64.75,21.64,21.17,22.69,52.38,49.36,56.88,14.99,13.82,16.45,70.37,69.26,72.59,,,,,,
2026-04-26,18.05,17.8,19.16,61.39,60.99,64.77,21.59,21.1,22.53,52.31,49.3,56.38,14.95,13.86,16.33,70.27,69.19,72.66,,,,,,
2026-04-27,18.02,17.8,18.92,61.28,61.0,64.71,21.55,21.06,22.41,52.27,49.24,55.89,14.92,13.89,16.22,70.17,69.13,72.69,,,,,,
2026-04-28,18.0,17.84,18.6,61.18,61.0,64.5,21.51,21.04,22.32,52.25,49.18,55.43,14.9,13.89,16.13,70.09,69.09,72.64,,,,,,
2026-04-29,17.99,17.74,18.14,61.11,61.0,64.15,21.48,21.02,22.16,52.27,49.11,55.11,14.88,13.82,16.06,70.01,69.06,72.49,,,,,,
2026-04-30,17.99,17.71,18.03,61.05,61.0,63.52,21.46,21.01,22.07,52.32,49.06,55.03,14.86,13.83,16.01,69.94,69.02,72.22,,,,,,
2026-05-01,17.99,17.26,18.0,61.02,61.0,63.13,21.44,21.0,22.02,52.39,49.02,55.0,14.85,13.3,16.0,69.89,69.0,72.06,,,,,,
2026-05-02,17.99,17.0,18.0,61.01,61.0,63.0,21.42,21.0,22.0,52.48,49.0,55.0,14.83,13.0,16.0,69.85,69.0,72.0,,,,,,
2026-05-03,18.0,17.99,18.0,61.0,61.0,61.02,21.4,21.0,22.0,52.58,49.0,55.0,14.8,13.99,15.99,69.81,69.0,71.01,,,,,,
2026-05-04,18.0,18.0,18.0,61.0,61.0,61.0,21.39,21.0,22.0,52.69,49.0,55.0,14.77,14.0,16.0,69.77,69.0,71.0,,,,,,
2026-05-05,18.0,18.0,18.0,61.0,61.0,61.0,21.37,21.0,22.0,52.8,49.0,55.0,14.73,14.0,16.0,69.73,69.0,71.0,,,,,,
2026-05-06,18.0,18.0,18.0,61.0,61.0,61.0,21.35,21.0,22.0,52.92,49.0,55.0,14.69,14.0,16.0,69.69,69.0,71.0,,,,,,
2026-05-07,18.0,18.0,18.0,61.0,61.0,61.0,21.33,21.0,22.0,53.05,49.0,55.0,14.65,14.0,16.0,69.65,69.0,71.0,,,,,,
2026-05-08,18.0,18.0,18.0,61.0,61.0,61.0,21.3,21.0,22.0,53.19,49.0,55.0,14.6,14.0,16.0,69.6,69.0,71.0,18.0,61.0,21.0,55.0,14.0,69.0