date,Con (post-2024 election),Con (post-2024 election) (low),Con (post-2024 election) (high),Lab (post-2024 election),Lab (post-2024 election) (low),Lab (post-2024 election) (high),LDem (post-2024 election),LDem (post-2024 election) (low),LDem (post-2024 election) (high),Ukip (post-2024 election),Ukip (post-2024 election) (low),Ukip (post-2024 election) (high),Grn (post-2024 election),Grn (post-2024 election) (low),Grn (post-2024 election) (high),PC (post-2024 election),PC (post-2024 election) (low),PC (post-2024 election) (high),Reform (post-2024 election),Reform (post-2024 election) (low),Reform (post-2024 election) (high),Con (poll),Lab (poll),LDem (poll),Ukip (poll),Grn (poll),PC (poll),Reform (poll)
2025-05-02,11.67,6.12,16.67,17.0,11.76,22.87,4.0,-0.32,8.53,,,,1.67,-2.04,5.41,,,,13.0,8.01,18.02,5.0,23.0,8.0,,1.0,,7.0
2025-05-03,11.67,6.12,16.67,17.0,11.76,22.87,4.0,-0.32,8.53,,,,1.67,-2.04,5.41,,,,13.0,8.01,18.02,,,,,,,
2025-05-04,11.67,6.12,16.67,17.0,11.76,22.87,4.0,-0.32,8.53,,,,1.67,-2.04,5.41,,,,13.0,8.01,18.02,,,,,,,
2025-05-05,11.67,6.12,16.67,17.0,11.76,22.87,4.0,-0.32,8.53,,,,1.67,-2.04,5.41,,,,13.0,8.01,18.02,,,,,,,
2025-05-06,11.67,6.12,16.67,17.0,11.76,22.87,4.0,-0.32,8.53,,,,1.67,-2.04,5.41,,,,13.0,8.01,18.02,,,,,,,
2025-05-07,11.67,6.12,16.67,17.0,11.76,22.87,4.0,-0.32,8.53,,,,1.67,-2.04,5.41,,,,13.0,8.01,18.02,,,,,,,
2025-05-08,11.67,6.12,16.67,17.0,11.76,22.87,4.0,-0.32,8.53,,,,1.67,-2.04,5.41,3.0,-1.14,6.14,13.0,8.01,18.02,15.0,14.0,2.0,,2.0,3.0,16.0
2025-05-09,11.67,6.12,16.67,17.0,11.76,22.87,4.0,-0.32,8.53,,,,1.67,-2.04,5.41,3.0,-1.14,6.14,13.0,8.01,18.02,,,,,,,
2025-05-10,11.67,6.12,16.67,17.0,11.76,22.87,4.0,-0.32,8.53,,,,1.67,-2.04,5.41,3.0,-1.14,6.14,13.0,8.02,18.02,,,,,,,
2025-05-11,11.67,6.12,16.67,17.0,11.76,22.87,4.0,-0.32,8.53,,,,1.67,-2.04,5.41,3.0,-1.14,6.14,13.0,8.02,18.02,,,,,,,
2025-05-12,11.67,6.12,16.67,17.0,11.76,22.87,4.0,-0.32,8.53,,,,1.67,-2.04,5.41,3.0,-1.14,6.14,13.0,8.02,18.02,,,,,,,
2025-05-13,11.67,6.13,16.67,17.0,11.76,22.86,4.0,-0.32,8.53,,,,1.67,-2.04,5.41,3.0,-1.14,6.14,13.0,8.02,18.02,,,,,,,
2025-05-14,11.67,6.13,16.67,16.99,11.75,22.86,4.0,-0.32,8.53,,,,1.67,-2.04,5.41,3.0,-1.14,6.14,13.01,8.02,18.02,,,,,,,
2025-05-15,11.67,6.13,16.67,16.99,11.75,22.86,4.0,-0.32,8.53,,,,1.67,-2.04,5.41,3.0,-1.14,6.14,13.01,8.02,18.02,,,,,,,
2025-05-16,11.68,6.13,16.67,16.99,11.75,22.86,3.99,-0.33,8.53,,,,1.67,-2.04,5.41,3.0,-1.14,6.14,13.01,8.02,18.02,,,,,,,
2025-05-17,11.68,6.13,16.67,16.99,11.75,22.86,3.99,-0.33,8.53,,,,1.67,-2.04,5.41,3.0,-1.14,6.14,13.01,8.03,18.02,,,,,,,
2025-05-18,11.68,6.13,16.67,16.99,11.75,22.86,3.99,-0.33,8.53,,,,1.67,-2.04,5.41,3.0,-1.14,6.14,13.01,8.03,18.02,,,,,,,
2025-05-19,11.68,6.13,16.67,16.99,11.74,22.86,3.99,-0.33,8.53,,,,1.67,-2.04,5.41,3.0,-1.14,6.14,13.01,8.03,18.02,,,,,,,
2025-05-20,11.68,6.13,16.67,16.99,11.74,22.86,3.99,-0.33,8.53,,,,1.67,-2.04,5.41,3.0,-1.14,6.14,13.01,8.03,18.02,,,,,,,
2025-05-21,11.68,6.13,16.67,16.98,11.74,22.86,3.99,-0.33,8.53,,,,1.67,-2.04,5.42,3.0,-1.14,6.14,13.02,8.04,18.02,,,,,,,
2025-05-22,11.69,6.13,16.67,16.98,11.74,22.86,3.99,-0.34,8.53,,,,1.67,-2.04,5.42,3.0,-1.14,6.14,13.02,8.04,18.02,,,,,,,
2025-05-23,11.69,6.13,16.67,16.98,11.74,22.86,3.99,-0.34,8.53,,,,1.67,-2.04,5.42,3.0,-1.14,6.14,13.02,8.04,18.02,,,,,,,
2025-05-24,11.69,6.13,16.67,16.98,11.74,22.86,3.98,-0.34,8.53,,,,1.67,-2.04,5.42,3.0,-1.14,6.14,13.02,8.05,18.02,,,,,,,
2025-05-25,11.69,6.14,16.67,16.97,11.74,22.86,3.98,-0.34,8.52,,,,1.67,-2.04,5.42,3.0,-1.14,6.14,13.03,8.05,18.02,,,,,,,
2025-05-26,11.7,6.14,16.67,16.97,11.73,22.86,3.98,-0.35,8.52,,,,1.67,-2.04,5.42,3.0,-1.14,6.14,13.03,8.05,18.02,,,,,,,
2025-05-27,11.7,6.14,16.67,16.97,11.73,22.86,3.98,-0.35,8.52,,,,1.67,-2.04,5.42,3.0,-1.14,6.14,13.03,8.06,18.02,,,,,,,
2025-05-28,11.7,6.14,16.67,16.97,11.73,22.85,3.98,-0.35,8.52,,,,1.67,-2.04,5.42,3.0,-1.14,6.14,13.03,8.06,18.02,,,,,,,
2025-05-29,11.71,6.14,16.67,16.96,11.72,22.85,3.98,-0.36,8.52,,,,1.67,-2.04,5.43,3.0,-1.14,6.14,13.04,8.07,18.02,,,,,,,
2025-05-30,11.71,6.14,16.67,16.96,11.72,22.85,3.97,-0.36,8.52,,,,1.67,-2.04,5.42,3.0,-1.14,6.14,13.04,8.07,18.02,,,,,,,
2025-05-31,11.71,6.14,16.67,16.96,11.72,22.85,3.97,-0.36,8.52,,,,1.67,-2.04,5.42,3.0,-1.14,6.14,13.04,8.07,18.02,,,,,,,
2025-06-01,11.72,6.13,16.67,16.95,11.72,22.85,3.97,-0.37,8.52,,,,1.67,-2.04,5.42,3.0,-1.14,6.14,13.05,8.08,18.02,,,,,,,
2025-06-02,11.72,6.14,16.67,16.95,11.72,22.84,3.97,-0.37,8.51,,,,1.67,-2.04,5.42,3.0,-1.14,6.14,13.05,8.08,18.02,,,,,,,
2025-06-03,11.73,6.14,16.67,16.95,11.72,22.84,3.96,-0.38,8.51,,,,1.67,-2.04,5.42,3.0,-1.14,6.14,13.05,8.09,18.02,,,,,,,
2025-06-04,11.73,6.14,16.67,16.94,11.72,22.83,3.96,-0.38,8.5,,,,1.67,-2.04,5.42,3.0,-1.14,6.14,13.06,8.1,18.02,,,,,,,
2025-06-05,11.73,6.14,16.67,16.94,11.71,22.83,3.96,-0.39,8.5,,,,1.67,-2.04,5.42,3.0,-1.14,6.14,13.06,8.1,18.02,,,,,,,
2025-06-06,11.74,6.14,16.67,16.93,11.71,22.82,3.96,-0.39,8.5,,,,1.67,-2.04,5.42,3.0,-1.14,6.14,13.07,8.09,18.02,,,,,,,
2025-06-07,11.74,6.14,16.67,16.93,11.71,22.82,3.95,-0.39,8.5,,,,1.67,-2.04,5.42,3.0,-1.14,6.14,13.07,8.09,18.02,,,,,,,
2025-06-08,11.75,6.14,16.67,16.93,11.71,22.81,3.95,-0.4,8.5,,,,1.67,-2.04,5.42,3.0,-1.14,6.14,13.07,8.09,18.02,,,,,,,
2025-06-09,11.75,6.14,16.67,16.92,11.71,22.8,3.95,-0.4,8.5,,,,1.68,-2.04,5.42,3.0,-1.14,6.14,13.08,8.09,18.02,,,,,,,
2025-06-10,11.76,6.14,16.67,16.92,11.71,22.8,3.94,-0.41,8.49,,,,1.68,-2.04,5.42,3.0,-1.14,6.14,13.08,8.09,18.02,,,,,,,
2025-06-11,11.76,6.14,16.67,16.91,11.71,22.79,3.94,-0.42,8.49,,,,1.68,-2.04,5.42,3.0,-1.14,6.14,13.09,8.09,18.02,,,,,,,
2025-06-12,11.77,6.14,16.67,16.91,11.71,22.78,3.94,-0.42,8.49,,,,1.68,-2.04,5.42,3.0,-1.14,6.14,13.09,8.08,18.02,,,,,,,
2025-06-13,11.78,6.14,16.67,16.9,11.71,22.77,3.93,-0.43,8.49,,,,1.68,-2.04,5.41,3.0,-1.14,6.14,13.1,8.08,18.02,,,,,,,
2025-06-14,11.78,6.15,16.67,16.9,11.71,22.77,3.93,-0.43,8.49,,,,1.68,-2.04,5.41,3.0,-1.14,6.14,13.1,8.08,18.02,,,,,,,
2025-06-15,11.79,6.15,16.67,16.89,11.71,22.76,3.93,-0.44,8.49,,,,1.68,-2.04,5.41,3.0,-1.14,6.14,13.11,8.08,18.02,,,,,,,
2025-06-16,11.79,6.14,16.67,16.89,11.71,22.75,3.92,-0.45,8.48,,,,1.68,-2.04,5.41,3.0,-1.14,6.14,13.11,8.08,18.02,,,,,,,
2025-06-17,11.8,6.14,16.67,16.88,11.71,22.74,3.92,-0.45,8.48,,,,1.68,-2.04,5.41,3.0,-1.14,6.14,13.12,8.08,18.02,,,,,,,
2025-06-18,11.81,6.15,16.67,16.87,11.71,22.73,3.92,-0.45,8.48,,,,1.68,-2.04,5.41,3.0,-1.14,6.14,13.13,8.07,18.02,,,,,,,
2025-06-19,11.81,6.15,16.67,16.87,11.71,22.72,3.91,-0.45,8.48,,,,1.68,-2.04,5.41,3.0,-1.14,6.14,13.13,8.07,18.02,,,,,,,
2025-06-20,11.82,6.16,16.67,16.86,11.71,22.72,3.91,-0.45,8.47,,,,1.68,-2.04,5.41,3.0,-1.14,6.14,13.14,8.07,18.02,,,,,,,
2025-06-21,11.83,6.16,16.67,16.85,11.71,22.71,3.9,-0.45,8.47,,,,1.68,-2.04,5.41,3.0,-1.14,6.14,13.15,8.07,18.02,,,,,,,
2025-06-22,11.84,6.17,16.67,16.85,11.71,22.7,3.9,-0.46,8.47,,,,1.68,-2.04,5.41,3.0,-1.14,6.14,13.15,8.06,18.02,,,,,,,
2025-06-23,11.84,6.18,16.67,16.84,11.71,22.68,3.89,-0.46,8.47,,,,1.68,-2.04,5.4,3.0,-1.14,6.14,13.16,8.06,18.02,,,,,,,
2025-06-24,11.85,6.2,16.67,16.83,11.71,22.68,3.89,-0.46,8.46,,,,1.69,-2.04,5.4,3.0,-1.14,6.14,13.17,8.06,18.02,,,,,,,
2025-06-25,11.86,6.2,16.67,16.83,11.71,22.66,3.88,-0.46,8.46,,,,1.69,-2.03,5.4,3.0,-1.14,6.14,13.17,8.06,18.02,,,,,,,
2025-06-26,11.87,6.22,16.67,16.82,11.71,22.65,3.88,-0.46,8.45,,,,1.69,-2.03,5.4,3.0,-1.14,6.14,13.18,8.06,18.02,,,,,,,
2025-06-27,11.88,6.23,16.67,16.81,11.71,22.63,3.87,-0.46,8.44,,,,1.69,-2.03,5.39,3.0,-1.14,6.14,13.19,8.05,18.02,,,,,,,
2025-06-28,11.89,6.23,16.67,16.8,11.71,22.62,3.87,-0.47,8.43,,,,1.69,-2.03,5.39,3.0,-1.14,6.14,13.2,8.06,18.02,,,,,,,
2025-06-29,11.9,6.25,16.67,16.79,11.71,22.6,3.86,-0.47,8.41,,,,1.69,-2.03,5.39,3.0,-1.14,6.14,13.21,8.06,18.02,,,,,,,
2025-06-30,11.9,6.26,16.67,16.79,11.71,22.58,3.86,-0.48,8.4,,,,1.69,-2.03,5.39,3.0,-1.14,6.14,13.21,8.05,18.02,,,,,,,
2025-07-01,11.91,6.27,16.67,16.78,11.71,22.57,3.85,-0.5,8.39,,,,1.69,-2.03,5.39,3.0,-1.14,6.14,13.22,8.05,18.02,,,,,,,
2025-07-02,11.93,6.29,16.67,16.77,11.71,22.55,3.84,-0.52,8.38,,,,1.69,-2.03,5.39,3.0,-1.14,6.14,13.23,8.05,18.02,,,,,,,
2025-07-03,11.94,6.3,16.69,16.76,11.71,22.53,3.84,-0.54,8.37,,,,1.69,-2.03,5.39,3.0,-1.14,6.14,13.24,8.04,18.02,,,,,,,
2025-07-04,11.95,6.32,16.71,16.75,11.71,22.51,3.83,-0.55,8.35,,,,1.69,-2.03,5.38,3.0,-1.14,6.14,13.25,8.04,18.02,,,,,,,
2025-07-05,11.96,6.33,16.72,16.74,11.71,22.49,3.83,-0.57,8.34,,,,1.7,-2.03,5.38,3.0,-1.14,6.14,13.26,8.04,18.02,,,,,,,
2025-07-06,11.97,6.33,16.74,16.73,11.71,22.47,3.82,-0.6,8.33,,,,1.7,-2.03,5.38,3.0,-1.14,6.14,13.27,8.04,18.02,,,,,,,
2025-07-07,11.98,6.34,16.76,16.72,11.71,22.46,3.81,-0.62,8.32,,,,1.7,-2.03,5.38,3.0,-1.14,6.14,13.28,8.04,18.02,,,,,,,
2025-07-08,11.99,6.34,16.78,16.71,11.71,22.45,3.8,-0.63,8.31,,,,1.7,-2.03,5.38,3.0,-1.14,6.14,13.29,8.04,18.02,,,,,,,
2025-07-09,12.01,6.34,16.79,16.69,11.71,22.44,3.8,-0.64,8.29,,,,1.7,-2.03,5.37,3.0,-1.14,6.14,13.31,8.03,18.02,,,,,,,
2025-07-10,12.02,6.35,16.82,16.68,11.71,22.42,3.79,-0.64,8.28,,,,1.7,-2.03,5.37,3.0,-1.14,6.14,13.32,8.03,18.02,,,,,,,
2025-07-11,12.03,6.35,16.83,16.67,11.71,22.4,3.78,-0.64,8.26,,,,1.7,-2.03,5.37,3.0,-1.14,6.14,13.33,8.05,18.02,,,,,,,
2025-07-12,12.05,6.34,16.86,16.66,11.71,22.39,3.77,-0.65,8.24,,,,1.7,-2.03,5.37,3.0,-1.14,6.14,13.34,8.08,18.02,,,,,,,
2025-07-13,12.06,6.36,16.88,16.64,11.71,22.37,3.76,-0.65,8.22,,,,1.71,-2.03,5.37,3.0,-1.14,6.14,13.36,8.11,18.02,,,,,,,
2025-07-14,12.08,6.37,16.91,16.63,11.71,22.35,3.75,-0.66,8.21,,,,1.71,-2.03,5.36,3.0,-1.14,6.14,13.37,8.13,18.02,,,,,,,
2025-07-15,12.09,6.38,16.93,16.62,11.71,22.33,3.74,-0.66,8.19,,,,1.71,-2.03,5.36,3.0,-1.14,6.14,13.38,8.13,18.02,,,,,,,
2025-07-16,12.11,6.39,16.95,16.6,11.71,22.31,3.73,-0.67,8.17,,,,1.71,-2.02,5.36,3.0,-1.14,6.14,13.4,8.13,18.02,,,,,,,
2025-07-17,12.13,6.4,16.98,16.59,11.71,22.29,3.72,-0.68,8.17,,,,1.71,-2.02,5.36,3.0,-1.14,6.14,13.41,8.13,18.02,,,,,,,
2025-07-18,12.14,6.41,17.0,16.57,11.71,22.28,3.71,-0.68,8.17,,,,1.71,-2.02,5.35,3.0,-1.14,6.14,13.43,8.13,18.02,,,,,,,
2025-07-19,12.16,6.43,17.01,16.55,11.71,22.27,3.7,-0.69,8.17,,,,1.72,-2.02,5.35,3.0,-1.14,6.14,13.45,8.13,18.02,,,,,,,
2025-07-20,12.18,6.45,17.01,16.54,11.71,22.26,3.69,-0.69,8.16,,,,1.72,-2.02,5.34,3.0,-1.14,6.14,13.46,8.13,18.02,,,,,,,
2025-07-21,12.2,6.5,17.01,16.52,11.71,22.23,3.68,-0.7,8.16,,,,1.72,-2.02,5.34,3.0,-1.14,6.14,13.48,8.13,18.02,,,,,,,
2025-07-22,12.22,6.55,17.01,16.5,11.71,22.2,3.67,-0.7,8.16,,,,1.72,-2.02,5.34,3.0,-1.14,6.14,13.5,8.13,18.02,,,,,,,
2025-07-23,12.24,6.6,17.01,16.48,11.71,22.17,3.65,-0.71,8.15,,,,1.72,-2.02,5.33,3.0,-1.14,6.14,13.52,8.13,18.02,,,,,,,
2025-07-24,12.27,6.64,17.01,16.46,11.71,22.15,3.64,-0.71,8.15,,,,1.73,-2.02,5.33,3.0,-1.14,6.14,13.54,8.13,18.02,,,,,,,
2025-07-25,12.29,6.7,17.01,16.44,11.71,22.13,3.63,-0.72,8.15,,,,1.73,-2.02,5.33,3.0,-1.14,6.14,13.56,8.13,18.02,,,,,,,
2025-07-26,12.32,6.74,17.01,16.42,11.71,22.11,3.61,-0.73,8.14,,,,1.73,-2.02,5.33,3.0,-1.14,6.14,13.58,8.13,18.02,,,,,,,
2025-07-27,12.34,6.77,17.01,16.39,11.71,22.09,3.59,-0.73,8.14,,,,1.73,-2.02,5.33,3.0,-1.14,6.14,13.61,8.13,18.02,,,,,,,
2025-07-28,12.37,6.79,17.01,16.37,11.71,22.06,3.58,-0.74,8.13,,,,1.74,-2.02,5.33,3.0,-1.14,6.14,13.63,8.13,18.02,,,,,,,
2025-07-29,12.4,6.8,17.01,16.34,11.71,22.04,3.56,-0.76,8.13,,,,1.74,-2.01,5.33,3.0,-1.14,6.14,13.66,8.13,18.02,,,,,,,
2025-07-30,12.43,6.82,17.01,16.32,11.71,22.01,3.54,-0.76,8.12,,,,1.74,-2.01,5.33,3.0,-1.14,6.14,13.68,8.13,18.04,,,,,,,
2025-07-31,12.46,6.83,17.01,16.29,11.71,21.98,3.52,-0.76,8.12,,,,1.75,-2.01,5.33,3.0,-1.14,6.14,13.71,8.13,18.06,,,,,,,
2025-08-01,12.49,6.84,17.01,16.26,11.71,21.95,3.5,-0.77,8.1,,,,1.75,-2.01,5.33,3.0,-1.14,6.14,13.74,8.13,18.09,,,,,,,
2025-08-02,12.53,6.89,17.01,16.23,11.71,21.92,3.48,-0.78,8.1,,,,1.75,-2.01,5.33,3.0,-1.14,6.14,13.77,8.13,18.1,,,,,,,
2025-08-03,12.56,6.94,17.01,16.19,11.71,21.88,3.46,-0.79,8.09,,,,1.76,-2.01,5.33,3.0,-1.14,6.14,13.81,8.13,18.12,,,,,,,
2025-08-04,12.6,6.98,17.01,16.16,11.65,21.85,3.44,-0.8,8.04,,,,1.76,-2.01,5.33,3.0,-1.14,6.14,13.84,8.12,18.18,,,,,,,
2025-08-05,12.64,6.99,17.01,16.12,11.63,21.81,3.41,-0.81,7.98,,,,1.76,-2.0,5.33,3.0,-1.14,6.14,13.88,8.12,18.22,,,,,,,
2025-08-06,12.69,7.0,17.02,16.08,11.61,21.76,3.39,-0.82,7.97,,,,1.77,-2.0,5.32,3.0,-1.14,6.14,13.92,8.13,18.27,,,,,,,
2025-08-07,12.73,7.0,17.08,16.04,11.6,21.71,3.36,-0.83,7.99,,,,1.77,-2.0,5.32,3.0,-1.14,6.14,13.96,8.13,18.34,,,,,,,
2025-08-08,12.78,7.01,17.13,15.99,11.58,21.66,3.33,-0.84,8.0,,,,1.78,-2.0,5.32,3.0,-1.14,6.14,14.01,8.13,18.43,,,,,,,
2025-08-09,12.84,7.02,17.17,15.95,11.58,21.61,3.3,-0.91,8.01,,,,1.78,-2.0,5.32,3.0,-1.14,6.14,14.05,8.13,18.45,,,,,,,
2025-08-10,12.89,7.02,17.2,15.9,11.56,21.57,3.26,-1.04,8.02,,,,1.79,-1.99,5.32,3.0,-1.14,6.14,14.1,8.13,18.45,,,,,,,
2025-08-11,12.95,7.04,17.22,15.84,11.54,21.57,3.23,-1.06,8.02,,,,1.8,-1.99,5.32,3.0,-1.14,6.14,14.16,8.13,18.49,,,,,,,
2025-08-12,13.02,7.05,17.23,15.78,11.5,21.57,3.19,-1.06,8.0,,,,1.8,-1.98,5.32,3.0,-1.14,6.14,14.22,8.13,18.55,,,,,,,
2025-08-13,13.09,7.06,17.25,15.72,11.48,21.56,3.15,-1.11,7.99,,,,1.81,-1.98,5.32,3.0,-1.14,6.14,14.28,8.14,18.61,,,,,,,
2025-08-14,13.16,7.07,17.27,15.65,11.45,21.56,3.1,-1.22,7.99,,,,1.82,-1.98,5.35,3.0,-1.14,6.14,14.35,8.19,18.66,,,,,,,
2025-08-15,13.24,7.08,17.29,15.58,11.42,21.56,3.05,-1.24,8.03,,,,1.82,-1.97,5.39,3.0,-1.14,6.14,14.42,8.31,18.73,,,,,,,
2025-08-16,13.33,7.1,17.29,15.5,11.38,21.55,3.0,-1.25,8.08,,,,1.83,-1.97,5.43,3.0,-1.14,6.14,14.5,8.47,18.91,,,,,,,
2025-08-17,13.42,7.11,17.29,15.42,11.34,21.55,2.95,-1.26,8.14,,,,1.84,-1.96,5.47,3.0,-1.14,6.14,14.58,8.64,18.94,,,,,,,
2025-08-18,13.52,7.14,17.29,15.33,11.3,21.49,2.89,-1.27,8.18,,,,1.85,-1.96,5.5,3.0,-1.14,6.14,14.67,8.83,18.95,,,,,,,
2025-08-19,13.63,7.17,17.29,15.23,11.25,21.43,2.82,-1.27,8.21,,,,1.86,-1.95,5.55,3.0,-1.14,6.14,14.77,8.89,19.04,,,,,,,
2025-08-20,13.75,7.19,17.38,15.12,11.17,21.35,2.75,-1.27,8.25,,,,1.88,-2.02,5.6,3.0,-1.14,6.14,14.88,8.9,19.13,,,,,,,
2025-08-21,13.88,7.23,17.51,15.01,11.09,21.14,2.67,-1.46,8.32,,,,1.89,-2.05,5.65,3.0,-1.14,6.14,14.99,8.9,19.3,,,,,,,
2025-08-22,14.02,7.27,17.65,14.88,10.82,21.14,2.59,-1.79,8.39,,,,1.9,-2.04,5.71,3.0,-1.14,6.14,15.12,8.91,19.38,,,,,,,
2025-08-23,14.17,7.32,17.78,14.75,10.62,21.1,2.5,-1.81,8.47,,,,1.92,-2.04,5.77,3.0,-1.14,6.14,15.25,8.91,19.5,,,,,,,
2025-08-24,14.32,7.36,17.99,14.61,10.59,20.82,2.41,-1.89,8.55,,,,1.93,-2.04,5.83,3.0,-1.14,6.14,15.39,8.92,20.11,,,,,,,
2025-08-25,14.48,7.35,18.04,14.47,10.34,20.49,2.31,-2.28,8.62,,,,1.95,-2.04,5.89,3.0,-1.14,6.14,15.53,8.99,20.99,,,,,,,
2025-08-26,14.64,7.36,18.07,14.32,10.03,20.45,2.22,-2.7,8.7,,,,1.96,-2.04,5.95,3.0,-1.14,6.14,15.68,9.11,21.29,,,,,,,
2025-08-27,14.79,7.36,18.31,14.19,9.71,20.41,2.13,-3.0,8.7,,,,1.98,-2.05,6.01,3.0,-1.14,6.14,15.81,9.27,21.35,,,,,,,
2025-08-28,14.91,7.35,18.73,14.08,9.61,20.37,2.05,-3.01,8.74,,,,1.99,-2.09,6.06,3.0,-1.14,6.14,15.92,9.43,21.4,,,,,,,
2025-08-29,14.98,7.36,18.94,14.02,9.15,20.35,2.01,-3.01,8.85,,,,2.0,-2.12,6.08,3.0,-1.14,6.14,15.98,9.55,21.4,,,,,,,
2025-08-30,15.0,9.79,19.07,14.0,8.79,18.07,2.0,-3.06,7.51,,,,2.0,-2.04,6.34,3.0,-1.14,6.14,16.0,10.94,21.51,,,,,,,
2025-08-31,15.0,10.77,18.64,14.0,9.77,17.64,2.0,-1.92,6.11,,,,2.0,-1.35,5.62,3.0,-1.14,6.14,16.0,12.08,20.11,,,,,,,
2025-09-01,15.0,10.77,18.64,14.0,9.77,17.64,2.0,-1.92,6.11,,,,2.0,-1.35,5.62,3.0,-1.14,6.14,16.0,12.08,20.11,,,,,,,
2025-09-02,15.0,10.77,18.64,14.0,9.77,17.64,2.0,-1.92,6.11,,,,2.0,-1.35,5.62,3.0,-1.14,6.14,16.0,12.08,20.11,,,,,,,
2025-09-03,15.0,10.77,18.64,14.0,9.77,17.64,2.0,-1.92,6.11,,,,2.0,-1.35,5.62,3.0,-1.14,6.14,16.0,12.08,20.11,,,,,,,
2025-09-04,15.0,10.77,18.64,14.0,9.77,17.64,2.0,-1.92,6.11,,,,2.0,-1.35,5.62,3.0,-1.14,6.14,16.0,12.08,20.11,,,,,,,
2026-01-29,13.0,8.93,16.8,7.0,2.93,10.8,,,,,,,3.0,-2.21,7.13,12.0,8.14,16.02,17.0,12.45,20.96,,,,,,,
2026-01-30,13.0,8.93,16.8,7.0,2.93,10.8,,,,,,,3.0,-2.21,7.13,12.0,8.14,16.02,17.0,12.45,20.96,,,,,,,
2026-01-31,13.0,8.93,16.8,7.0,2.93,10.8,,,,,,,3.0,-2.21,7.13,12.0,8.14,16.02,17.0,12.45,20.96,,,,,,,
2026-02-01,13.0,8.93,16.8,7.0,2.93,10.8,,,,,,,3.0,-2.21,7.13,12.0,8.14,16.02,17.0,12.45,20.96,,,,,,,
2026-02-02,13.0,8.93,16.8,7.0,2.93,10.8,,,,,,,3.0,-2.21,7.13,12.0,8.14,16.02,17.0,12.45,20.96,,,,,,,
2026-02-03,13.0,8.93,16.8,7.0,2.93,10.8,,,,,,,3.0,-2.21,7.13,12.0,8.14,16.02,17.0,12.45,20.96,,,,,,,
2026-02-04,13.0,8.93,16.8,7.0,2.93,10.8,,,,,,,3.0,-2.21,7.13,12.0,8.14,16.02,17.0,12.45,20.96,,,,,,,
2026-02-05,13.0,8.93,16.8,7.0,2.93,10.8,,,,,,,3.0,-2.21,7.13,12.0,8.14,16.02,17.0,12.45,20.96,,,,,,,
2026-02-06,13.0,8.93,16.8,7.0,2.93,10.8,,,,,,,3.0,-2.21,7.13,12.0,8.14,16.02,17.0,12.45,20.96,,,,,,,
2026-02-07,13.0,8.93,16.8,7.0,2.93,10.8,,,,,,,3.0,-2.21,7.13,12.0,8.14,16.02,17.0,12.45,20.96,,,,,,,
2026-02-08,13.0,8.93,16.8,7.0,2.93,10.8,,,,,,,3.0,-2.21,7.13,12.0,8.14,16.02,17.0,12.45,20.96,,,,,,,
2026-02-09,13.0,8.93,16.8,7.0,2.93,10.8,,,,,,,3.0,-2.21,7.13,12.0,8.14,16.02,17.0,12.45,20.96,,,,,,,
2026-02-10,13.0,8.93,16.8,7.0,2.93,10.8,,,,,,,3.0,-2.21,7.13,12.0,8.14,16.02,17.0,12.45,20.96,,,,,,,
2026-02-11,13.0,8.93,16.8,7.0,2.93,10.8,,,,,,,3.0,-2.21,7.13,12.0,8.14,16.02,17.0,12.45,20.96,,,,,,,
2026-02-12,13.0,8.93,16.8,7.0,2.93,10.8,,,,,,,3.0,-2.21,7.13,12.0,8.14,16.02,17.0,12.45,20.96,,,,,,,
2026-02-13,13.0,8.93,16.8,7.0,2.93,10.8,,,,,,,3.0,-2.21,7.13,12.0,8.14,16.02,17.0,12.45,20.96,,,,,,,
2026-02-14,13.0,8.93,16.8,7.0,2.93,10.8,,,,,,,3.0,-2.21,7.13,12.0,8.14,16.02,17.0,12.45,20.96,,,,,,,
2026-02-15,13.0,8.93,16.8,7.0,2.93,10.8,,,,,,,3.0,-2.21,7.13,12.0,8.14,16.02,17.0,12.45,20.96,,,,,,,
2026-02-16,13.0,8.93,16.8,7.0,2.93,10.8,,,,,,,3.0,-2.21,7.13,12.0,8.14,16.02,17.0,12.45,20.96,,,,,,,
2026-02-17,13.0,8.93,16.8,7.0,2.93,10.8,,,,,,,3.0,-2.21,7.13,12.0,8.14,16.02,17.0,12.45,20.96,,,,,,,
2026-02-18,13.0,8.93,16.8,7.0,2.93,10.8,,,,,,,3.0,-2.21,7.13,12.0,8.14,16.02,17.0,12.45,20.96,,,,,,,
2026-02-19,13.0,8.93,16.8,7.0,2.93,10.8,,,,,,,3.0,-2.21,7.13,12.0,8.14,16.02,17.0,12.45,20.96,,,,,,,
2026-02-20,13.0,8.93,16.8,7.0,2.93,10.8,,,,,,,3.0,-2.21,7.13,12.0,8.14,16.02,17.0,12.45,20.96,,,,,,,
2026-02-21,13.0,8.93,16.8,7.0,2.93,10.8,,,,,,,3.0,-2.21,7.13,12.0,8.14,16.02,17.0,12.45,20.96,,,,,,,
2026-02-22,13.0,8.93,16.8,7.0,2.93,10.8,,,,,,,3.0,-2.21,7.13,12.0,8.14,16.02,17.0,12.45,20.96,,,,,,,
2026-02-23,13.0,8.93,16.8,7.0,2.93,10.8,,,,,,,3.0,-2.21,7.13,12.0,8.14,16.02,17.0,12.45,20.96,,,,,,,
2026-02-24,13.0,8.93,16.8,7.0,2.93,10.8,,,,,,,3.0,-2.21,7.13,12.0,8.14,16.02,17.0,12.45,20.96,,,,,,,
2026-02-25,13.0,8.93,16.8,7.0,2.93,10.8,,,,,,,3.0,-2.21,7.13,12.0,8.14,16.02,17.0,12.45,20.96,,,,,,,
2026-02-26,13.0,8.93,16.8,7.0,2.93,10.8,,,,,,,3.0,-2.21,7.13,12.0,8.14,16.02,17.0,12.45,20.96,,,,,,,
2026-02-27,13.0,8.93,16.8,7.0,2.93,10.8,,,,,,,3.0,-2.21,7.13,12.0,8.14,16.02,17.0,12.45,20.96,,,,,,,
2026-02-28,13.0,8.93,16.8,7.0,2.93,10.8,,,,,,,3.0,-2.21,7.13,12.0,8.14,16.02,17.0,12.45,20.96,,,,,,,
2026-03-01,13.0,8.93,16.8,7.0,2.93,10.8,,,,,,,3.0,-2.21,7.13,12.0,8.14,16.02,17.0,12.45,20.96,,,,,,,
2026-03-02,13.0,8.93,16.8,7.0,2.93,10.8,,,,,,,3.0,-2.21,7.13,12.0,8.14,16.02,17.0,12.45,20.96,,,,,,,
2026-03-03,13.0,8.93,16.8,7.0,2.93,10.8,,,,,,,3.0,-2.21,7.13,12.0,8.14,16.02,17.0,12.45,20.96,,,,,,,
2026-03-04,13.0,8.93,16.8,7.0,2.93,10.8,,,,,,,3.0,-2.21,7.13,12.0,8.14,16.02,17.0,12.45,20.96,,,,,,,
2026-03-05,13.0,7.92,17.27,7.0,1.92,11.27,,,,,,,3.0,-2.21,7.13,12.0,8.14,16.02,17.0,12.45,20.96,,,,,,,
2026-03-06,13.0,7.96,24.65,7.0,1.96,18.14,,,,,,,3.0,-2.21,7.13,12.0,8.14,16.02,17.0,12.45,20.96,,,,,,,
2026-03-07,13.0,7.96,24.65,7.0,1.96,18.14,,,,,,,3.0,-2.21,7.13,12.0,8.14,16.02,17.0,12.45,20.96,,,,,,,
2026-03-08,13.01,7.97,24.65,7.01,1.97,18.14,,,,,,,3.0,-2.21,7.13,12.0,8.14,16.02,17.0,12.45,20.96,,,,,,,
2026-03-09,13.02,7.99,24.65,7.02,1.99,18.15,,,,,,,3.0,-2.21,7.13,12.0,8.14,16.02,17.0,12.45,20.96,,,,,,,
2026-03-10,13.04,8.01,24.65,7.04,2.01,18.16,,,,,,,3.0,-2.21,7.13,12.0,8.14,16.02,17.0,12.45,20.96,,,,,,,
2026-03-11,13.06,8.03,24.65,7.06,2.03,18.17,,,,,,,3.0,-2.21,7.13,12.0,8.14,16.02,17.0,12.45,20.96,,,,,,,
2026-03-12,13.09,8.07,24.65,7.08,2.07,18.18,,,,,,,3.0,-2.21,7.13,12.0,8.14,16.02,17.0,12.45,20.96,,,,,,,
2026-03-13,13.12,8.14,24.65,7.12,2.12,18.2,,,,,,,3.0,-2.21,7.13,12.0,8.14,16.02,17.0,12.45,20.96,,,,,,,
2026-03-14,13.17,8.22,24.65,7.16,2.21,18.22,,,,,,,3.0,-2.21,7.13,12.0,8.14,16.02,17.0,12.45,20.96,,,,,,,
2026-03-15,13.21,8.36,24.65,7.2,2.32,18.24,,,,,,,3.0,-2.21,7.13,12.0,8.14,16.02,17.0,12.45,20.96,,,,,,,
2026-03-16,13.27,8.47,27.42,7.25,2.42,20.42,,,,,,,3.0,-3.02,7.38,12.0,8.14,16.02,17.0,12.45,20.96,,,,,,,
2026-03-17,13.32,8.68,27.79,7.3,2.62,20.79,,,,,,,3.0,-2.95,10.24,12.0,8.14,16.02,17.0,12.45,20.96,,,,,,,
2026-03-18,13.39,8.89,27.78,7.36,2.84,20.79,,,,,,,3.0,-2.95,10.24,12.0,8.14,16.02,17.0,12.45,20.96,,,,,,,
2026-03-19,13.46,9.02,27.77,7.43,2.98,20.77,,,,,,,3.01,-2.92,10.25,12.0,8.14,16.02,17.0,12.45,20.96,,,,,,,
2026-03-20,13.53,9.16,27.74,7.5,3.1,20.77,,,,,,,3.01,-2.88,10.26,12.0,8.14,16.02,17.0,12.45,20.96,,,,,,,
2026-03-21,13.61,9.32,27.71,7.58,3.28,20.75,,,,,,,3.02,-2.83,10.27,12.0,8.14,16.02,17.0,12.45,20.96,,,,,,,
2026-03-22,13.7,9.48,27.68,7.66,3.45,20.73,,,,,,,3.04,-2.75,10.29,12.0,8.14,16.02,17.0,12.45,20.96,,,,,,,
2026-03-23,13.79,9.64,27.64,7.74,3.61,20.71,,,,,,,3.06,-2.66,10.31,12.0,8.14,16.02,17.0,12.45,20.96,,,,,,,
2026-03-24,13.88,9.73,27.61,7.83,3.7,20.7,,,,,,,3.08,-2.59,10.33,12.0,8.14,16.02,17.0,12.45,20.96,,,,,,,
2026-03-25,13.98,9.91,27.57,7.93,3.83,20.68,,,,,,,3.11,-2.52,10.41,12.0,8.14,16.02,17.0,12.45,20.96,,,,,,,
2026-03-26,14.08,9.85,27.27,8.03,3.87,20.51,4.0,-1.84,10.09,,,,3.14,-2.49,17.22,12.0,8.14,16.02,17.0,12.45,20.96,,,,,,,
2026-03-27,14.19,9.91,27.17,8.13,3.92,21.48,4.0,-1.53,11.19,,,,3.18,-2.37,18.16,12.0,8.14,16.02,17.0,12.45,20.96,,,,,,,
2026-03-28,14.3,9.92,27.15,8.24,3.92,21.42,4.02,-1.49,11.18,,,,3.23,-2.22,18.17,12.0,8.14,16.02,17.0,12.45,20.96,,,,,,,
2026-03-29,14.41,9.97,27.04,8.36,3.98,21.37,4.06,-1.41,11.17,,,,3.28,-2.07,18.18,12.0,8.14,16.02,17.0,12.45,20.96,,,,,,,
2026-03-30,14.54,10.02,26.87,8.5,4.12,21.33,4.12,-1.28,11.16,,,,3.33,-1.91,18.2,12.0,8.14,16.02,17.0,12.45,20.96,,,,,,,
2026-03-31,14.66,10.17,26.87,8.65,4.24,21.33,4.18,-1.17,11.14,,,,3.4,-1.73,18.23,12.0,8.14,16.02,17.0,12.45,20.96,,,,,,,
2026-04-01,14.8,10.43,26.87,8.82,4.42,21.5,4.26,-1.05,11.13,,,,3.47,-1.59,18.25,12.0,8.14,16.02,17.0,12.45,20.96,,,,,,,
2026-04-02,14.94,10.59,26.86,9.0,4.66,21.71,4.33,-0.83,11.11,,,,3.54,-1.49,18.27,12.0,8.14,16.02,17.0,12.45,20.96,,,,,,,
2026-04-03,15.08,10.69,26.86,9.2,4.94,21.93,4.41,-0.7,11.08,,,,3.63,-1.4,18.27,12.0,8.14,16.02,17.0,12.45,20.96,,,,,,,
2026-04-04,15.23,10.9,26.81,9.42,5.15,22.1,4.48,-0.6,10.95,,,,3.72,-1.34,18.27,12.0,8.14,16.02,17.0,12.45,20.96,,,,,,,
2026-04-05,15.39,11.12,26.74,9.64,5.46,22.07,4.56,-0.6,11.03,,,,3.82,-1.14,18.27,12.0,8.14,16.02,17.0,12.45,20.96,,,,,,,
2026-04-06,15.55,11.21,26.4,9.89,5.81,22.31,4.63,-0.54,11.03,,,,3.92,-0.91,18.27,12.0,8.14,16.02,17.0,12.45,20.96,,,,,,,
2026-04-07,15.71,11.31,26.28,10.14,5.91,22.89,4.7,-0.41,11.01,,,,4.03,-0.67,18.27,12.0,8.14,16.02,17.0,12.45,20.96,,,,,,,
2026-04-08,15.87,11.42,26.33,10.41,6.25,23.3,4.76,-0.27,11.0,,,,4.14,-0.5,18.27,12.0,8.14,16.02,17.0,12.45,20.96,,,,,,,
2026-04-09,16.04,11.53,26.36,10.68,6.49,23.57,4.82,-0.16,10.98,,,,4.26,-0.31,18.27,12.0,8.14,16.02,17.0,12.45,20.96,,,,,,,
2026-04-10,16.2,11.64,26.3,10.96,6.65,23.83,4.88,-0.03,10.96,,,,4.38,-0.2,18.27,12.0,8.14,16.02,17.0,12.45,20.96,,,,,,,
2026-04-11,16.37,11.89,26.22,11.25,6.91,24.08,4.93,0.02,10.95,,,,4.51,-0.11,18.27,12.0,8.14,16.02,17.0,12.45,20.96,,,,,,,
2026-04-12,16.53,12.1,26.24,11.54,6.95,24.26,4.98,0.02,10.94,,,,4.64,-0.02,18.28,12.0,8.14,16.02,17.0,12.45,20.96,,,,,,,
2026-04-13,16.7,12.16,26.38,11.84,6.99,24.31,5.03,0.05,10.93,,,,4.77,0.04,18.3,12.0,8.14,16.02,17.0,12.45,20.96,,,,,,,
2026-04-14,16.86,12.23,26.49,12.14,7.21,24.57,5.07,0.19,10.92,,,,4.91,0.17,18.31,12.0,8.14,16.02,17.0,12.45,20.96,,,,,,,
2026-04-15,17.02,12.29,26.47,12.43,7.38,24.89,5.12,0.25,10.91,,,,5.04,0.26,18.33,12.0,8.14,16.02,17.0,12.45,20.96,,,,,,,
2026-04-16,17.18,12.51,26.4,12.73,7.64,25.17,5.16,0.25,10.9,,,,5.18,0.4,18.35,12.0,8.14,16.02,17.0,12.45,20.96,,,,,,,
2026-04-17,17.33,12.62,26.34,13.03,7.91,25.39,5.19,0.25,10.88,,,,5.32,0.53,18.34,12.0,8.14,16.02,17.0,12.45,20.96,,,,,,,
2026-04-18,17.48,12.72,26.34,13.33,8.18,25.5,5.23,0.25,10.87,,,,5.46,0.62,18.34,12.0,8.14,16.02,17.0,12.45,20.96,,,,,,,
2026-04-19,17.63,12.86,26.51,13.62,8.43,25.58,5.26,0.25,10.87,,,,5.6,0.7,18.33,12.0,8.14,16.02,17.0,12.45,20.96,,,,,,,
2026-04-20,17.78,12.96,26.67,13.91,8.69,25.67,5.29,0.25,10.86,,,,5.74,0.89,18.33,12.0,8.14,16.02,17.0,12.45,20.96,,,,,,,
2026-04-21,17.92,13.07,26.75,14.2,8.9,25.69,5.32,0.25,10.86,,,,5.88,1.07,18.32,12.0,8.14,16.02,17.0,12.45,20.96,,,,,,,
2026-04-22,18.06,13.17,26.72,14.48,9.07,25.72,5.35,0.25,10.85,,,,6.02,1.18,18.32,12.0,8.14,16.02,17.0,12.45,20.96,,,,,,,
2026-04-23,18.2,13.28,26.64,14.76,9.26,25.74,5.38,0.25,10.84,,,,6.16,1.29,18.32,12.0,8.14,16.02,17.0,12.45,20.96,,,,,,,
2026-04-24,18.33,13.36,26.56,15.03,9.45,25.81,5.4,0.25,10.84,,,,6.3,1.39,18.31,12.0,8.14,16.02,17.0,12.45,20.96,,,,,,,
2026-04-25,18.46,13.49,26.48,15.3,9.56,26.04,5.43,0.24,10.83,,,,6.44,1.5,18.31,12.0,8.14,16.02,17.0,12.45,20.96,,,,,,,
2026-04-26,18.58,13.54,26.4,15.56,9.64,26.14,5.45,0.24,10.82,,,,6.57,1.58,18.31,12.0,8.14,16.02,17.0,12.45,20.96,,,,,,,
2026-04-27,18.7,13.57,26.33,15.81,9.85,26.21,5.47,0.24,10.82,,,,6.71,1.61,18.31,12.0,8.14,16.02,17.0,12.45,20.96,,,,,,,
2026-04-28,18.82,13.65,26.26,16.06,10.06,26.29,5.49,0.24,10.81,,,,6.84,1.64,18.3,12.0,8.14,16.02,17.0,12.45,20.96,,,,,,,
2026-04-29,18.93,13.73,26.24,16.3,10.13,26.42,5.51,0.24,10.8,,,,6.97,1.68,18.3,12.0,8.14,16.02,17.0,12.45,20.96,,,,,,,
2026-04-30,19.04,13.79,26.25,16.54,10.19,26.54,5.53,0.24,10.8,,,,7.1,1.78,18.3,12.0,8.14,16.02,17.0,12.45,20.96,,,,,,,
2026-05-01,19.14,13.84,26.27,16.77,10.25,26.65,5.55,0.24,10.79,,,,7.23,1.88,18.3,12.0,8.14,16.02,17.0,12.45,20.96,,,,,,,
2026-05-02,19.24,13.92,26.28,17.0,10.31,26.76,5.57,0.24,10.79,,,,7.35,1.96,18.29,12.0,8.14,16.02,17.0,12.45,20.96,,,,,,,
2026-05-03,19.34,14.06,26.29,17.21,10.38,26.94,5.58,0.24,10.78,,,,7.48,1.99,18.29,12.0,8.14,16.02,17.0,12.45,20.96,,,,,,,
2026-05-04,19.44,14.14,26.3,17.43,10.58,27.22,5.6,0.24,10.78,,,,7.6,2.07,18.29,12.0,8.14,16.02,17.0,12.45,20.96,,,,,,,
2026-05-05,19.53,14.21,26.3,17.63,10.8,27.5,5.61,0.24,10.78,,,,7.71,2.16,18.29,12.0,8.14,16.02,17.0,12.45,20.96,,,,,,,
2026-05-06,19.61,14.28,26.31,17.83,11.02,27.76,5.63,0.24,10.77,,,,7.83,2.2,18.29,12.0,8.14,16.02,17.0,12.45,20.96,,,,,,,
2026-05-07,19.7,14.35,26.32,18.03,11.24,27.93,5.64,0.24,10.77,,,,7.94,2.2,18.29,12.0,8.14,16.02,17.0,12.45,20.96,,,,,,,
2026-05-08,19.78,14.42,26.34,18.21,11.45,28.14,5.66,0.24,10.77,,,,8.05,2.2,18.29,12.0,8.14,16.02,17.0,12.45,20.96,,,,,,,
2026-05-09,19.86,14.48,26.34,18.4,11.66,28.23,5.67,0.24,10.77,,,,8.16,2.2,18.28,12.0,8.14,16.02,17.0,12.45,20.96,,,,,,,
2026-05-10,19.94,14.49,26.34,18.57,11.87,28.29,5.68,0.24,10.77,,,,8.27,2.23,18.28,12.0,8.14,16.02,17.0,12.45,20.96,,,,,,,
2026-05-11,20.01,14.54,26.36,18.75,12.01,28.36,5.69,0.24,10.76,,,,8.37,2.25,18.28,12.0,8.14,16.02,17.0,12.45,20.96,,,,,,,
2026-05-12,20.08,14.6,26.37,18.91,12.1,28.42,5.71,0.24,10.76,,,,8.47,2.25,18.28,12.0,8.14,16.02,17.0,12.45,20.96,,,,,,,
2026-05-13,20.15,14.66,26.37,19.07,12.2,28.48,5.72,0.24,10.76,,,,8.57,2.25,18.28,12.0,8.14,16.02,17.0,12.45,20.96,,,,,,,
2026-05-14,20.21,14.72,26.38,19.23,12.3,28.53,5.73,0.02,11.78,,,,8.66,2.24,18.36,12.0,8.14,16.02,17.0,12.31,21.98,,,,,,,
2026-05-15,20.27,14.78,26.38,19.38,12.39,28.58,5.74,0.09,11.69,,,,8.76,2.24,18.36,12.0,8.14,16.02,17.0,12.31,23.24,,,,,,,
2026-05-16,20.33,14.83,26.38,19.52,12.48,28.64,5.75,0.09,11.69,,,,8.85,2.24,18.36,12.0,8.14,16.02,17.0,12.31,23.24,,,,,,,
2026-05-17,20.39,14.88,26.38,19.66,12.57,28.68,5.76,0.09,11.68,,,,8.93,2.24,18.35,12.0,8.14,16.02,17.0,12.32,23.24,,,,,,,
2026-05-18,20.44,14.92,26.38,19.8,12.66,28.72,5.77,0.09,11.68,,,,9.02,2.24,18.35,12.0,8.14,16.02,17.0,12.32,23.24,,,,,,,
2026-05-19,20.5,14.94,26.38,19.93,12.74,28.76,5.78,0.09,11.67,,,,9.1,2.25,18.35,12.0,8.14,16.02,17.0,12.32,23.24,,,,,,,
2026-05-20,20.54,14.96,26.38,20.06,12.82,28.8,5.79,0.09,11.66,,,,9.18,2.26,18.35,12.0,8.14,16.02,17.01,12.33,23.23,,,,,,,
2026-05-21,20.59,14.99,26.38,20.18,12.9,28.83,5.79,0.09,11.65,,,,9.25,2.26,18.35,12.0,8.14,16.02,17.01,12.33,23.23,,,,,,,
2026-05-22,20.63,15.04,26.38,20.3,12.99,28.86,5.8,0.1,11.63,,,,9.33,2.26,18.35,12.0,8.14,16.02,17.01,12.33,23.23,,,,,,,
2026-05-23,20.67,15.09,26.37,20.41,13.06,28.89,5.81,0.1,11.61,,,,9.4,2.27,18.35,12.0,8.14,16.02,17.02,12.34,23.22,,,,,,,
2026-05-24,20.71,15.13,26.37,20.53,13.16,28.91,5.82,0.11,11.58,,,,9.46,2.27,18.35,12.0,8.14,16.02,17.02,12.36,23.22,,,,,,,
2026-05-25,20.74,15.16,26.43,20.63,13.27,28.94,5.83,0.11,11.56,,,,9.53,2.28,18.35,12.0,8.14,16.02,17.03,12.38,23.21,,,,,,,
2026-05-26,20.77,15.19,26.48,20.73,13.37,28.95,5.83,0.12,11.53,,,,9.59,2.28,18.35,12.0,8.14,16.02,17.04,12.41,23.2,,,,,,,
2026-05-27,20.8,15.22,26.52,20.83,13.48,28.97,5.84,0.13,11.5,,,,9.65,2.29,18.35,12.0,8.14,16.02,17.05,12.44,23.19,,,,,,,
2026-05-28,20.82,15.24,26.57,20.93,13.58,28.99,5.85,0.13,11.4,,,,9.7,2.29,18.35,12.0,8.14,16.02,17.06,12.5,23.18,13.0,7.0,,,3.0,12.0,17.0
2026-05-29,20.85,15.27,26.61,21.02,13.68,29.0,5.86,0.14,11.25,,,,9.75,2.29,18.35,,,,17.07,12.57,23.17,,,,,,,
2026-05-30,20.87,15.3,26.64,21.11,13.78,29.01,5.86,0.15,11.17,,,,9.8,2.28,18.35,,,,17.08,12.61,23.16,,,,,,,
2026-05-31,20.88,15.32,26.6,21.19,13.82,29.01,5.87,0.17,11.14,,,,9.85,2.28,18.35,,,,17.1,12.64,23.15,,,,,,,
2026-06-01,20.9,15.32,26.58,21.28,13.85,29.02,5.88,0.18,11.12,,,,9.89,2.28,18.35,,,,17.11,12.68,23.14,,,,,,,
2026-06-02,20.91,15.34,26.54,21.35,13.87,29.04,5.88,0.19,11.09,,,,9.93,2.28,18.35,,,,17.13,12.72,23.12,,,,,,,
2026-06-03,20.92,15.35,26.5,21.43,13.89,29.05,5.89,0.28,11.06,,,,9.97,2.28,18.34,,,,17.14,12.77,23.1,,,,,,,
2026-06-04,20.93,15.34,26.47,21.5,13.92,29.07,5.89,0.37,11.03,,,,10.0,2.28,18.3,,,,17.16,12.81,23.09,,,,,,,
2026-06-05,20.93,15.33,26.43,21.57,13.93,29.09,5.9,0.46,11.01,,,,10.03,2.28,18.22,,,,17.18,12.84,23.07,,,,,,,
2026-06-06,20.94,15.32,26.39,21.64,13.95,29.11,5.9,0.55,10.98,,,,10.06,2.28,18.13,,,,17.2,12.87,23.03,,,,,,,
2026-06-07,20.94,15.31,26.41,21.71,13.98,29.13,5.91,0.65,10.95,,,,10.09,2.28,18.04,,,,17.22,12.91,22.93,,,,,,,
2026-06-08,20.94,15.29,26.43,21.77,14.03,29.14,5.91,0.74,10.91,,,,10.12,2.33,17.95,,,,17.24,12.93,22.83,,,,,,,
2026-06-09,20.94,15.28,26.45,21.83,14.08,29.16,5.92,0.82,10.87,,,,10.14,2.41,17.89,,,,17.26,12.95,22.73,,,,,,,
2026-06-10,20.94,15.29,26.46,21.89,14.12,29.17,5.92,0.89,10.83,,,,10.16,2.48,17.89,,,,17.28,12.96,22.66,,,,,,,
2026-06-11,20.93,15.3,26.47,21.95,14.17,29.19,5.93,0.96,10.79,,,,10.18,2.55,17.9,,,,17.31,12.96,22.59,,,,,,,
2026-06-12,20.93,15.32,26.49,22.0,14.21,29.19,5.93,0.98,10.79,,,,10.2,2.55,17.9,,,,17.33,12.96,22.53,,,,,,,
2026-06-13,20.92,15.33,26.51,22.05,14.26,29.22,5.94,1.02,10.78,,,,10.22,2.55,17.9,,,,17.35,13.0,22.48,,,,,,,
2026-06-14,20.92,15.34,26.52,22.11,14.31,29.26,5.94,1.05,10.76,,,,10.24,2.57,17.91,,,,17.38,13.09,22.47,,,,,,,
2026-06-15,20.91,15.36,26.53,22.16,14.36,29.29,5.94,1.07,10.74,,,,10.25,2.59,17.91,,,,17.4,13.14,22.47,,,,,,,
2026-06-16,20.9,15.37,26.45,22.21,14.39,29.32,5.95,1.1,10.72,,,,10.27,2.6,17.89,,,,17.43,13.14,22.47,,,,,,,
2026-06-17,20.89,15.39,26.44,22.25,14.44,29.35,5.95,1.13,10.69,,,,10.28,2.62,17.81,,,,17.45,13.14,22.47,,,,,,,
2026-06-18,20.88,15.4,26.45,22.3,14.49,29.38,5.95,1.16,10.62,,,,10.29,2.65,17.84,,,,17.48,13.14,22.47,,,,,,,
2026-06-19,20.87,15.4,26.46,22.35,14.53,29.41,5.96,1.19,10.59,,,,10.3,2.67,17.87,,,,17.5,13.14,22.51,,,,,,,
2026-06-20,20.86,15.42,26.46,22.39,14.58,29.43,5.96,1.22,10.57,,,,10.31,2.69,17.9,,,,17.53,13.14,22.58,,,,,,,
2026-06-21,20.85,15.43,26.47,22.43,14.63,29.46,5.96,1.24,10.55,,,,10.32,2.71,17.88,,,,17.56,13.14,22.65,,,,,,,
2026-06-22,20.84,15.43,26.47,22.48,14.66,29.48,5.97,1.26,10.54,,,,10.33,2.73,17.89,,,,17.58,13.14,22.72,,,,,,,
2026-06-23,20.83,15.4,26.44,22.52,14.71,29.48,5.97,1.28,10.54,,,,10.34,2.76,17.79,,,,17.61,13.14,22.79,,,,,,,
2026-06-24,20.81,15.36,26.42,22.56,14.76,29.46,5.97,1.31,10.54,,,,10.35,2.77,17.7,,,,17.64,13.14,22.86,,,,,,,
2026-06-25,20.8,15.33,26.4,22.6,14.8,29.44,5.97,1.32,10.53,,,,10.36,2.79,17.59,,,,17.66,13.14,22.89,,,,,,,
2026-06-26,20.79,15.3,26.39,22.64,14.85,29.42,5.98,1.33,10.52,,,,10.37,2.82,17.5,,,,17.69,13.14,22.9,,,,,,,
2026-06-27,20.78,15.27,26.4,22.68,14.86,29.4,5.98,1.34,10.5,,,,10.38,2.85,17.45,,,,17.71,13.14,22.9,,,,,,,
2026-06-28,20.77,15.25,26.4,22.73,14.88,29.38,5.98,1.34,10.45,,,,10.39,2.87,17.43,,,,17.74,13.14,22.91,,,,,,,
2026-06-29,20.76,15.2,26.41,22.77,14.9,29.36,5.98,1.34,10.43,,,,10.39,2.9,17.4,,,,17.77,13.14,22.91,,,,,,,
2026-06-30,20.75,15.15,26.4,22.81,14.92,29.34,5.98,1.32,10.41,,,,10.4,2.93,17.37,,,,17.79,13.14,22.92,,,,,,,
2026-07-01,20.74,15.1,26.41,22.85,14.96,29.32,5.99,1.31,10.39,,,,10.41,2.96,17.34,,,,17.82,13.14,22.96,,,,,,,
2026-07-02,20.72,15.05,26.41,22.89,14.98,29.3,5.99,1.3,10.37,,,,10.42,2.99,17.31,,,,17.85,13.14,22.99,,,,,,,
2026-07-03,20.72,15.0,26.42,22.93,15.0,29.28,5.99,1.29,10.35,,,,10.43,3.01,17.28,,,,17.87,13.14,22.96,29.0,22.0,,,,,
2026-07-04,20.71,14.95,26.41,22.97,15.03,29.26,5.99,1.3,10.34,,,,10.44,3.04,17.26,,,,17.9,13.14,22.93,,,,,,,
2026-07-05,20.7,14.9,26.39,23.01,15.06,29.25,5.99,1.32,10.32,,,,10.46,3.07,17.23,,,,17.93,13.14,22.91,,,,,,,
2026-07-06,20.69,14.86,26.39,23.05,15.09,29.25,5.99,1.32,10.3,,,,10.47,3.11,17.21,,,,17.95,13.14,22.9,,,,,,,
2026-07-07,20.68,14.82,26.41,23.1,15.12,29.25,5.99,1.31,10.28,,,,10.48,3.13,17.2,,,,17.98,13.14,22.91,,,,,,,
2026-07-08,20.68,14.77,26.44,23.14,15.16,29.24,5.99,1.31,10.27,,,,10.5,3.17,17.19,,,,18.01,13.19,22.93,,,,,,,
2026-07-09,20.67,14.73,26.46,23.18,15.19,29.24,6.0,1.3,10.25,,,,10.51,3.2,17.19,,,,18.03,13.23,22.99,,,,,,,
2026-07-10,20.67,14.71,26.49,23.23,15.23,29.24,6.0,1.3,10.23,,,,10.53,3.26,17.19,,,,18.06,13.28,23.06,,,,,,,
2026-07-11,20.66,14.69,26.51,23.27,15.27,29.27,6.0,1.29,10.22,,,,10.54,3.31,17.18,,,,18.09,13.32,23.14,,,,,,,
2026-07-12,20.66,14.67,26.53,23.32,15.33,29.29,6.0,1.28,10.21,,,,10.56,3.37,17.18,,,,18.11,13.33,23.16,,,,,,,
2026-07-13,20.66,14.68,26.55,23.37,15.41,29.32,6.0,1.27,10.19,,,,10.58,3.43,17.18,,,,18.14,13.38,23.23,,,,,,,
2026-07-14,20.66,14.7,26.56,23.42,15.48,29.34,6.0,1.27,10.18,5.5,0.43,9.8,10.6,3.48,17.18,,,,18.17,13.4,23.3,22.0,17.0,4.0,5.0,18.0,,
2026-07-15,20.65,14.72,26.52,23.47,15.56,29.37,6.0,1.28,10.15,5.5,0.43,9.8,10.63,3.53,17.17,,,,18.19,13.43,23.31,,,,,,,
2026-07-16,20.65,14.73,26.49,23.52,15.65,29.4,6.0,1.3,10.14,5.5,0.43,9.8,10.65,3.59,17.16,,,,18.22,13.45,23.3,,,,,,,
2026-07-17,20.66,14.75,26.45,23.57,15.73,29.43,6.0,1.3,10.14,5.5,0.43,9.8,10.68,3.63,17.13,,,,18.25,13.48,23.25,,,,,,,
2026-07-18,20.66,14.77,26.44,23.62,15.82,29.45,6.0,1.31,10.13,5.5,0.43,9.8,10.7,3.65,17.12,,,,18.28,13.5,23.2,,,,,,,
2026-07-19,20.66,14.8,26.46,23.68,15.9,29.49,6.0,1.3,10.13,5.5,0.43,9.8,10.73,3.68,17.09,,,,18.31,13.53,23.21,,,,,,,
2026-07-20,20.67,14.8,26.47,23.73,15.98,29.52,6.0,1.31,10.13,5.5,0.43,9.8,10.76,3.71,17.06,,,,18.33,13.56,23.2,,,,,,,
2026-07-21,20.67,14.76,26.49,23.79,16.08,29.55,6.0,1.33,10.12,5.5,0.43,9.8,10.79,3.74,17.04,,,,18.36,13.58,23.21,,,,,,,
2026-07-22,20.68,14.73,26.5,23.85,16.17,29.58,6.0,1.35,10.12,5.5,0.43,9.8,10.82,3.77,17.03,,,,18.39,13.61,23.21,,,,,,,
2026-07-23,20.68,14.7,26.51,23.91,16.26,29.62,6.0,1.36,10.12,5.5,0.43,9.8,10.86,3.79,17.01,,,,18.42,13.63,23.23,,,,,,,
2026-07-24,20.69,14.67,26.52,23.98,16.36,29.65,6.0,1.37,10.13,5.5,0.43,9.8,10.89,3.79,17.03,,,,18.45,13.66,23.26,24.3,35.0,8.0,6.0,19.0,,
2026-07-25,20.7,14.65,26.54,24.04,16.45,29.69,6.0,1.39,10.14,,,,10.93,3.79,17.04,,,,18.48,13.69,23.29,,,,,,,
2026-07-26,20.71,14.62,26.56,24.11,16.49,29.73,6.0,1.4,10.16,,,,10.97,3.78,17.05,,,,18.51,13.69,23.3,,,,,,,
2026-07-27,20.72,14.6,26.57,24.18,16.54,29.77,6.0,1.41,10.17,,,,11.01,3.78,17.07,,,,18.54,13.72,23.3,,,,,,,
2026-07-28,20.73,14.58,26.58,24.25,16.59,29.81,6.0,1.42,10.18,,,,11.06,3.81,17.08,,,,18.57,13.74,23.31,,,,,,,
2026-07-29,20.74,14.56,26.57,24.33,16.66,29.85,6.0,1.42,10.2,,,,11.1,3.84,17.1,,,,18.61,13.77,23.32,,,,,,,
2026-07-30,20.76,14.54,26.56,24.4,16.78,29.9,6.0,1.43,10.21,,,,11.14,3.87,17.12,,,,18.64,13.79,23.33,,,,,,,
2026-07-31,20.77,14.52,26.56,24.48,16.91,29.94,6.01,1.43,10.23,,,,11.19,3.87,17.13,,,,18.67,13.82,23.34,,,,,,,
2026-08-01,20.79,14.5,26.56,24.55,17.04,29.99,6.01,1.44,10.24,,,,11.24,3.86,17.15,,,,18.71,13.85,23.35,,,,,,,
2026-08-02,20.8,14.48,26.57,24.63,17.17,30.03,6.01,1.44,10.25,,,,11.29,3.86,17.16,,,,18.74,13.87,23.36,,,,,,,
2026-08-03,20.82,14.46,26.59,24.72,17.32,30.03,6.01,1.45,10.27,,,,11.34,3.93,17.18,,,,18.78,13.9,23.37,,,,,,,
2026-08-04,20.84,14.44,26.62,24.8,17.47,30.03,6.01,1.45,10.27,,,,11.39,4.01,17.2,,,,18.81,13.93,23.38,,,,,,,
2026-08-05,20.85,14.44,26.65,24.88,17.62,30.03,6.01,1.46,10.27,,,,11.45,4.09,17.19,,,,18.85,13.95,23.39,,,,,,,
2026-08-06,20.87,14.48,26.68,24.97,17.77,30.05,6.01,1.47,10.28,,,,11.5,4.18,17.2,,,,18.89,13.98,23.39,,,,,,,
2026-08-07,20.89,14.47,26.71,25.06,17.93,30.1,6.01,1.47,10.29,,,,11.56,4.23,17.2,,,,18.93,14.01,23.39,,,,,,,
2026-08-08,20.91,14.46,26.74,25.15,18.09,30.15,6.01,1.47,10.29,,,,11.62,4.27,17.23,,,,18.97,14.04,23.43,,,,,,,
2026-08-09,20.93,14.44,26.77,25.24,18.17,30.21,6.02,1.48,10.3,,,,11.68,4.32,17.3,,,,19.01,14.06,23.48,,,,,,,
2026-08-10,20.95,14.42,26.82,25.33,18.32,30.26,6.02,1.48,10.31,,,,11.74,4.38,17.38,,,,19.05,14.09,23.53,,,,,,,
2026-08-11,20.96,14.42,26.84,25.42,18.43,30.31,6.02,1.49,10.31,,,,11.8,4.44,17.46,,,,19.09,14.12,23.57,,,,,,,
2026-08-12,20.98,14.42,26.87,25.52,18.55,30.37,6.02,1.49,10.32,,,,11.86,4.46,17.53,,,,19.14,14.15,23.62,,,,,,,
2026-08-13,21.0,14.42,26.9,25.61,18.67,30.45,6.02,1.49,10.31,,,,11.92,4.42,17.62,,,,19.18,14.18,23.66,,,,,,,
2026-08-14,21.02,14.42,26.93,25.71,18.81,30.48,6.02,1.5,10.3,,,,11.98,4.38,17.7,,,,19.23,14.21,23.7,,,,,,,
2026-08-15,21.04,14.42,26.96,25.8,18.95,30.54,6.03,1.5,10.29,,,,12.05,4.35,17.78,,,,19.28,14.24,23.74,,,,,,,
2026-08-16,21.06,14.42,26.99,25.9,19.09,30.61,6.03,1.5,10.28,,,,12.11,4.31,17.87,,,,19.33,14.27,23.78,,,,,,,
2026-08-17,21.08,14.42,27.0,26.0,19.23,30.75,6.03,1.5,10.27,,,,12.17,4.27,17.95,,,,19.38,14.3,23.82,,,,,,,
2026-08-18,21.1,14.42,26.98,26.1,19.38,30.89,6.03,1.5,10.26,,,,12.24,4.23,18.02,,,,19.43,14.33,23.86,,,,,,,
2026-08-19,21.12,14.42,26.98,26.2,19.53,31.01,6.03,1.5,10.25,,,,12.3,4.19,18.1,,,,19.48,14.37,23.9,,,,,,,
2026-08-20,21.13,14.42,27.02,26.3,19.64,31.1,6.04,1.5,10.24,,,,12.37,4.19,18.2,,,,19.54,14.39,23.95,,,,,,,
2026-08-21,21.15,14.41,27.12,26.4,19.72,31.23,6.04,1.5,10.24,,,,12.43,4.23,18.33,,,,19.59,14.39,23.99,,,,,,,
2026-08-22,21.16,14.41,27.18,26.5,19.84,31.36,6.04,1.5,10.23,,,,12.49,4.28,18.4,,,,19.65,14.39,24.03,,,,,,,
2026-08-23,21.18,14.41,27.22,26.6,19.96,31.36,6.04,1.5,10.23,,,,12.56,4.32,18.42,,,,19.7,14.39,24.07,,,,,,,
2026-08-24,21.19,14.41,27.25,26.7,20.1,31.39,6.05,1.5,10.22,,,,12.62,4.38,18.51,,,,19.76,14.39,24.11,,,,,,,
2026-08-25,21.21,14.41,27.28,26.8,20.24,31.46,6.05,1.5,10.22,,,,12.68,4.45,18.6,,,,19.82,14.38,24.16,,,,,,,
2026-08-26,21.22,14.4,27.31,26.9,20.36,31.53,6.05,1.5,10.22,,,,12.74,4.5,18.69,,,,19.88,14.38,24.24,,,,,,,
2026-08-27,21.23,14.4,27.34,26.99,20.5,31.61,6.05,1.5,10.23,,,,12.79,4.51,18.78,,,,19.94,14.37,24.41,,,,,,,
2026-08-28,21.23,14.37,27.39,27.09,20.64,31.68,6.06,1.5,10.25,,,,12.85,4.52,18.94,,,,20.0,14.36,24.52,,,,,,,
2026-08-29,21.24,14.38,27.44,27.19,20.77,31.75,6.06,1.5,10.27,,,,12.9,4.53,19.14,,,,20.06,14.35,24.62,,,,,,,
2026-08-30,21.24,14.33,27.43,27.28,20.9,31.84,6.06,1.5,10.29,,,,12.95,4.58,19.34,,,,20.12,14.35,24.68,,,,,,,
2026-08-31,21.25,14.26,27.46,27.38,21.02,31.92,6.06,1.5,10.32,,,,13.0,4.66,19.42,,,,20.18,14.34,24.75,,,,,,,
2026-09-01,21.25,14.22,27.49,27.47,21.12,32.01,6.07,1.5,10.35,,,,13.05,4.74,19.46,,,,20.24,14.33,24.82,,,,,,,
2026-09-02,21.24,14.18,27.51,27.56,21.21,32.09,6.07,1.5,10.37,,,,13.09,4.83,19.6,,,,20.3,14.33,24.88,,,,,,,
2026-09-03,21.24,14.14,27.63,27.64,21.3,32.18,6.07,1.5,10.37,,,,13.13,4.91,19.8,,,,20.36,14.32,24.95,,,,,,,
2026-09-04,21.23,14.11,27.75,27.73,21.39,32.26,6.08,1.5,10.37,,,,13.16,4.99,20.01,,,,20.42,14.31,25.03,,,,,,,
2026-09-05,21.22,14.09,27.71,27.81,21.48,32.32,6.08,1.5,10.38,,,,13.19,5.07,20.38,,,,20.48,14.31,25.11,,,,,,,
2026-09-06,21.21,14.05,27.66,27.89,21.58,32.4,6.08,1.5,10.4,,,,13.22,5.14,20.62,,,,20.53,14.3,25.18,,,,,,,
2026-09-07,21.19,13.99,27.65,27.97,21.66,32.48,6.09,1.5,10.4,,,,13.24,5.22,20.79,,,,20.59,14.3,25.24,,,,,,,
2026-09-08,21.17,13.92,27.72,28.04,21.67,32.55,6.09,1.5,10.4,,,,13.25,5.3,20.95,,,,20.64,14.29,25.31,,,,,,,
2026-09-09,21.15,13.86,27.87,28.11,21.72,32.59,6.09,1.5,10.39,,,,13.26,5.37,21.0,,,,20.69,14.28,25.38,,,,,,,
2026-09-10,21.12,13.81,28.0,28.18,21.85,32.68,6.1,1.5,10.39,,,,13.27,5.34,21.06,,,,20.73,14.28,25.51,,,,,,,
2026-09-11,21.09,13.76,28.02,28.24,21.98,32.74,6.1,1.5,10.39,,,,13.26,5.31,21.29,,,,20.77,14.26,25.66,9.0,24.0,6.0,,6.0,,21.0